match_id,date,season,team1,team2,venue,winner_label,overall_win_rate_diff,win_rate_last_5_diff,win_rate_finals_diff,win_rate_venue_diff,head_to_head_win_rate,win_rate_chasing_diff,win_rate_bat_first_diff,toss_win_match_win_corr,bat_first_win_rate_venue,team1_toss_advantage,avg_1st_inn_score_venue,dew_factor_impact,pitch_type_encoded,boundary_size_factor,nrr_diff,cap_form_diff,team_exp_diff,playoff_stage_path_diff,pp_bat_avg_diff,mid_bat_avg_diff,death_bat_avg_diff,dot_ball_bat_diff,pp_bowl_wkts_diff,death_bowl_wkts_diff,bowl_economy_diff,weather_temperature_c,weather_humidity_pct,weather_dew_point_c,weather_rain_probability_pct,weather_dew_index,weather_heat_index,team1_left_hand_batters,team2_left_hand_batters,left_hand_batter_diff,right_hand_batter_diff,left_arm_bowler_diff,right_arm_bowler_diff,batting_hand_balance_diff
335982,2008-04-18,2007/08,RCB,KKR,M Chinnaswamy Stadium,0,0.0,0.0,0.0,0.0,0.5,0.0,0.0,0.55,0.45,0.050000000000000044,170.0,0.5,0.5,1.0,0.93,0.09999999999999998,3,0.5,4.100000000000001,0.5,0.7999999999999972,1.2000000000000028,0.19999999999999996,0.19999999999999996,-0.4299999999999997,30.0,55.0,18.0,10.0,0.35750000000000004,0.5,0.0,0.0,0.0,1.0,0.0,0.0,-1.0
335983,2008-04-19,2007/08,PBKS,CSK,"Punjab Cricket Association Stadium, Mohali",0,0.0,0.0,0.0,0.0,0.5,0.0,0.0,0.55,0.45,0.04999999999999999,170.0,0.5,0.5,1.0,0.6539999999999999,0.0,0,0.0,0.0,0.0,0.0,0.0,0.0,0.0,0.0,30.0,55.0,18.0,10.0,0.35750000000000004,0.5,0.0,0.0,0.0,0.0,0.0,0.0,0.0
335984,2008-04-19,2007/08,DC,RR,Feroz Shah Kotla,1,0.0,0.0,0.0,0.0,0.5,0.0,0.0,0.55,0.45,0.04999999999999999,170.0,0.5,0.5,1.0,-0.8400000000000001,0.09999999999999998,-2,0.0,-3.0,-4.200000000000003,-8.899999999999999,0.8999999999999986,-0.40000000000000013,-0.09999999999999987,-0.2699999999999996,30.0,55.0,18.0,10.0,0.35750000000000004,0.5,0.0,1.0,-1.0,-2.0,0.0,-1.0,1.0
335985,2008-04-20,2007/08,MI,RCB,Wankhede Stadium,0,0.5,0.5,0.0,0.5,0.5,0.5,0.0,0.55,0.45,-0.04999999999999999,170.0,0.5,0.5,1.0,-1.367,-0.09999999999999998,-3,-0.5,-4.100000000000001,-0.5,-0.7999999999999972,-1.2000000000000028,-0.19999999999999996,-0.19999999999999996,0.4299999999999997,30.0,55.0,18.0,10.0,0.35750000000000004,0.5,0.0,0.0,0.0,-1.0,0.0,0.0,1.0
335986,2008-04-20,2007/08,KKR,DEC,Eden Gardens,1,0.5,0.5,0.0,0.5,0.5,0.0,0.5,0.55,0.45,0.04999999999999999,170.0,0.5,0.5,1.0,-0.147,0.0,0,0.0,0.0,0.0,0.0,0.0,0.0,0.0,0.0,30.0,55.0,18.0,10.0,0.35750000000000004,0.5,0.0,0.0,0.0,0.0,0.0,0.0,0.0
335987,2008-04-21,2007/08,RR,PBKS,Sawai Mansingh Stadium,1,0.0,0.0,0.0,0.0,0.5,0.5,-0.5,0.55,0.45,0.04999999999999999,170.0,0.5,0.5,1.0,-0.12,-0.09999999999999998,2,0.0,3.0,4.200000000000003,8.899999999999999,-0.8999999999999986,0.40000000000000013,0.09999999999999987,0.2699999999999996,30.0,55.0,18.0,10.0,0.35750000000000004,0.5,1.0,0.0,1.0,2.0,0.0,1.0,-1.0
335988,2008-04-22,2007/08,DEC,DC,"Rajiv Gandhi International Stadium, Uppal",0,-1.0,-1.0,0.0,-1.0,0.5,-0.5,-0.5,0.55,0.45,-0.04999999999999999,170.0,0.5,0.5,1.0,0.651,0.0,0,0.0,0.0,0.0,0.0,0.0,0.0,0.0,0.0,30.0,55.0,18.0,10.0,0.35750000000000004,0.5,0.0,0.0,0.0,0.0,0.0,0.0,0.0
335989,2008-04-23,2007/08,CSK,MI,"MA Chidambaram Stadium, Chepauk",1,1.0,1.0,0.0,1.0,0.5,0.0,1.0,0.55,0.45,-0.050000000000000044,170.0,0.5,0.5,1.0,0.239,0.0,0,0.0,0.0,0.0,0.0,0.0,0.0,0.0,0.0,30.0,55.0,18.0,10.0,0.35750000000000004,0.5,0.0,0.0,0.0,0.0,0.0,0.0,0.0
335990,2008-04-24,2007/08,DEC,RR,"Rajiv Gandhi International Stadium, Uppal",0,-0.5,-0.5,0.0,-0.5,0.5,-0.5,0.0,0.55,0.45,-0.050000000000000044,170.0,0.5,0.5,1.0,-0.189,0.09999999999999998,-2,0.0,-3.0,-4.200000000000003,-8.899999999999999,0.8999999999999986,-0.40000000000000013,-0.09999999999999987,-0.2699999999999996,30.0,55.0,18.0,10.0,0.35750000000000004,0.5,0.0,1.0,-1.0,-2.0,0.0,-1.0,1.0
335991,2008-04-25,2007/08,PBKS,MI,"Punjab Cricket Association Stadium, Mohali",1,0.0,0.0,0.0,0.0,0.5,0.0,0.0,0.55,0.45,-0.050000000000000044,170.0,0.5,0.5,1.0,0.893,0.0,0,0.0,0.0,0.0,0.0,0.0,0.0,0.0,0.0,30.0,55.0,18.0,10.0,0.35750000000000004,0.5,0.0,0.0,0.0,0.0,0.0,0.0,0.0
335992,2008-04-26,2007/08,RCB,RR,M Chinnaswamy Stadium,0,-0.16666666666666663,-0.16666666666666663,0.0,-0.6666666666666666,0.5,-0.5,0.5,0.55,0.45,-0.050000000000000044,170.0,0.5,0.5,1.0,0.5940000000000001,0.19999999999999996,1,0.5,1.1000000000000014,-3.700000000000003,-8.100000000000001,2.1000000000000014,-0.20000000000000018,0.10000000000000009,-0.6999999999999993,30.0,55.0,18.0,10.0,0.35750000000000004,0.5,0.0,1.0,-1.0,-1.0,0.0,-1.0,0.0
335993,2008-04-26,2007/08,CSK,KKR,"MA Chidambaram Stadium, Chepauk",1,0.0,0.0,0.0,0.0,0.5,-0.5,0.0,0.55,0.45,0.04999999999999999,170.0,0.5,0.5,1.0,-0.19799999999999998,0.0,0,0.0,0.0,0.0,0.0,0.0,0.0,0.0,0.0,30.0,55.0,18.0,10.0,0.35750000000000004,0.5,0.0,0.0,0.0,0.0,0.0,0.0,0.0
335994,2008-04-27,2007/08,MI,DEC,Dr DY Patil Sports Academy,0,0.0,0.0,0.0,0.0,0.5,-0.5,0.0,0.55,0.45,-0.050000000000000044,170.0,0.5,0.5,1.0,-0.584,0.0,0,0.0,0.0,0.0,0.0,0.0,0.0,0.0,0.0,30.0,55.0,18.0,10.0,0.35750000000000004,0.5,0.0,0.0,0.0,0.0,0.0,0.0,0.0
335995,2008-04-27,2007/08,PBKS,DC,"Punjab Cricket Association Stadium, Mohali",1,-0.6666666666666667,-0.6666666666666667,0.0,-0.5,0.5,-1.0,0.0,0.55,0.45,0.04999999999999999,170.0,0.5,0.5,1.0,0.96,0.0,0,0.0,0.0,0.0,0.0,0.0,0.0,0.0,0.0,30.0,55.0,18.0,10.0,0.35750000000000004,0.5,0.0,0.0,0.0,0.0,0.0,0.0,0.0
335996,2008-04-28,2007/08,RCB,CSK,M Chinnaswamy Stadium,0,-0.6666666666666667,-0.6666666666666667,0.0,-1.0,0.5,-0.5,-1.0,0.55,0.45,0.04999999999999999,170.0,0.5,0.5,1.0,1.1280000000000001,0.09999999999999998,3,0.5,4.100000000000001,0.5,0.7999999999999972,1.2000000000000028,0.19999999999999996,0.19999999999999996,-0.4299999999999997,30.0,55.0,18.0,10.0,0.35750000000000004,0.5,0.0,0.0,0.0,1.0,0.0,0.0,-1.0
335997,2008-04-29,2007/08,KKR,MI,Eden Gardens,0,0.6666666666666666,0.6666666666666666,0.0,1.0,0.5,1.0,0.5,0.55,0.45,-0.04999999999999999,170.0,0.5,0.5,1.0,0.43699999999999994,0.0,0,0.0,0.0,0.0,0.0,0.0,0.0,0.0,0.0,30.0,55.0,18.0,10.0,0.35750000000000004,0.5,0.0,0.0,0.0,0.0,0.0,0.0,0.0
335998,2008-04-30,2007/08,DC,RCB,Feroz Shah Kotla,1,0.41666666666666663,0.41666666666666663,0.0,0.75,0.5,0.6666666666666667,0.0,0.55,0.45,-0.050000000000000044,170.0,0.5,0.5,1.0,-1.4340000000000002,-0.09999999999999998,-3,-0.5,-4.100000000000001,-0.5,-0.7999999999999972,-1.2000000000000028,-0.19999999999999996,-0.19999999999999996,0.4299999999999997,30.0,55.0,18.0,10.0,0.35750000000000004,0.5,0.0,0.0,0.0,-1.0,0.0,0.0,1.0
335999,2008-05-01,2007/08,DEC,PBKS,"Rajiv Gandhi International Stadium, Uppal",0,-0.25,-0.25,0.0,-0.5,0.5,0.5,-0.5,0.55,0.45,-0.050000000000000044,170.0,0.5,0.5,1.0,-0.309,0.0,0,0.0,0.0,0.0,0.0,0.0,0.0,0.0,0.0,30.0,55.0,18.0,10.0,0.35750000000000004,0.5,0.0,0.0,0.0,0.0,0.0,0.0,0.0
336000,2008-05-01,2007/08,RR,KKR,Sawai Mansingh Stadium,1,0.25,0.25,0.0,0.5,0.5,0.0,-0.3333333333333333,0.55,0.45,-0.04999999999999999,170.0,0.5,0.5,1.0,0.33599999999999997,-0.09999999999999998,2,0.0,3.0,4.200000000000003,8.899999999999999,-0.8999999999999986,0.40000000000000013,0.09999999999999987,0.2699999999999996,30.0,55.0,18.0,10.0,0.35750000000000004,0.5,1.0,0.0,1.0,2.0,0.0,1.0,-1.0
336001,2008-05-02,2007/08,CSK,DC,"MA Chidambaram Stadium, Chepauk",0,0.25,0.25,0.0,0.25,0.5,0.0,0.5,0.55,0.45,-0.04999999999999999,170.0,0.5,0.5,1.0,0.30600000000000005,0.0,0,0.0,0.0,0.0,0.0,0.0,0.0,0.0,0.0,30.0,55.0,18.0,10.0,0.35750000000000004,0.5,0.0,0.0,0.0,0.0,0.0,0.0,0.0
336003,2008-05-03,2007/08,PBKS,KKR,"Punjab Cricket Association Stadium, Mohali",1,0.19999999999999996,0.19999999999999996,0.0,0.2666666666666666,0.5,0.16666666666666663,0.16666666666666669,0.55,0.45,-0.04999999999999999,170.0,0.5,0.5,1.0,0.45599999999999996,0.0,0,0.0,0.0,0.0,0.0,0.0,0.0,0.0,0.0,30.0,55.0,18.0,10.0,0.35750000000000004,0.5,0.0,0.0,0.0,0.0,0.0,0.0,0.0
336034,2008-05-03,2007/08,RCB,DEC,M Chinnaswamy Stadium,1,0.0,0.0,0.0,-0.2,0.5,-0.75,0.0,0.55,0.45,-0.050000000000000044,170.0,0.5,0.5,1.0,0.783,0.09999999999999998,3,0.5,4.100000000000001,0.5,0.7999999999999972,1.2000000000000028,0.19999999999999996,0.19999999999999996,-0.4299999999999997,30.0,55.0,18.0,10.0,0.35750000000000004,0.5,0.0,0.0,0.0,1.0,0.0,0.0,-1.0
336004,2008-05-04,2007/08,MI,DC,Dr DY Patil Sports Academy,1,-0.6000000000000001,-0.6000000000000001,0.0,-0.8,0.5,-0.6666666666666667,-0.5,0.55,0.45,-0.050000000000000044,170.0,0.5,0.5,1.0,0.06700000000000006,0.0,0,0.0,0.0,0.0,0.0,0.0,0.0,0.0,0.0,30.0,55.0,18.0,10.0,0.35750000000000004,0.5,0.0,0.0,0.0,0.0,0.0,0.0,0.0
336005,2008-05-04,2007/08,RR,CSK,Sawai Mansingh Stadium,1,0.0,0.0,0.0,0.19999999999999996,0.5,0.0,-0.25,0.55,0.45,0.04999999999999999,170.0,0.5,0.5,1.0,0.534,-0.09999999999999998,2,0.0,3.0,4.200000000000003,8.899999999999999,-0.8999999999999986,0.40000000000000013,0.09999999999999987,0.2699999999999996,30.0,55.0,18.0,10.0,0.35750000000000004,0.5,1.0,0.0,1.0,2.0,0.0,1.0,-1.0
336006,2008-05-05,2007/08,RCB,PBKS,M Chinnaswamy Stadium,0,-0.3333333333333333,-0.4,0.0,-0.41666666666666663,0.5,-0.41666666666666663,-0.16666666666666663,0.55,0.45,-0.050000000000000044,170.0,0.5,0.5,1.0,0.47400000000000003,0.09999999999999998,3,0.5,4.100000000000001,0.5,0.7999999999999972,1.2000000000000028,0.19999999999999996,0.19999999999999996,-0.4299999999999997,30.0,55.0,18.0,10.0,0.35750000000000004,0.5,0.0,0.0,0.0,1.0,0.0,0.0,-1.0
336007,2008-05-06,2007/08,CSK,DEC,"MA Chidambaram Stadium, Chepauk",0,0.5,0.39999999999999997,0.0,0.5,0.5,0.5,0.6,0.55,0.45,-0.050000000000000044,170.0,0.5,0.5,1.0,-0.345,0.0,0,0.0,0.0,0.0,0.0,0.0,0.0,0.0,0.0,30.0,55.0,18.0,10.0,0.35750000000000004,0.5,0.0,0.0,0.0,0.0,0.0,0.0,0.0
336008,2008-05-07,2007/08,MI,RR,Dr DY Patil Sports Academy,1,-0.5,-0.6,0.0,-0.33333333333333337,0.5,-0.6666666666666667,-0.16666666666666669,0.55,0.45,0.050000000000000044,170.0,0.5,0.5,1.0,-0.7729999999999999,0.09999999999999998,-2,0.0,-3.0,-4.200000000000003,-8.899999999999999,0.8999999999999986,-0.40000000000000013,-0.09999999999999987,-0.2699999999999996,30.0,55.0,18.0,10.0,0.35750000000000004,0.5,0.0,1.0,-1.0,-2.0,0.0,-1.0,1.0
336010,2008-05-08,2007/08,KKR,RCB,Eden Gardens,1,0.047619047619047616,0.0,0.0,0.2142857142857143,1.0,0.08333333333333331,0.0,0.55,0.45,-0.04999999999999999,170.0,0.5,0.5,1.0,-0.93,-0.09999999999999998,-3,-0.5,-4.100000000000001,-0.5,-0.7999999999999972,-1.2000000000000028,-0.19999999999999996,-0.19999999999999996,0.4299999999999997,30.0,55.0,18.0,10.0,0.35750000000000004,0.5,0.0,0.0,0.0,-1.0,0.0,0.0,1.0
336009,2008-05-08,2007/08,DC,CSK,Feroz Shah Kotla,0,0.09523809523809523,0.19999999999999996,0.0,0.4285714285714286,1.0,-0.25,0.0,0.55,0.45,-0.050000000000000044,170.0,0.5,0.5,1.0,-0.30600000000000005,0.0,0,0.0,0.0,0.0,0.0,0.0,0.0,0.0,0.0,30.0,55.0,18.0,10.0,0.35750000000000004,0.5,0.0,0.0,0.0,0.0,0.0,0.0,0.0
336011,2008-05-09,2007/08,RR,DEC,Sawai Mansingh Stadium,1,0.4285714285714286,0.4,0.0,0.7142857142857143,1.0,0.33333333333333337,0.3333333333333333,0.55,0.45,0.050000000000000044,170.0,0.5,0.5,1.0,0.189,-0.09999999999999998,2,0.0,3.0,4.200000000000003,8.899999999999999,-0.8999999999999986,0.40000000000000013,0.09999999999999987,0.2699999999999996,30.0,55.0,18.0,10.0,0.35750000000000004,0.5,1.0,0.0,1.0,2.0,0.0,1.0,-1.0
336013,2008-05-10,2007/08,CSK,PBKS,"MA Chidambaram Stadium, Chepauk",1,-0.0892857142857143,-0.6,0.0,-0.2142857142857143,1.0,0.25,-0.16666666666666663,0.55,0.45,-0.050000000000000044,170.0,0.5,0.5,1.0,-0.6539999999999999,0.0,0,0.0,0.0,0.0,0.0,0.0,0.0,0.0,0.0,30.0,55.0,18.0,10.0,0.35750000000000004,0.5,0.0,0.0,0.0,0.0,0.0,0.0,0.0
336014,2008-05-11,2007/08,DEC,KKR,"Rajiv Gandhi International Stadium, Uppal",0,-0.17857142857142855,0.2,0.0,-0.42857142857142855,0.0,0.3333333333333333,-0.5,0.55,0.45,0.04999999999999999,170.0,0.5,0.5,1.0,0.147,0.0,0,0.0,0.0,0.0,0.0,0.0,0.0,0.0,0.0,30.0,55.0,18.0,10.0,0.35750000000000004,0.5,0.0,0.0,0.0,0.0,0.0,0.0,0.0
336015,2008-05-11,2007/08,RR,DC,Sawai Mansingh Stadium,1,0.1785714285714286,0.4,0.0,0.4285714285714286,0.0,0.25,0.0,0.55,0.45,0.050000000000000044,170.0,0.5,0.5,1.0,0.8400000000000001,-0.09999999999999998,2,0.0,3.0,4.200000000000003,8.899999999999999,-0.8999999999999986,0.40000000000000013,0.09999999999999987,0.2699999999999996,30.0,55.0,18.0,10.0,0.35750000000000004,0.5,1.0,0.0,1.0,2.0,0.0,1.0,-1.0
336016,2008-05-12,2007/08,PBKS,RCB,"Punjab Cricket Association Stadium, Mohali",1,0.375,0.6000000000000001,0.0,0.5,1.0,0.39999999999999997,0.3333333333333333,0.55,0.45,0.04999999999999999,170.0,0.5,0.5,1.0,-0.47400000000000003,-0.09999999999999998,-3,-0.5,-4.100000000000001,-0.5,-0.7999999999999972,-1.2000000000000028,-0.19999999999999996,-0.19999999999999996,0.4299999999999997,30.0,55.0,18.0,10.0,0.35750000000000004,0.5,0.0,0.0,0.0,-1.0,0.0,0.0,1.0
336017,2008-05-13,2007/08,KKR,DC,Eden Gardens,1,0.0,0.0,0.0,0.16666666666666663,0.5,-0.4166666666666667,0.35,0.55,0.45,-0.04999999999999999,170.0,0.5,0.5,1.0,0.504,0.0,0,0.0,0.0,0.0,0.0,0.0,0.0,0.0,0.0,30.0,55.0,18.0,10.0,0.35750000000000004,0.5,0.0,0.0,0.0,0.0,0.0,0.0,0.0
336018,2008-05-14,2007/08,MI,CSK,Wankhede Stadium,1,-0.23809523809523808,0.19999999999999996,0.0,-0.6666666666666666,0.0,-0.5,-0.23809523809523808,0.55,0.45,0.050000000000000044,170.0,0.5,0.5,1.0,-0.239,0.0,0,0.0,0.0,0.0,0.0,0.0,0.0,0.0,0.0,30.0,55.0,18.0,10.0,0.35750000000000004,0.5,0.0,0.0,0.0,0.0,0.0,0.0,0.0
336020,2008-05-15,2007/08,DC,DEC,Feroz Shah Kotla,1,0.2222222222222222,0.0,0.0,0.4444444444444444,1.0,0.09999999999999998,0.25,0.55,0.45,-0.050000000000000044,170.0,0.5,0.5,1.0,-0.651,0.0,0,0.0,0.0,0.0,0.0,0.0,0.0,0.0,0.0,30.0,55.0,18.0,10.0,0.35750000000000004,0.5,0.0,0.0,0.0,0.0,0.0,0.0,0.0
336021,2008-05-16,2007/08,MI,KKR,Wankhede Stadium,1,-0.05555555555555558,0.20000000000000007,0.0,-0.05555555555555558,1.0,0.26666666666666666,-0.3333333333333333,0.55,0.45,0.050000000000000044,170.0,0.5,0.5,1.0,-0.43699999999999994,0.0,0,0.0,0.0,0.0,0.0,0.0,0.0,0.0,0.0,30.0,55.0,18.0,10.0,0.35750000000000004,0.5,0.0,0.0,0.0,0.0,0.0,0.0,0.0
336023,2008-05-17,2007/08,RR,RCB,Sawai Mansingh Stadium,1,0.5555555555555556,0.6000000000000001,0.0,0.7777777777777778,1.0,0.8,0.08333333333333331,0.55,0.45,-0.050000000000000044,170.0,0.5,0.5,1.0,-0.5940000000000001,-0.19999999999999996,-1,-0.5,-1.1000000000000014,3.700000000000003,8.100000000000001,-2.1000000000000014,0.20000000000000018,-0.10000000000000009,0.6999999999999993,30.0,55.0,18.0,10.0,0.35750000000000004,0.5,1.0,0.0,1.0,1.0,0.0,1.0,0.0
336022,2008-05-17,2007/08,DC,PBKS,Feroz Shah Kotla,0,-0.16666666666666663,-0.6000000000000001,0.0,0.08333333333333337,0.0,-0.06666666666666665,-0.2666666666666666,0.55,0.45,-0.04999999999999999,170.0,0.5,0.5,1.0,-0.96,0.0,0,0.0,0.0,0.0,0.0,0.0,0.0,0.0,0.0,30.0,55.0,18.0,10.0,0.35750000000000004,0.5,0.0,0.0,0.0,0.0,0.0,0.0,0.0
336024,2008-05-18,2007/08,DEC,MI,"Rajiv Gandhi International Stadium, Uppal",0,-0.35555555555555557,-0.8,0.0,-0.5555555555555556,1.0,-0.2666666666666666,-0.3333333333333333,0.55,0.45,0.050000000000000044,170.0,0.5,0.5,1.0,0.584,0.0,0,0.0,0.0,0.0,0.0,0.0,0.0,0.0,0.0,30.0,55.0,18.0,10.0,0.35750000000000004,0.5,0.0,0.0,0.0,0.0,0.0,0.0,0.0
336025,2008-05-18,2007/08,KKR,CSK,Eden Gardens,0,-0.09999999999999998,0.19999999999999996,0.0,0.15000000000000002,0.0,-0.6666666666666667,0.0714285714285714,0.55,0.45,-0.04999999999999999,170.0,0.5,0.5,1.0,0.19799999999999998,0.0,0,0.0,0.0,0.0,0.0,0.0,0.0,0.0,0.0,30.0,55.0,18.0,10.0,0.35750000000000004,0.5,0.0,0.0,0.0,0.0,0.0,0.0,0.0
336026,2008-05-19,2007/08,RCB,DC,M Chinnaswamy Stadium,0,-0.2545454545454545,0.0,0.0,-0.2545454545454545,0.0,-0.43333333333333335,-0.08333333333333331,0.55,0.45,-0.050000000000000044,170.0,0.5,0.5,1.0,1.4340000000000002,0.09999999999999998,3,0.5,4.100000000000001,0.5,0.7999999999999972,1.2000000000000028,0.19999999999999996,0.19999999999999996,-0.4299999999999997,30.0,55.0,18.0,10.0,0.35750000000000004,0.5,0.0,0.0,0.0,1.0,0.0,0.0,-1.0
336027,2008-05-20,2007/08,KKR,RR,Eden Gardens,0,-0.3454545454545455,-0.20000000000000007,0.0,-0.20000000000000007,0.0,-0.6666666666666667,0.0,0.55,0.45,-0.050000000000000044,170.0,0.5,0.5,1.0,-0.33599999999999997,0.09999999999999998,-2,0.0,-3.0,-4.200000000000003,-8.899999999999999,0.8999999999999986,-0.40000000000000013,-0.09999999999999987,-0.2699999999999996,30.0,55.0,18.0,10.0,0.35750000000000004,0.5,0.0,1.0,-1.0,-2.0,0.0,-1.0,1.0
336028,2008-05-21,2007/08,MI,PBKS,Wankhede Stadium,0,-0.09999999999999998,0.19999999999999996,0.0,-0.033333333333333326,0.0,-0.04761904761904767,-0.16666666666666663,0.55,0.45,0.050000000000000044,170.0,0.5,0.5,1.0,-0.893,0.0,0,0.0,0.0,0.0,0.0,0.0,0.0,0.0,0.0,30.0,55.0,18.0,10.0,0.35750000000000004,0.5,0.0,0.0,0.0,0.0,0.0,0.0,0.0
336029,2008-05-21,2007/08,CSK,RCB,"MA Chidambaram Stadium, Chepauk",0,0.45454545454545453,0.6,0.0,0.41818181818181815,1.0,0.8333333333333334,0.3,0.55,0.45,0.04999999999999999,170.0,0.5,0.5,1.0,-1.1280000000000001,-0.09999999999999998,-3,-0.5,-4.100000000000001,-0.5,-0.7999999999999972,-1.2000000000000028,-0.19999999999999996,-0.19999999999999996,0.4299999999999997,30.0,55.0,18.0,10.0,0.35750000000000004,0.5,0.0,0.0,0.0,-1.0,0.0,0.0,1.0
336031,2008-05-23,2007/08,PBKS,DEC,"Punjab Cricket Association Stadium, Mohali",1,0.5454545454545454,0.6000000000000001,0.0,0.6181818181818182,1.0,0.380952380952381,0.75,0.55,0.45,0.050000000000000044,170.0,0.5,0.5,1.0,0.309,0.0,0,0.0,0.0,0.0,0.0,0.0,0.0,0.0,0.0,30.0,55.0,18.0,10.0,0.35750000000000004,0.5,0.0,0.0,0.0,0.0,0.0,0.0,0.0
336032,2008-05-24,2007/08,DC,MI,Feroz Shah Kotla,1,-0.045454545454545414,-0.4,0.0,0.054545454545454564,0.0,0.09523809523809523,-0.16666666666666669,0.55,0.45,0.050000000000000044,170.0,0.5,0.5,1.0,-0.06700000000000006,0.0,0,0.0,0.0,0.0,0.0,0.0,0.0,0.0,0.0,30.0,55.0,18.0,10.0,0.35750000000000004,0.5,0.0,0.0,0.0,0.0,0.0,0.0,0.0
336033,2008-05-24,2007/08,CSK,RR,"MA Chidambaram Stadium, Chepauk",0,-0.23484848484848486,-0.20000000000000007,0.0,-0.31818181818181823,0.0,-0.25,0.0,0.55,0.45,0.04999999999999999,170.0,0.5,0.5,1.0,-0.534,0.09999999999999998,-2,0.0,-3.0,-4.200000000000003,-8.899999999999999,0.8999999999999986,-0.40000000000000013,-0.09999999999999987,-0.2699999999999996,30.0,55.0,18.0,10.0,0.35750000000000004,0.5,0.0,1.0,-1.0,-2.0,0.0,-1.0,1.0
336002,2008-05-25,2007/08,DEC,RCB,"Rajiv Gandhi International Stadium, Uppal",0,-0.08333333333333334,-0.2,0.0,-0.25,0.0,0.16666666666666666,-0.3333333333333333,0.55,0.45,-0.04999999999999999,170.0,0.5,0.5,1.0,-0.783,-0.09999999999999998,-3,-0.5,-4.100000000000001,-0.5,-0.7999999999999972,-1.2000000000000028,-0.19999999999999996,-0.19999999999999996,0.4299999999999997,30.0,55.0,18.0,10.0,0.35750000000000004,0.5,0.0,0.0,0.0,-1.0,0.0,0.0,1.0
336035,2008-05-25,2007/08,KKR,PBKS,Eden Gardens,1,-0.3333333333333333,-0.4,0.0,-0.25,0.0,-0.4166666666666667,-0.3055555555555556,0.55,0.45,0.04999999999999999,170.0,0.5,0.5,1.0,-0.45599999999999996,0.0,0,0.0,0.0,0.0,0.0,0.0,0.0,0.0,0.0,30.0,55.0,18.0,10.0,0.35750000000000004,0.5,0.0,0.0,0.0,0.0,0.0,0.0,0.0
336036,2008-05-26,2007/08,RR,MI,Sawai Mansingh Stadium,1,0.33333333333333337,0.4,0.0,0.5,0.0,0.4285714285714286,0.19999999999999996,0.55,0.45,0.050000000000000044,170.0,0.5,0.5,1.0,0.7729999999999999,-0.09999999999999998,2,0.0,3.0,4.200000000000003,8.899999999999999,-0.8999999999999986,0.40000000000000013,0.09999999999999987,0.2699999999999996,30.0,55.0,18.0,10.0,0.35750000000000004,0.5,1.0,0.0,1.0,2.0,0.0,1.0,-1.0
336037,2008-05-27,2007/08,DEC,CSK,"Rajiv Gandhi International Stadium, Uppal",0,-0.3846153846153846,-0.4,0.0,-0.5384615384615384,1.0,-0.26666666666666666,-0.5,0.55,0.45,-0.04999999999999999,170.0,0.5,0.5,1.0,0.345,0.0,0,0.0,0.0,0.0,0.0,0.0,0.0,0.0,0.0,30.0,55.0,18.0,10.0,0.35750000000000004,0.5,0.0,0.0,0.0,0.0,0.0,0.0,0.0
336012,2008-05-28,2007/08,RCB,MI,M Chinnaswamy Stadium,0,-0.15384615384615385,0.0,0.0,-0.29487179487179493,1.0,-0.2857142857142857,0.0,0.55,0.45,-0.050000000000000044,170.0,0.5,0.5,1.0,1.367,0.09999999999999998,3,0.5,4.100000000000001,0.5,0.7999999999999972,1.2000000000000028,0.19999999999999996,0.19999999999999996,-0.4299999999999997,30.0,55.0,18.0,10.0,0.35750000000000004,0.5,0.0,0.0,0.0,1.0,0.0,0.0,-1.0
336019,2008-05-28,2007/08,PBKS,RR,"Punjab Cricket Association Stadium, Mohali",1,-0.15384615384615385,-0.19999999999999996,0.0,-0.012820512820512775,0.0,-0.25,0.0,0.55,0.45,-0.050000000000000044,170.0,0.5,0.5,1.0,0.12,0.09999999999999998,-2,0.0,-3.0,-4.200000000000003,-8.899999999999999,0.8999999999999986,-0.40000000000000013,-0.09999999999999987,-0.2699999999999996,30.0,55.0,18.0,10.0,0.35750000000000004,0.5,0.0,1.0,-1.0,-2.0,0.0,-1.0,1.0
336038,2008-05-30,2007/08,DC,RR,Wankhede Stadium,0,-0.24725274725274726,-0.20000000000000007,0.0,-0.24725274725274726,0.5,-0.17460317460317454,-0.26666666666666666,0.55,0.45,0.050000000000000044,170.0,0.5,0.5,1.0,-0.8400000000000001,0.09999999999999998,-2,0.0,-3.0,-4.200000000000003,-8.899999999999999,0.8999999999999986,-0.40000000000000013,-0.09999999999999987,-0.2699999999999996,30.0,55.0,18.0,10.0,0.35750000000000004,0.5,0.0,1.0,-1.0,-2.0,0.0,-1.0,1.0
336039,2008-05-31,2007/08,CSK,PBKS,Wankhede Stadium,1,-0.1428571428571429,-0.4,0.0,-1.0,1.0,-0.08333333333333337,-0.16666666666666663,0.55,0.45,0.04999999999999999,170.0,0.5,0.5,1.0,-0.6539999999999999,0.0,0,0.0,0.0,0.0,0.0,0.0,0.0,0.0,0.0,30.0,55.0,18.0,10.0,0.35750000000000004,0.5,0.0,0.0,0.0,0.0,0.0,0.0,0.0
336040,2008-06-01,2007/08,CSK,RR,Dr DY Patil Sports Academy,0,-0.20000000000000007,-0.20000000000000007,0.0,0.6,0.0,-0.17460317460317454,-0.16666666666666663,0.55,0.45,-0.050000000000000044,170.0,0.5,0.5,1.0,-0.534,0.09999999999999998,-2,0.0,-3.0,-4.200000000000003,-8.899999999999999,0.8999999999999986,-0.40000000000000013,-0.09999999999999987,-0.2699999999999996,30.0,55.0,18.0,10.0,0.35750000000000004,0.5,0.0,1.0,-1.0,-2.0,0.0,-1.0,1.0
392181,2009-04-18,2009,CSK,MI,Newlands,0,0.0625,0.0,0.0,0.0625,0.5,0.0892857142857143,0.1111111111111111,0.55,0.45,0.050000000000000044,170.0,0.5,0.5,1.0,0.239,0.0,0,0.0,0.0,0.0,0.0,0.0,0.0,0.0,0.0,30.0,55.0,18.0,10.0,0.35750000000000004,0.5,0.0,0.0,0.0,0.0,0.0,0.0,0.0
392182,2009-04-18,2009,RCB,RR,Newlands,1,-0.5267857142857143,-0.4,0.0,-0.5267857142857143,0.0,-0.6142857142857143,-0.38095238095238093,0.55,0.45,-0.04999999999999999,170.0,0.5,0.5,1.0,0.5940000000000001,0.19999999999999996,1,0.5,1.1000000000000014,-3.700000000000003,-8.100000000000001,2.1000000000000014,-0.20000000000000018,0.10000000000000009,-0.6999999999999993,30.0,55.0,18.0,10.0,0.35750000000000004,0.5,0.0,1.0,-1.0,-1.0,0.0,-1.0,0.0
392183,2009-04-19,2009,DC,PBKS,Newlands,1,-0.16666666666666663,0.0,0.0,-0.16666666666666663,0.0,-0.125,-0.23809523809523808,0.55,0.45,0.050000000000000044,170.0,0.5,0.5,1.0,-0.96,0.0,0,0.0,0.0,0.0,0.0,0.0,0.0,0.0,0.0,30.0,55.0,18.0,10.0,0.35750000000000004,0.5,0.0,0.0,0.0,0.0,0.0,0.0,0.0
392184,2009-04-19,2009,DEC,KKR,Newlands,1,-0.3186813186813187,-0.4,0.0,-0.3186813186813187,0.0,-0.16666666666666669,-0.4444444444444444,0.55,0.45,0.04999999999999999,170.0,0.5,0.5,1.0,0.147,0.0,0,0.0,0.0,0.0,0.0,0.0,0.0,0.0,0.0,30.0,55.0,18.0,10.0,0.35750000000000004,0.5,0.0,0.0,0.0,0.0,0.0,0.0,0.0
392185,2009-04-20,2009,RCB,CSK,St George's Park,0,-0.19607843137254904,0.19999999999999996,0.0,-0.19607843137254904,0.5,-0.3392857142857143,-0.06944444444444442,0.55,0.45,0.04999999999999999,170.0,0.5,0.5,1.0,1.1280000000000001,0.09999999999999998,3,0.5,4.100000000000001,0.5,0.7999999999999972,1.2000000000000028,0.19999999999999996,0.19999999999999996,-0.4299999999999997,30.0,55.0,18.0,10.0,0.35750000000000004,0.5,0.0,0.0,0.0,1.0,0.0,0.0,-1.0
392186,2009-04-21,2009,PBKS,KKR,Kingsmead,0,0.19642857142857145,0.2,0.0,0.19642857142857145,0.5,0.25,0.09999999999999998,0.55,0.45,-0.050000000000000044,170.0,0.5,0.5,1.0,0.45599999999999996,0.0,0,0.0,0.0,0.0,0.0,0.0,0.0,0.0,0.0,30.0,55.0,18.0,10.0,0.35750000000000004,0.5,0.0,0.0,0.0,0.0,0.0,0.0,0.0
392188,2009-04-22,2009,RCB,DEC,Newlands,0,0.11249999999999999,0.39999999999999997,0.0,0.0,1.0,-0.17857142857142855,0.375,0.55,0.45,0.04999999999999999,170.0,0.5,0.5,1.0,0.783,0.09999999999999998,3,0.5,4.100000000000001,0.5,0.7999999999999972,1.2000000000000028,0.19999999999999996,0.19999999999999996,-0.4299999999999997,30.0,55.0,18.0,10.0,0.35750000000000004,0.5,0.0,0.0,0.0,1.0,0.0,0.0,-1.0
392189,2009-04-23,2009,CSK,DC,Kingsmead,0,0.022222222222222254,0.0,0.0,0.022222222222222254,0.5,-0.04166666666666663,0.16666666666666669,0.55,0.45,0.04999999999999999,170.0,0.5,0.5,1.0,0.30600000000000005,0.0,0,0.0,0.0,0.0,0.0,0.0,0.0,0.0,0.0,30.0,55.0,18.0,10.0,0.35750000000000004,0.5,0.0,0.0,0.0,0.0,0.0,0.0,0.0
392190,2009-04-23,2009,KKR,RR,Newlands,0,-0.29803921568627445,-0.19999999999999996,0.0,0.0,0.0,-0.21818181818181825,-0.2666666666666666,0.55,0.45,0.050000000000000044,170.0,0.5,0.5,1.0,-0.33599999999999997,0.09999999999999998,-2,0.0,-3.0,-4.200000000000003,-8.899999999999999,0.8999999999999986,-0.40000000000000013,-0.09999999999999987,-0.2699999999999996,30.0,55.0,18.0,10.0,0.35750000000000004,0.5,0.0,1.0,-1.0,-2.0,0.0,-1.0,1.0
392191,2009-04-24,2009,RCB,PBKS,Kingsmead,0,-0.29411764705882354,0.2,0.0,0.29411764705882354,0.0,-0.5277777777777778,-0.06944444444444442,0.55,0.45,-0.04999999999999999,170.0,0.5,0.5,1.0,0.47400000000000003,0.09999999999999998,3,0.5,4.100000000000001,0.5,0.7999999999999972,1.2000000000000028,0.19999999999999996,0.19999999999999996,-0.4299999999999997,30.0,55.0,18.0,10.0,0.35750000000000004,0.5,0.0,0.0,0.0,1.0,0.0,0.0,-1.0
392192,2009-04-25,2009,DEC,MI,Kingsmead,1,-0.2833333333333333,0.0,0.0,-0.2833333333333333,0.5,-0.19642857142857145,-0.31746031746031744,0.55,0.45,-0.04999999999999999,170.0,0.5,0.5,1.0,0.584,0.0,0,0.0,0.0,0.0,0.0,0.0,0.0,0.0,0.0,30.0,55.0,18.0,10.0,0.35750000000000004,0.5,0.0,0.0,0.0,0.0,0.0,0.0,0.0
392194,2009-04-26,2009,RCB,DC,St George's Park,0,-0.2847222222222222,-0.6000000000000001,0.0,-0.5625,0.0,-0.4444444444444444,-0.09523809523809523,0.55,0.45,-0.04999999999999999,170.0,0.5,0.5,1.0,1.4340000000000002,0.09999999999999998,3,0.5,4.100000000000001,0.5,0.7999999999999972,1.2000000000000028,0.19999999999999996,0.19999999999999996,-0.4299999999999997,30.0,55.0,18.0,10.0,0.35750000000000004,0.5,0.0,0.0,0.0,1.0,0.0,0.0,-1.0
392195,2009-04-26,2009,PBKS,RR,Newlands,1,-0.11111111111111105,0.0,0.0,0.0,0.5,-0.04040404040404044,-0.12698412698412698,0.55,0.45,-0.04999999999999999,170.0,0.5,0.5,1.0,0.12,0.09999999999999998,-2,0.0,-3.0,-4.200000000000003,-8.899999999999999,0.8999999999999986,-0.40000000000000013,-0.09999999999999987,-0.2699999999999996,30.0,55.0,18.0,10.0,0.35750000000000004,0.5,0.0,1.0,-1.0,-2.0,0.0,-1.0,1.0
392197,2009-04-27,2009,KKR,MI,St George's Park,0,-0.0625,0.0,0.0,-0.0625,0.0,-0.05555555555555558,-0.028571428571428525,0.55,0.45,0.04999999999999999,170.0,0.5,0.5,1.0,0.43699999999999994,0.0,0,0.0,0.0,0.0,0.0,0.0,0.0,0.0,0.0,30.0,55.0,18.0,10.0,0.35750000000000004,0.5,0.0,0.0,0.0,0.0,0.0,0.0,0.0
392196,2009-04-27,2009,CSK,DEC,Kingsmead,0,0.23219814241486064,-0.19999999999999996,0.0,-1.0,0.5,0.12698412698412703,0.3,0.55,0.45,-0.050000000000000044,170.0,0.5,0.5,1.0,-0.345,0.0,0,0.0,0.0,0.0,0.0,0.0,0.0,0.0,0.0,30.0,55.0,18.0,10.0,0.35750000000000004,0.5,0.0,0.0,0.0,0.0,0.0,0.0,0.0
392198,2009-04-28,2009,DC,RR,SuperSport Park,0,-0.09597523219814241,0.4,0.0,-0.09597523219814241,0.3333333333333333,-0.050000000000000044,-0.14285714285714285,0.55,0.45,-0.04999999999999999,170.0,0.5,0.5,1.0,-0.8400000000000001,0.09999999999999998,-2,0.0,-3.0,-4.200000000000003,-8.899999999999999,0.8999999999999986,-0.40000000000000013,-0.09999999999999987,-0.2699999999999996,30.0,55.0,18.0,10.0,0.35750000000000004,0.5,0.0,1.0,-1.0,-2.0,0.0,-1.0,1.0
392199,2009-04-29,2009,RCB,KKR,Kingsmead,1,-0.14860681114551083,-0.2,0.0,-1.0,0.0,-0.20634920634920634,-0.10000000000000003,0.55,0.45,0.04999999999999999,170.0,0.5,0.5,1.0,0.93,0.09999999999999998,3,0.5,4.100000000000001,0.5,0.7999999999999972,1.2000000000000028,0.19999999999999996,0.19999999999999996,-0.4299999999999997,30.0,55.0,18.0,10.0,0.35750000000000004,0.5,0.0,0.0,0.0,1.0,0.0,0.0,-1.0
392200,2009-04-29,2009,PBKS,MI,Kingsmead,1,0.10216718266253866,-0.19999999999999996,0.0,0.5,1.0,0.2222222222222222,0.0,0.55,0.45,-0.04999999999999999,170.0,0.5,0.5,1.0,0.893,0.0,0,0.0,0.0,0.0,0.0,0.0,0.0,0.0,0.0,30.0,55.0,18.0,10.0,0.35750000000000004,0.5,0.0,0.0,0.0,0.0,0.0,0.0,0.0
392201,2009-04-30,2009,DEC,DC,SuperSport Park,0,-0.22222222222222227,0.20000000000000007,0.0,0.3333333333333333,0.0,-0.19999999999999996,-0.175,0.55,0.45,-0.050000000000000044,170.0,0.5,0.5,1.0,0.651,0.0,0,0.0,0.0,0.0,0.0,0.0,0.0,0.0,0.0,30.0,55.0,18.0,10.0,0.35750000000000004,0.5,0.0,0.0,0.0,0.0,0.0,0.0,0.0
392202,2009-04-30,2009,CSK,RR,SuperSport Park,1,-0.19999999999999996,-0.2,0.0,-0.5,0.0,-0.2136752136752137,-0.11688311688311687,0.55,0.45,-0.050000000000000044,170.0,0.5,0.5,1.0,-0.534,0.09999999999999998,-2,0.0,-3.0,-4.200000000000003,-8.899999999999999,0.8999999999999986,-0.40000000000000013,-0.09999999999999987,-0.2699999999999996,30.0,55.0,18.0,10.0,0.35750000000000004,0.5,0.0,1.0,-1.0,-2.0,0.0,-1.0,1.0
392203,2009-05-01,2009,KKR,MI,Buffalo Park,0,-0.1111111111111111,-0.39999999999999997,0.0,-0.1111111111111111,0.0,-0.07142857142857145,-0.13636363636363635,0.55,0.45,0.04999999999999999,170.0,0.5,0.5,1.0,0.43699999999999994,0.0,0,0.0,0.0,0.0,0.0,0.0,0.0,0.0,0.0,30.0,55.0,18.0,10.0,0.35750000000000004,0.5,0.0,0.0,0.0,0.0,0.0,0.0,0.0
392204,2009-05-01,2009,RCB,PBKS,Kingsmead,1,-0.35000000000000003,-0.39999999999999997,0.0,-0.16666666666666663,0.0,-0.4777777777777778,-0.24545454545454543,0.55,0.45,-0.04999999999999999,170.0,0.5,0.5,1.0,0.47400000000000003,0.09999999999999998,3,0.5,4.100000000000001,0.5,0.7999999999999972,1.2000000000000028,0.19999999999999996,0.19999999999999996,-0.4299999999999997,30.0,55.0,18.0,10.0,0.35750000000000004,0.5,0.0,0.0,0.0,1.0,0.0,0.0,-1.0
392205,2009-05-02,2009,DEC,RR,St George's Park,0,-0.3508771929824561,0.6000000000000001,0.0,-0.3508771929824561,0.0,-0.2142857142857143,-0.3896103896103896,0.55,0.45,-0.04999999999999999,170.0,0.5,0.5,1.0,-0.189,0.09999999999999998,-2,0.0,-3.0,-4.200000000000003,-8.899999999999999,0.8999999999999986,-0.40000000000000013,-0.09999999999999987,-0.2699999999999996,30.0,55.0,18.0,10.0,0.35750000000000004,0.5,0.0,1.0,-1.0,-2.0,0.0,-1.0,1.0
392206,2009-05-02,2009,CSK,DC,New Wanderers Stadium,1,-0.05513784461152882,-0.4,0.0,-0.05513784461152882,0.3333333333333333,-0.1717171717171717,0.125,0.55,0.45,-0.050000000000000044,170.0,0.5,0.5,1.0,0.30600000000000005,0.0,0,0.0,0.0,0.0,0.0,0.0,0.0,0.0,0.0,30.0,55.0,18.0,10.0,0.35750000000000004,0.5,0.0,0.0,0.0,0.0,0.0,0.0,0.0
392207,2009-05-03,2009,PBKS,KKR,St George's Park,1,0.25062656641604014,0.39999999999999997,0.0,0.6190476190476191,0.3333333333333333,0.32499999999999996,0.18181818181818177,0.55,0.45,0.04999999999999999,170.0,0.5,0.5,1.0,0.45599999999999996,0.0,0,0.0,0.0,0.0,0.0,0.0,0.0,0.0,0.0,30.0,55.0,18.0,10.0,0.35750000000000004,0.5,0.0,0.0,0.0,0.0,0.0,0.0,0.0
392208,2009-05-03,2009,RCB,MI,New Wanderers Stadium,1,-0.19298245614035087,-0.19999999999999996,0.0,-0.19298245614035087,0.5,-0.2,-0.19191919191919193,0.55,0.45,0.04999999999999999,170.0,0.5,0.5,1.0,1.367,0.09999999999999998,3,0.5,4.100000000000001,0.5,0.7999999999999972,1.2000000000000028,0.19999999999999996,0.19999999999999996,-0.4299999999999997,30.0,55.0,18.0,10.0,0.35750000000000004,0.5,0.0,0.0,0.0,1.0,0.0,0.0,-1.0
392209,2009-05-04,2009,CSK,DEC,Buffalo Park,1,0.24545454545454543,0.0,0.0,0.24545454545454543,0.3333333333333333,0.05555555555555558,0.3717948717948718,0.55,0.45,-0.04999999999999999,170.0,0.5,0.5,1.0,-0.345,0.0,0,0.0,0.0,0.0,0.0,0.0,0.0,0.0,0.0,30.0,55.0,18.0,10.0,0.35750000000000004,0.5,0.0,0.0,0.0,0.0,0.0,0.0,0.0
392211,2009-05-05,2009,DC,KKR,Kingsmead,1,0.20000000000000007,0.6,0.0,0.5,0.0,0.29166666666666663,0.041666666666666685,0.55,0.45,0.04999999999999999,170.0,0.5,0.5,1.0,-0.504,0.0,0,0.0,0.0,0.0,0.0,0.0,0.0,0.0,0.0,30.0,55.0,18.0,10.0,0.35750000000000004,0.5,0.0,0.0,0.0,0.0,0.0,0.0,0.0
392210,2009-05-05,2009,PBKS,RR,Kingsmead,0,-0.045454545454545414,0.4,0.0,-0.18181818181818177,0.6666666666666666,-0.006060606060605989,-0.025974025974025983,0.55,0.45,0.050000000000000044,170.0,0.5,0.5,1.0,0.12,0.09999999999999998,-2,0.0,-3.0,-4.200000000000003,-8.899999999999999,0.8999999999999986,-0.40000000000000013,-0.09999999999999987,-0.2699999999999996,30.0,55.0,18.0,10.0,0.35750000000000004,0.5,0.0,1.0,-1.0,-2.0,0.0,-1.0,1.0
392212,2009-05-06,2009,DEC,MI,SuperSport Park,1,-0.2142857142857143,0.0,0.0,-0.5,0.6666666666666666,-0.05555555555555558,-0.33333333333333337,0.55,0.45,-0.04999999999999999,170.0,0.5,0.5,1.0,0.584,0.0,0,0.0,0.0,0.0,0.0,0.0,0.0,0.0,0.0,30.0,55.0,18.0,10.0,0.35750000000000004,0.5,0.0,0.0,0.0,0.0,0.0,0.0,0.0
392213,2009-05-07,2009,RCB,RR,SuperSport Park,0,-0.3320158102766798,0.0,0.0,-0.13636363636363635,0.3333333333333333,-0.36969696969696964,-0.26136363636363635,0.55,0.45,-0.050000000000000044,170.0,0.5,0.5,1.0,0.5940000000000001,0.19999999999999996,1,0.5,1.1000000000000014,-3.700000000000003,-8.100000000000001,2.1000000000000014,-0.20000000000000018,0.10000000000000009,-0.6999999999999993,30.0,55.0,18.0,10.0,0.35750000000000004,0.5,0.0,1.0,-1.0,-1.0,0.0,-1.0,0.0
392214,2009-05-07,2009,CSK,PBKS,SuperSport Park,1,-0.0434782608695653,0.0,0.0,0.3913043478260869,1.0,-0.11111111111111105,0.025974025974025983,0.55,0.45,-0.04999999999999999,170.0,0.5,0.5,1.0,-0.6539999999999999,0.0,0,0.0,0.0,0.0,0.0,0.0,0.0,0.0,0.0,30.0,55.0,18.0,10.0,0.35750000000000004,0.5,0.0,0.0,0.0,0.0,0.0,0.0,0.0
392215,2009-05-08,2009,DC,MI,Buffalo Park,1,0.09523809523809523,0.19999999999999996,0.0,-0.4285714285714286,0.5,0.23776223776223776,-0.125,0.55,0.45,0.04999999999999999,170.0,0.5,0.5,1.0,-0.06700000000000006,0.0,0,0.0,0.0,0.0,0.0,0.0,0.0,0.0,0.0,30.0,55.0,18.0,10.0,0.35750000000000004,0.5,0.0,0.0,0.0,0.0,0.0,0.0,0.0
392217,2009-05-09,2009,CSK,RR,De Beers Diamond Oval,1,-0.125,0.0,0.0,-0.125,0.25,-0.19444444444444442,-0.025000000000000022,0.55,0.45,0.04999999999999999,170.0,0.5,0.5,1.0,-0.534,0.09999999999999998,-2,0.0,-3.0,-4.200000000000003,-8.899999999999999,0.8999999999999986,-0.40000000000000013,-0.09999999999999987,-0.2699999999999996,30.0,55.0,18.0,10.0,0.35750000000000004,0.5,0.0,1.0,-1.0,-2.0,0.0,-1.0,1.0
392216,2009-05-09,2009,DEC,PBKS,De Beers Diamond Oval,0,-0.2651515151515152,0.0,0.0,-0.2651515151515152,0.0,-0.170940170940171,-0.31468531468531463,0.55,0.45,-0.050000000000000044,170.0,0.5,0.5,1.0,-0.309,0.0,0,0.0,0.0,0.0,0.0,0.0,0.0,0.0,0.0,30.0,55.0,18.0,10.0,0.35750000000000004,0.5,0.0,0.0,0.0,0.0,0.0,0.0,0.0
392218,2009-05-10,2009,RCB,MI,St George's Park,0,-0.1067193675889328,0.39999999999999997,0.0,-1.0,0.6666666666666666,-0.09090909090909088,-0.12121212121212122,0.55,0.45,0.04999999999999999,170.0,0.5,0.5,1.0,1.367,0.09999999999999998,3,0.5,4.100000000000001,0.5,0.7999999999999972,1.2000000000000028,0.19999999999999996,0.19999999999999996,-0.4299999999999997,30.0,55.0,18.0,10.0,0.35750000000000004,0.5,0.0,0.0,0.0,1.0,0.0,0.0,-1.0
392219,2009-05-10,2009,DC,KKR,New Wanderers Stadium,1,0.2575757575757576,0.6,0.0,-0.3333333333333333,0.5,0.3392857142857143,0.06730769230769229,0.55,0.45,0.050000000000000044,170.0,0.5,0.5,1.0,-0.504,0.0,0,0.0,0.0,0.0,0.0,0.0,0.0,0.0,0.0,30.0,55.0,18.0,10.0,0.35750000000000004,0.5,0.0,0.0,0.0,0.0,0.0,0.0,0.0
392220,2009-05-11,2009,DEC,RR,De Beers Diamond Oval,1,-0.3756521739130435,-0.39999999999999997,0.0,0.0,0.0,-0.3055555555555556,-0.3412698412698413,0.55,0.45,-0.04999999999999999,170.0,0.5,0.5,1.0,-0.189,0.09999999999999998,-2,0.0,-3.0,-4.200000000000003,-8.899999999999999,0.8999999999999986,-0.40000000000000013,-0.09999999999999987,-0.2699999999999996,30.0,55.0,18.0,10.0,0.35750000000000004,0.5,0.0,1.0,-1.0,-2.0,0.0,-1.0,1.0
392221,2009-05-12,2009,RCB,KKR,SuperSport Park,1,0.015151515151515138,0.6,0.0,-0.3181818181818182,0.3333333333333333,-0.041666666666666685,0.047619047619047616,0.55,0.45,0.050000000000000044,170.0,0.5,0.5,1.0,0.93,0.09999999999999998,3,0.5,4.100000000000001,0.5,0.7999999999999972,1.2000000000000028,0.19999999999999996,0.19999999999999996,-0.4299999999999997,30.0,55.0,18.0,10.0,0.35750000000000004,0.5,0.0,0.0,0.0,1.0,0.0,0.0,-1.0
392222,2009-05-12,2009,PBKS,MI,SuperSport Park,0,0.12173913043478257,0.0,0.0,0.0,1.0,0.18831168831168837,0.045454545454545414,0.55,0.45,-0.04999999999999999,170.0,0.5,0.5,1.0,0.893,0.0,0,0.0,0.0,0.0,0.0,0.0,0.0,0.0,0.0,30.0,55.0,18.0,10.0,0.35750000000000004,0.5,0.0,0.0,0.0,0.0,0.0,0.0,0.0
392223,2009-05-13,2009,DEC,DC,Kingsmead,0,-0.27536231884057977,-0.4,0.0,0.0,0.0,-0.28888888888888886,-0.10833333333333334,0.55,0.45,0.050000000000000044,170.0,0.5,0.5,1.0,0.651,0.0,0,0.0,0.0,0.0,0.0,0.0,0.0,0.0,0.0,30.0,55.0,18.0,10.0,0.35750000000000004,0.5,0.0,0.0,0.0,0.0,0.0,0.0,0.0
392224,2009-05-14,2009,RCB,CSK,Kingsmead,1,-0.24,-0.4,0.0,0.6666666666666666,0.3333333333333333,-0.21538461538461534,-0.26666666666666666,0.55,0.45,0.04999999999999999,170.0,0.5,0.5,1.0,1.1280000000000001,0.09999999999999998,3,0.5,4.100000000000001,0.5,0.7999999999999972,1.2000000000000028,0.19999999999999996,0.19999999999999996,-0.4299999999999997,30.0,55.0,18.0,10.0,0.35750000000000004,0.5,0.0,0.0,0.0,1.0,0.0,0.0,-1.0
392225,2009-05-14,2009,MI,RR,Kingsmead,0,-0.15384615384615385,-0.19999999999999996,0.0,-1.0,0.5,-0.20588235294117652,-0.05555555555555558,0.55,0.45,0.04999999999999999,170.0,0.5,0.5,1.0,-0.7729999999999999,0.09999999999999998,-2,0.0,-3.0,-4.200000000000003,-8.899999999999999,0.8999999999999986,-0.40000000000000013,-0.09999999999999987,-0.2699999999999996,30.0,55.0,18.0,10.0,0.35750000000000004,0.5,0.0,1.0,-1.0,-2.0,0.0,-1.0,1.0
392226,2009-05-15,2009,DC,PBKS,OUTsurance Oval,0,0.04807692307692313,0.4,0.0,0.04807692307692313,0.3333333333333333,0.09047619047619038,-0.05555555555555558,0.55,0.45,-0.050000000000000044,170.0,0.5,0.5,1.0,-0.96,0.0,0,0.0,0.0,0.0,0.0,0.0,0.0,0.0,0.0,30.0,55.0,18.0,10.0,0.35750000000000004,0.5,0.0,0.0,0.0,0.0,0.0,0.0,0.0
392227,2009-05-16,2009,CSK,MI,St George's Park,1,0.09692307692307689,0.4,0.0,0.0,0.3333333333333333,0.1384615384615384,0.0625,0.55,0.45,0.04999999999999999,170.0,0.5,0.5,1.0,0.239,0.0,0,0.0,0.0,0.0,0.0,0.0,0.0,0.0,0.0,30.0,55.0,18.0,10.0,0.35750000000000004,0.5,0.0,0.0,0.0,0.0,0.0,0.0,0.0
392228,2009-05-16,2009,DEC,KKR,New Wanderers Stadium,1,0.015652173913043466,0.4,0.0,0.32,0.3333333333333333,0.025000000000000022,0.0,0.55,0.45,0.050000000000000044,170.0,0.5,0.5,1.0,0.147,0.0,0,0.0,0.0,0.0,0.0,0.0,0.0,0.0,0.0,30.0,55.0,18.0,10.0,0.35750000000000004,0.5,0.0,0.0,0.0,0.0,0.0,0.0,0.0
392230,2009-05-17,2009,DC,RR,OUTsurance Oval,1,-0.06666666666666665,0.20000000000000007,0.0,-0.6666666666666666,0.25,0.027450980392156765,-0.19999999999999996,0.55,0.45,-0.04999999999999999,170.0,0.5,0.5,1.0,-0.8400000000000001,0.09999999999999998,-2,0.0,-3.0,-4.200000000000003,-8.899999999999999,0.8999999999999986,-0.40000000000000013,-0.09999999999999987,-0.2699999999999996,30.0,55.0,18.0,10.0,0.35750000000000004,0.5,0.0,1.0,-1.0,-2.0,0.0,-1.0,1.0
392229,2009-05-17,2009,DEC,PBKS,New Wanderers Stadium,0,-0.24643874643874641,0.19999999999999996,0.0,0.40740740740740744,0.0,-0.2121212121212121,-0.23333333333333334,0.55,0.45,0.050000000000000044,170.0,0.5,0.5,1.0,-0.309,0.0,0,0.0,0.0,0.0,0.0,0.0,0.0,0.0,0.0,30.0,55.0,18.0,10.0,0.35750000000000004,0.5,0.0,0.0,0.0,0.0,0.0,0.0,0.0
392231,2009-05-18,2009,CSK,KKR,SuperSport Park,0,0.3009259259259259,0.8,0.0,1.0,1.0,0.26136363636363635,0.3125,0.55,0.45,-0.04999999999999999,170.0,0.5,0.5,1.0,-0.19799999999999998,0.0,0,0.0,0.0,0.0,0.0,0.0,0.0,0.0,0.0,30.0,55.0,18.0,10.0,0.35750000000000004,0.5,0.0,0.0,0.0,0.0,0.0,0.0,0.0
392232,2009-05-19,2009,RCB,DC,New Wanderers Stadium,1,-0.23076923076923078,-0.20000000000000007,0.0,0.5,0.0,-0.30476190476190473,-0.12121212121212122,0.55,0.45,0.04999999999999999,170.0,0.5,0.5,1.0,1.4340000000000002,0.09999999999999998,3,0.5,4.100000000000001,0.5,0.7999999999999972,1.2000000000000028,0.19999999999999996,0.19999999999999996,-0.4299999999999997,30.0,55.0,18.0,10.0,0.35750000000000004,0.5,0.0,0.0,0.0,1.0,0.0,0.0,-1.0
392233,2009-05-20,2009,KKR,RR,Kingsmead,1,-0.3228571428571429,-0.2,0.0,-0.6666666666666667,0.0,-0.2222222222222222,-0.35,0.55,0.45,0.050000000000000044,170.0,0.5,0.5,1.0,-0.33599999999999997,0.09999999999999998,-2,0.0,-3.0,-4.200000000000003,-8.899999999999999,0.8999999999999986,-0.40000000000000013,-0.09999999999999987,-0.2699999999999996,30.0,55.0,18.0,10.0,0.35750000000000004,0.5,0.0,1.0,-1.0,-2.0,0.0,-1.0,1.0
392234,2009-05-20,2009,CSK,PBKS,Kingsmead,1,-0.0357142857142857,0.0,0.0,-0.4,1.0,-0.030303030303030276,-0.009049773755656076,0.55,0.45,-0.04999999999999999,170.0,0.5,0.5,1.0,-0.6539999999999999,0.0,0,0.0,0.0,0.0,0.0,0.0,0.0,0.0,0.0,30.0,55.0,18.0,10.0,0.35750000000000004,0.5,0.0,0.0,0.0,0.0,0.0,0.0,0.0
392235,2009-05-21,2009,DC,MI,SuperSport Park,1,0.131054131054131,0.19999999999999996,0.0,0.0,0.6666666666666666,0.2717948717948717,-0.04487179487179488,0.55,0.45,0.050000000000000044,170.0,0.5,0.5,1.0,-0.06700000000000006,0.0,0,0.0,0.0,0.0,0.0,0.0,0.0,0.0,0.0,30.0,55.0,18.0,10.0,0.35750000000000004,0.5,0.0,0.0,0.0,0.0,0.0,0.0,0.0
392236,2009-05-21,2009,RCB,DEC,SuperSport Park,1,0.07407407407407407,0.19999999999999996,0.0,0.0,0.6666666666666666,0.04999999999999999,0.06666666666666665,0.55,0.45,-0.04999999999999999,170.0,0.5,0.5,1.0,0.783,0.09999999999999998,3,0.5,4.100000000000001,0.5,0.7999999999999972,1.2000000000000028,0.19999999999999996,0.19999999999999996,-0.4299999999999997,30.0,55.0,18.0,10.0,0.35750000000000004,0.5,0.0,0.0,0.0,1.0,0.0,0.0,-1.0
392237,2009-05-22,2009,DC,DEC,SuperSport Park,0,0.28571428571428564,0.19999999999999996,0.0,0.3333333333333333,1.0,0.36538461538461536,0.15000000000000002,0.55,0.45,-0.050000000000000044,170.0,0.5,0.5,1.0,-0.651,0.0,0,0.0,0.0,0.0,0.0,0.0,0.0,0.0,0.0,30.0,55.0,18.0,10.0,0.35750000000000004,0.5,0.0,0.0,0.0,0.0,0.0,0.0,0.0
392238,2009-05-23,2009,RCB,CSK,New Wanderers Stadium,1,-0.15763546798029554,0.20000000000000007,0.0,0.0,0.5,-0.16969696969696968,-0.17094017094017094,0.55,0.45,0.050000000000000044,170.0,0.5,0.5,1.0,1.1280000000000001,0.09999999999999998,3,0.5,4.100000000000001,0.5,0.7999999999999972,1.2000000000000028,0.19999999999999996,0.19999999999999996,-0.4299999999999997,30.0,55.0,18.0,10.0,0.35750000000000004,0.5,0.0,0.0,0.0,1.0,0.0,0.0,-1.0
392239,2009-05-24,2009,RCB,DEC,New Wanderers Stadium,0,0.10344827586206895,0.6,0.0,0.5,0.75,0.07142857142857145,0.11794871794871797,0.55,0.45,0.050000000000000044,170.0,0.5,0.5,1.0,0.783,0.09999999999999998,3,0.5,4.100000000000001,0.5,0.7999999999999972,1.2000000000000028,0.19999999999999996,0.19999999999999996,-0.4299999999999997,30.0,55.0,18.0,10.0,0.35750000000000004,0.5,0.0,0.0,0.0,1.0,0.0,0.0,-1.0
419106,2010-03-12,2009/10,DEC,KKR,Dr DY Patil Sports Academy,0,0.020512820512820495,0.19999999999999996,0.0,0.6538461538461539,0.5,-0.07142857142857145,0.0625,0.55,0.45,0.050000000000000044,170.0,0.5,0.5,1.0,0.147,0.0,0,0.0,0.0,0.0,0.0,0.0,0.0,0.0,0.0,30.0,55.0,18.0,10.0,0.35750000000000004,0.5,0.0,0.0,0.0,0.0,0.0,0.0,0.0
419108,2010-03-13,2009/10,PBKS,DC,"Punjab Cricket Association Stadium, Mohali",0,0.0,0.19999999999999996,0.0,0.8571428571428571,0.75,-0.125,0.1538461538461538,0.55,0.45,-0.050000000000000044,170.0,0.5,0.5,1.0,0.96,0.0,0,0.0,0.0,0.0,0.0,0.0,0.0,0.0,0.0,30.0,55.0,18.0,10.0,0.35750000000000004,0.5,0.0,0.0,0.0,0.0,0.0,0.0,0.0
419107,2010-03-13,2009/10,MI,RR,Brabourne Stadium,1,-0.1762452107279694,0.2,0.0,-0.1762452107279694,0.3333333333333333,-0.20512820512820507,-0.11688311688311687,0.55,0.45,-0.04999999999999999,170.0,0.5,0.5,1.0,-0.7729999999999999,0.09999999999999998,-2,0.0,-3.0,-4.200000000000003,-8.899999999999999,0.8999999999999986,-0.40000000000000013,-0.09999999999999987,-0.2699999999999996,30.0,55.0,18.0,10.0,0.35750000000000004,0.5,0.0,1.0,-1.0,-2.0,0.0,-1.0,1.0
419109,2010-03-14,2009/10,KKR,RCB,Eden Gardens,1,-0.062962962962963,-0.20000000000000007,0.0,0.5714285714285714,0.5,0.02941176470588236,-0.0904977375565611,0.55,0.45,0.050000000000000044,170.0,0.5,0.5,1.0,-0.93,-0.09999999999999998,-3,-0.5,-4.100000000000001,-0.5,-0.7999999999999972,-1.2000000000000028,-0.19999999999999996,-0.19999999999999996,0.4299999999999997,30.0,55.0,18.0,10.0,0.35750000000000004,0.5,0.0,0.0,0.0,-1.0,0.0,0.0,1.0
419110,2010-03-14,2009/10,CSK,DEC,"MA Chidambaram Stadium, Chepauk",0,0.21182795698924728,0.0,0.0,-0.5714285714285714,0.5,0.23636363636363633,0.21381578947368418,0.55,0.45,0.04999999999999999,170.0,0.5,0.5,1.0,-0.345,0.0,0,0.0,0.0,0.0,0.0,0.0,0.0,0.0,0.0,30.0,55.0,18.0,10.0,0.35750000000000004,0.5,0.0,0.0,0.0,0.0,0.0,0.0,0.0
419111,2010-03-15,2009/10,RR,DC,"Sardar Patel Stadium, Motera",0,0.0,-0.39999999999999997,0.0,0.0,0.6,-0.1331269349845201,0.16083916083916078,0.55,0.45,-0.050000000000000044,170.0,0.5,0.5,1.0,0.8400000000000001,-0.09999999999999998,2,0.0,3.0,4.200000000000003,8.899999999999999,-0.8999999999999986,0.40000000000000013,0.09999999999999987,0.2699999999999996,30.0,55.0,18.0,10.0,0.35750000000000004,0.5,1.0,0.0,1.0,2.0,0.0,1.0,-1.0
419112,2010-03-16,2009/10,RCB,PBKS,M Chinnaswamy Stadium,1,-0.14731182795698922,0.19999999999999996,0.0,-0.8571428571428572,0.25,-0.15441176470588236,-0.14285714285714285,0.55,0.45,0.04999999999999999,170.0,0.5,0.5,1.0,0.47400000000000003,0.09999999999999998,3,0.5,4.100000000000001,0.5,0.7999999999999972,1.2000000000000028,0.19999999999999996,0.19999999999999996,-0.4299999999999997,30.0,55.0,18.0,10.0,0.35750000000000004,0.5,0.0,0.0,0.0,1.0,0.0,0.0,-1.0
419113,2010-03-16,2009/10,KKR,CSK,Eden Gardens,0,-0.15552995391705066,0.4,0.0,-0.375,0.3333333333333333,-0.037878787878787956,-0.23219814241486064,0.55,0.45,0.04999999999999999,170.0,0.5,0.5,1.0,0.19799999999999998,0.0,0,0.0,0.0,0.0,0.0,0.0,0.0,0.0,0.0,30.0,55.0,18.0,10.0,0.35750000000000004,0.5,0.0,0.0,0.0,0.0,0.0,0.0,0.0
419114,2010-03-17,2009/10,DC,MI,Feroz Shah Kotla,0,0.14861751152073732,0.19999999999999996,0.0,0.6666666666666666,0.75,0.3162393162393162,-0.08205128205128204,0.55,0.45,0.050000000000000044,170.0,0.5,0.5,1.0,-0.06700000000000006,0.0,0,0.0,0.0,0.0,0.0,0.0,0.0,0.0,0.0,30.0,55.0,18.0,10.0,0.35750000000000004,0.5,0.0,0.0,0.0,0.0,0.0,0.0,0.0
419115,2010-03-18,2009/10,RCB,RR,M Chinnaswamy Stadium,1,-0.14314516129032262,0.39999999999999997,0.0,-0.75,0.25,-0.13157894736842102,-0.14285714285714285,0.55,0.45,0.050000000000000044,170.0,0.5,0.5,1.0,0.5940000000000001,0.19999999999999996,1,0.5,1.1000000000000014,-3.700000000000003,-8.100000000000001,2.1000000000000014,-0.20000000000000018,0.10000000000000009,-0.6999999999999993,30.0,55.0,18.0,10.0,0.35750000000000004,0.5,0.0,1.0,-1.0,-1.0,0.0,-1.0,0.0
419116,2010-03-19,2009/10,DC,CSK,Feroz Shah Kotla,0,0.03125,0.19999999999999996,0.0,-0.4285714285714286,0.5,0.15350877192982448,-0.1653846153846154,0.55,0.45,-0.04999999999999999,170.0,0.5,0.5,1.0,-0.30600000000000005,0.0,0,0.0,0.0,0.0,0.0,0.0,0.0,0.0,0.0,30.0,55.0,18.0,10.0,0.35750000000000004,0.5,0.0,0.0,0.0,0.0,0.0,0.0,0.0
419117,2010-03-19,2009/10,DEC,PBKS,Barabati Stadium,1,-0.1733870967741935,0.19999999999999996,0.0,-0.1733870967741935,0.0,-0.22499999999999998,-0.11372549019607842,0.55,0.45,-0.050000000000000044,170.0,0.5,0.5,1.0,-0.309,0.0,0,0.0,0.0,0.0,0.0,0.0,0.0,0.0,0.0,30.0,55.0,18.0,10.0,0.35750000000000004,0.5,0.0,0.0,0.0,0.0,0.0,0.0,0.0
419118,2010-03-20,2009/10,RR,KKR,"Sardar Patel Stadium, Motera",1,0.1831896551724138,-0.8,0.0,-0.3793103448275862,0.5,0.13157894736842102,0.16742081447963802,0.55,0.45,-0.04999999999999999,170.0,0.5,0.5,1.0,0.33599999999999997,-0.09999999999999998,2,0.0,3.0,4.200000000000003,8.899999999999999,-0.8999999999999986,0.40000000000000013,0.09999999999999987,0.2699999999999996,30.0,55.0,18.0,10.0,0.35750000000000004,0.5,1.0,0.0,1.0,2.0,0.0,1.0,-1.0
419119,2010-03-20,2009/10,MI,RCB,Brabourne Stadium,0,0.028213166144200663,-0.19999999999999996,0.0,0.5454545454545454,0.5,-0.06477732793522262,0.14285714285714285,0.55,0.45,-0.04999999999999999,170.0,0.5,0.5,1.0,-1.367,-0.09999999999999998,-3,-0.5,-4.100000000000001,-0.5,-0.7999999999999972,-1.2000000000000028,-0.19999999999999996,-0.19999999999999996,0.4299999999999997,30.0,55.0,18.0,10.0,0.35750000000000004,0.5,0.0,0.0,0.0,-1.0,0.0,0.0,1.0
419120,2010-03-21,2009/10,DEC,DC,Barabati Stadium,1,-0.18181818181818188,0.4,0.0,0.4242424242424242,0.2,-0.33684210526315783,0.031746031746031744,0.55,0.45,-0.04999999999999999,170.0,0.5,0.5,1.0,0.651,0.0,0,0.0,0.0,0.0,0.0,0.0,0.0,0.0,0.0,30.0,55.0,18.0,10.0,0.35750000000000004,0.5,0.0,0.0,0.0,0.0,0.0,0.0,0.0
419121,2010-03-21,2009/10,CSK,PBKS,"MA Chidambaram Stadium, Chepauk",0,0.0445075757575758,0.39999999999999997,0.0,0.375,1.0,0.02714932126696834,0.08333333333333337,0.55,0.45,0.050000000000000044,170.0,0.5,0.5,1.0,-0.6539999999999999,0.0,0,0.0,0.0,0.0,0.0,0.0,0.0,0.0,0.0,30.0,55.0,18.0,10.0,0.35750000000000004,0.5,0.0,0.0,0.0,0.0,0.0,0.0,0.0
419122,2010-03-22,2009/10,MI,KKR,Brabourne Stadium,1,0.10000000000000003,-0.19999999999999996,0.0,0.13333333333333336,1.0,0.0,0.1764705882352941,0.55,0.45,0.04999999999999999,170.0,0.5,0.5,1.0,-0.43699999999999994,0.0,0,0.0,0.0,0.0,0.0,0.0,0.0,0.0,0.0,30.0,55.0,18.0,10.0,0.35750000000000004,0.5,0.0,0.0,0.0,0.0,0.0,0.0,0.0
419123,2010-03-23,2009/10,RCB,CSK,M Chinnaswamy Stadium,1,-0.08823529411764708,0.19999999999999996,0.0,-0.6666666666666667,0.6,-0.021428571428571352,-0.1928571428571429,0.55,0.45,-0.050000000000000044,170.0,0.5,0.5,1.0,1.1280000000000001,0.09999999999999998,3,0.5,4.100000000000001,0.5,0.7999999999999972,1.2000000000000028,0.19999999999999996,0.19999999999999996,-0.4299999999999997,30.0,55.0,18.0,10.0,0.35750000000000004,0.5,0.0,0.0,0.0,1.0,0.0,0.0,-1.0
419124,2010-03-24,2009/10,PBKS,RR,"Punjab Cricket Association Stadium, Mohali",0,-0.06060606060606066,-0.2,0.0,0.75,0.5,-0.04334365325077394,-0.0625,0.55,0.45,0.050000000000000044,170.0,0.5,0.5,1.0,0.12,0.09999999999999998,-2,0.0,-3.0,-4.200000000000003,-8.899999999999999,0.8999999999999986,-0.40000000000000013,-0.09999999999999987,-0.2699999999999996,30.0,55.0,18.0,10.0,0.35750000000000004,0.5,0.0,1.0,-1.0,-2.0,0.0,-1.0,1.0
419125,2010-03-25,2009/10,CSK,MI,"Brabourne Stadium, Mumbai",0,0.05898617511520732,-0.19999999999999996,0.0,-0.12380952380952381,0.5,0.033333333333333326,0.0794117647058824,0.55,0.45,-0.050000000000000044,170.0,0.5,0.5,1.0,0.239,0.0,0,0.0,0.0,0.0,0.0,0.0,0.0,0.0,0.0,30.0,55.0,18.0,10.0,0.35750000000000004,0.5,0.0,0.0,0.0,0.0,0.0,0.0,0.0
419128,2010-03-25,2009/10,RCB,DC,M Chinnaswamy Stadium,0,-0.07310924369747901,0.4,0.0,-0.6,0.25,-0.1499999999999999,0.04285714285714287,0.55,0.45,0.050000000000000044,170.0,0.5,0.5,1.0,1.4340000000000002,0.09999999999999998,3,0.5,4.100000000000001,0.5,0.7999999999999972,1.2000000000000028,0.19999999999999996,0.19999999999999996,-0.4299999999999997,30.0,55.0,18.0,10.0,0.35750000000000004,0.5,0.0,0.0,0.0,1.0,0.0,0.0,-1.0
419126,2010-03-26,2009/10,RR,DEC,"Sardar Patel Stadium, Motera",1,0.17647058823529416,-0.4,0.0,0.08823529411764708,0.75,0.231578947368421,0.11228070175438598,0.55,0.45,0.04999999999999999,170.0,0.5,0.5,1.0,0.189,-0.09999999999999998,2,0.0,3.0,4.200000000000003,8.899999999999999,-0.8999999999999986,0.40000000000000013,0.09999999999999987,0.2699999999999996,30.0,55.0,18.0,10.0,0.35750000000000004,0.5,1.0,0.0,1.0,2.0,0.0,1.0,-1.0
419127,2010-03-27,2009/10,PBKS,KKR,"Punjab Cricket Association Stadium, Mohali",0,0.14516129032258063,-0.4,0.0,0.6666666666666666,0.5,0.09401709401709402,0.1597222222222222,0.55,0.45,0.04999999999999999,170.0,0.5,0.5,1.0,0.45599999999999996,0.0,0,0.0,0.0,0.0,0.0,0.0,0.0,0.0,0.0,30.0,55.0,18.0,10.0,0.35750000000000004,0.5,0.0,0.0,0.0,0.0,0.0,0.0,0.0
419129,2010-03-28,2009/10,RR,CSK,"Sardar Patel Stadium, Motera",1,0.07222222222222219,0.19999999999999996,0.0,0.13888888888888884,0.6,0.1166666666666667,0.00952380952380949,0.55,0.45,-0.04999999999999999,170.0,0.5,0.5,1.0,0.534,-0.09999999999999998,2,0.0,3.0,4.200000000000003,8.899999999999999,-0.8999999999999986,0.40000000000000013,0.09999999999999987,0.2699999999999996,30.0,55.0,18.0,10.0,0.35750000000000004,0.5,1.0,0.0,1.0,2.0,0.0,1.0,-1.0
419130,2010-03-28,2009/10,DEC,MI,Dr DY Patil Sports Academy,0,-0.09999999999999998,-0.20000000000000007,0.0,-0.16666666666666663,0.75,-0.1333333333333333,-0.07058823529411762,0.55,0.45,0.050000000000000044,170.0,0.5,0.5,1.0,0.584,0.0,0,0.0,0.0,0.0,0.0,0.0,0.0,0.0,0.0,30.0,55.0,18.0,10.0,0.35750000000000004,0.5,0.0,0.0,0.0,0.0,0.0,0.0,0.0
419131,2010-03-29,2009/10,DC,KKR,Feroz Shah Kotla,1,0.1964285714285714,0.0,0.0,0.125,0.6666666666666666,0.2384615384615384,0.08421052631578951,0.55,0.45,-0.04999999999999999,170.0,0.5,0.5,1.0,-0.504,0.0,0,0.0,0.0,0.0,0.0,0.0,0.0,0.0,0.0,30.0,55.0,18.0,10.0,0.35750000000000004,0.5,0.0,0.0,0.0,0.0,0.0,0.0,0.0
419132,2010-03-30,2009/10,MI,PBKS,Brabourne Stadium,1,0.02943722943722943,0.8,0.0,0.2642857142857143,0.25,0.007017543859649145,0.0625,0.55,0.45,0.050000000000000044,170.0,0.5,0.5,1.0,-0.893,0.0,0,0.0,0.0,0.0,0.0,0.0,0.0,0.0,0.0,30.0,55.0,18.0,10.0,0.35750000000000004,0.5,0.0,0.0,0.0,0.0,0.0,0.0,0.0
419133,2010-03-31,2009/10,CSK,RCB,"MA Chidambaram Stadium, Chepauk",1,0.04129129129129128,-0.6000000000000001,0.0,-0.6666666666666667,0.3333333333333333,-0.023809523809523836,0.12380952380952381,0.55,0.45,0.04999999999999999,170.0,0.5,0.5,1.0,-1.1280000000000001,-0.09999999999999998,-3,-0.5,-4.100000000000001,-0.5,-0.7999999999999972,-1.2000000000000028,-0.19999999999999996,-0.19999999999999996,0.4299999999999997,30.0,55.0,18.0,10.0,0.35750000000000004,0.5,0.0,0.0,0.0,-1.0,0.0,0.0,1.0
419134,2010-03-31,2009/10,DC,RR,Feroz Shah Kotla,1,-0.02777777777777779,-0.4,0.0,0.5555555555555556,0.5,0.04999999999999993,-0.125,0.55,0.45,-0.04999999999999999,170.0,0.5,0.5,1.0,-0.8400000000000001,0.09999999999999998,-2,0.0,-3.0,-4.200000000000003,-8.899999999999999,0.8999999999999986,-0.40000000000000013,-0.09999999999999987,-0.2699999999999996,30.0,55.0,18.0,10.0,0.35750000000000004,0.5,0.0,1.0,-1.0,-2.0,0.0,-1.0,1.0
419135,2010-04-01,2009/10,KKR,DEC,Eden Gardens,1,-0.02525252525252525,-0.39999999999999997,0.0,0.5555555555555556,0.6,0.05357142857142855,-0.08421052631578951,0.55,0.45,-0.04999999999999999,170.0,0.5,0.5,1.0,-0.147,0.0,0,0.0,0.0,0.0,0.0,0.0,0.0,0.0,0.0,30.0,55.0,18.0,10.0,0.35750000000000004,0.5,0.0,0.0,0.0,0.0,0.0,0.0,0.0
419136,2010-04-02,2009/10,PBKS,RCB,"Punjab Cricket Association Stadium, Mohali",0,0.012762762762762725,-0.6,0.0,0.6,0.6,0.0025062656641603454,0.03676470588235292,0.55,0.45,-0.04999999999999999,170.0,0.5,0.5,1.0,-0.47400000000000003,-0.09999999999999998,-3,-0.5,-4.100000000000001,-0.5,-0.7999999999999972,-1.2000000000000028,-0.19999999999999996,-0.19999999999999996,0.4299999999999997,30.0,55.0,18.0,10.0,0.35750000000000004,0.5,0.0,0.0,0.0,-1.0,0.0,0.0,1.0
419137,2010-04-03,2009/10,CSK,RR,"MA Chidambaram Stadium, Chepauk",1,-0.06827880512091045,-0.6000000000000001,0.0,-0.6,0.3333333333333333,-0.08963585434173671,-0.038690476190476164,0.55,0.45,-0.04999999999999999,170.0,0.5,0.5,1.0,-0.534,0.09999999999999998,-2,0.0,-3.0,-4.200000000000003,-8.899999999999999,0.8999999999999986,-0.40000000000000013,-0.09999999999999987,-0.2699999999999996,30.0,55.0,18.0,10.0,0.35750000000000004,0.5,0.0,1.0,-1.0,-2.0,0.0,-1.0,1.0
419138,2010-04-03,2009/10,MI,DEC,Brabourne Stadium,1,0.15103338632750396,0.4,0.0,0.42162162162162165,0.4,0.20955882352941174,0.09999999999999998,0.55,0.45,-0.04999999999999999,170.0,0.5,0.5,1.0,-0.584,0.0,0,0.0,0.0,0.0,0.0,0.0,0.0,0.0,0.0,30.0,55.0,18.0,10.0,0.35750000000000004,0.5,0.0,0.0,0.0,0.0,0.0,0.0,0.0
419140,2010-04-04,2009/10,DC,RCB,Feroz Shah Kotla,1,0.12091038406827886,0.0,0.0,0.6,0.8,0.15454545454545454,0.09558823529411764,0.55,0.45,-0.04999999999999999,170.0,0.5,0.5,1.0,-1.4340000000000002,-0.09999999999999998,-3,-0.5,-4.100000000000001,-0.5,-0.7999999999999972,-1.2000000000000028,-0.19999999999999996,-0.19999999999999996,0.4299999999999997,30.0,55.0,18.0,10.0,0.35750000000000004,0.5,0.0,0.0,0.0,-1.0,0.0,0.0,1.0
419139,2010-04-04,2009/10,KKR,PBKS,Eden Gardens,0,-0.07710651828298892,0.4,0.0,0.6,0.6,-0.09774436090225563,-0.03888888888888892,0.55,0.45,-0.04999999999999999,170.0,0.5,0.5,1.0,-0.45599999999999996,0.0,0,0.0,0.0,0.0,0.0,0.0,0.0,0.0,0.0,30.0,55.0,18.0,10.0,0.35750000000000004,0.5,0.0,0.0,0.0,0.0,0.0,0.0,0.0
419141,2010-04-05,2009/10,DEC,RR,"Vidarbha Cricket Association Stadium, Jamtha",0,-0.21052631578947373,-0.39999999999999997,0.0,-0.21052631578947373,0.2,-0.2575757575757576,-0.16249999999999998,0.55,0.45,0.04999999999999999,170.0,0.5,0.5,1.0,-0.189,0.09999999999999998,-2,0.0,-3.0,-4.200000000000003,-8.899999999999999,0.8999999999999986,-0.40000000000000013,-0.09999999999999987,-0.2699999999999996,30.0,55.0,18.0,10.0,0.35750000000000004,0.5,0.0,1.0,-1.0,-2.0,0.0,-1.0,1.0
419142,2010-04-06,2009/10,CSK,MI,"MA Chidambaram Stadium, Chepauk",1,-0.00439560439560438,-0.6,0.0,0.45454545454545453,0.4,-0.03308823529411764,0.019138755980861233,0.55,0.45,-0.04999999999999999,170.0,0.5,0.5,1.0,0.239,0.0,0,0.0,0.0,0.0,0.0,0.0,0.0,0.0,0.0,30.0,55.0,18.0,10.0,0.35750000000000004,0.5,0.0,0.0,0.0,0.0,0.0,0.0,0.0
419143,2010-04-07,2009/10,RR,PBKS,Sawai Mansingh Stadium,1,0.116059379217274,0.39999999999999997,0.0,1.0,0.6,0.040909090909090895,0.19934640522875818,0.55,0.45,0.04999999999999999,170.0,0.5,0.5,1.0,-0.12,-0.09999999999999998,2,0.0,3.0,4.200000000000003,8.899999999999999,-0.8999999999999986,0.40000000000000013,0.09999999999999987,0.2699999999999996,30.0,55.0,18.0,10.0,0.35750000000000004,0.5,1.0,0.0,1.0,2.0,0.0,1.0,-1.0
419144,2010-04-07,2009/10,KKR,DC,Eden Gardens,1,-0.2338345864661654,-0.4,0.0,0.5454545454545454,0.25,-0.2714285714285714,-0.16666666666666669,0.55,0.45,-0.04999999999999999,170.0,0.5,0.5,1.0,0.504,0.0,0,0.0,0.0,0.0,0.0,0.0,0.0,0.0,0.0,30.0,55.0,18.0,10.0,0.35750000000000004,0.5,0.0,0.0,0.0,0.0,0.0,0.0,0.0
419145,2010-04-08,2009/10,RCB,DEC,M Chinnaswamy Stadium,0,0.10256410256410259,0.4,0.0,0.36363636363636365,0.6,0.20594965675057209,-0.025000000000000022,0.55,0.45,-0.050000000000000044,170.0,0.5,0.5,1.0,0.783,0.09999999999999998,3,0.5,4.100000000000001,0.5,0.7999999999999972,1.2000000000000028,0.19999999999999996,0.19999999999999996,-0.4299999999999997,30.0,55.0,18.0,10.0,0.35750000000000004,0.5,0.0,0.0,0.0,1.0,0.0,0.0,-1.0
419146,2010-04-09,2009/10,PBKS,MI,"Punjab Cricket Association Stadium, Mohali",1,-0.06623931623931623,-0.6000000000000001,0.0,0.5454545454545454,0.6,0.020588235294117685,-0.15789473684210525,0.55,0.45,0.04999999999999999,170.0,0.5,0.5,1.0,0.893,0.0,0,0.0,0.0,0.0,0.0,0.0,0.0,0.0,0.0,30.0,55.0,18.0,10.0,0.35750000000000004,0.5,0.0,0.0,0.0,0.0,0.0,0.0,0.0
419147,2010-04-10,2009/10,DEC,CSK,"Vidarbha Cricket Association Stadium, Jamtha",1,-0.17500000000000004,-0.39999999999999997,0.0,-0.55,0.6,-0.17941176470588238,-0.16521739130434776,0.55,0.45,0.04999999999999999,170.0,0.5,0.5,1.0,0.345,0.0,0,0.0,0.0,0.0,0.0,0.0,0.0,0.0,0.0,30.0,55.0,18.0,10.0,0.35750000000000004,0.5,0.0,0.0,0.0,0.0,0.0,0.0,0.0
419148,2010-04-10,2009/10,RCB,KKR,M Chinnaswamy Stadium,1,0.061111111111111116,-0.39999999999999997,0.0,-0.6666666666666667,0.4,0.09316770186335405,-0.010695187165775388,0.55,0.45,0.050000000000000044,170.0,0.5,0.5,1.0,0.93,0.09999999999999998,3,0.5,4.100000000000001,0.5,0.7999999999999972,1.2000000000000028,0.19999999999999996,0.19999999999999996,-0.4299999999999997,30.0,55.0,18.0,10.0,0.35750000000000004,0.5,0.0,0.0,0.0,1.0,0.0,0.0,-1.0
419149,2010-04-11,2009/10,DC,PBKS,Feroz Shah Kotla,0,0.11474358974358978,0.4,0.0,-0.36363636363636365,0.4,0.09523809523809523,0.13157894736842107,0.55,0.45,-0.04999999999999999,170.0,0.5,0.5,1.0,-0.96,0.0,0,0.0,0.0,0.0,0.0,0.0,0.0,0.0,0.0,30.0,55.0,18.0,10.0,0.35750000000000004,0.5,0.0,0.0,0.0,0.0,0.0,0.0,0.0
419150,2010-04-11,2009/10,RR,MI,Sawai Mansingh Stadium,0,0.08648648648648649,0.0,0.0,1.0,0.5,0.07928388746803072,0.08823529411764708,0.55,0.45,0.050000000000000044,170.0,0.5,0.5,1.0,0.7729999999999999,-0.09999999999999998,2,0.0,3.0,4.200000000000003,8.899999999999999,-0.8999999999999986,0.40000000000000013,0.09999999999999987,0.2699999999999996,30.0,55.0,18.0,10.0,0.35750000000000004,0.5,1.0,0.0,1.0,2.0,0.0,1.0,-1.0
419151,2010-04-12,2009/10,DEC,RCB,"Vidarbha Cricket Association Stadium, Jamtha",1,-0.07317073170731708,0.0,0.0,0.036585365853658514,0.5,-0.1607142857142857,0.047058823529411764,0.55,0.45,-0.050000000000000044,170.0,0.5,0.5,1.0,-0.783,-0.09999999999999998,-3,-0.5,-4.100000000000001,-0.5,-0.7999999999999972,-1.2000000000000028,-0.19999999999999996,-0.19999999999999996,0.4299999999999997,30.0,55.0,18.0,10.0,0.35750000000000004,0.5,0.0,0.0,0.0,-1.0,0.0,0.0,1.0
419152,2010-04-13,2009/10,MI,DC,Brabourne Stadium,1,-0.048684210526315774,0.0,0.0,0.2583333333333334,0.4,-0.13725490196078427,0.05012531328320807,0.55,0.45,-0.04999999999999999,170.0,0.5,0.5,1.0,0.06700000000000006,0.0,0,0.0,0.0,0.0,0.0,0.0,0.0,0.0,0.0,30.0,55.0,18.0,10.0,0.35750000000000004,0.5,0.0,0.0,0.0,0.0,0.0,0.0,0.0
419153,2010-04-13,2009/10,CSK,KKR,"MA Chidambaram Stadium, Chepauk",1,0.15820698747528017,0.19999999999999996,0.0,0.5,0.75,0.10084033613445381,0.1938405797101449,0.55,0.45,0.04999999999999999,170.0,0.5,0.5,1.0,-0.19799999999999998,0.0,0,0.0,0.0,0.0,0.0,0.0,0.0,0.0,0.0,30.0,55.0,18.0,10.0,0.35750000000000004,0.5,0.0,0.0,0.0,0.0,0.0,0.0,0.0
419154,2010-04-14,2009/10,RR,RCB,Sawai Mansingh Stadium,0,0.13298490127758417,0.0,0.0,0.8888888888888888,0.6,0.06333333333333335,0.23529411764705882,0.55,0.45,-0.04999999999999999,170.0,0.5,0.5,1.0,-0.5940000000000001,-0.19999999999999996,-1,-0.5,-1.1000000000000014,3.700000000000003,8.100000000000001,-2.1000000000000014,0.20000000000000018,-0.10000000000000009,0.6999999999999993,30.0,55.0,18.0,10.0,0.35750000000000004,0.5,1.0,0.0,1.0,1.0,0.0,1.0,0.0
419155,2010-04-15,2009/10,CSK,DC,"MA Chidambaram Stadium, Chepauk",0,-0.013356562137049943,0.4,0.0,-0.46153846153846156,0.6,-0.08080808080808077,0.06798245614035087,0.55,0.45,-0.04999999999999999,170.0,0.5,0.5,1.0,0.30600000000000005,0.0,0,0.0,0.0,0.0,0.0,0.0,0.0,0.0,0.0,30.0,55.0,18.0,10.0,0.35750000000000004,0.5,0.0,0.0,0.0,0.0,0.0,0.0,0.0
419156,2010-04-16,2009/10,PBKS,DEC,Himachal Pradesh Cricket Association Stadium,0,0.08304297328687571,0.0,0.0,0.08304297328687571,0.8,0.20995670995671,-0.06015037593984962,0.55,0.45,-0.050000000000000044,170.0,0.5,0.5,1.0,0.309,0.0,0,0.0,0.0,0.0,0.0,0.0,0.0,0.0,0.0,30.0,55.0,18.0,10.0,0.35750000000000004,0.5,0.0,0.0,0.0,0.0,0.0,0.0,0.0
419157,2010-04-17,2009/10,RCB,MI,M Chinnaswamy Stadium,0,-0.073345259391771,-0.19999999999999996,0.0,-0.6153846153846154,0.6,0.009049773755656076,-0.19251336898395716,0.55,0.45,0.050000000000000044,170.0,0.5,0.5,1.0,1.367,0.09999999999999998,3,0.5,4.100000000000001,0.5,0.7999999999999972,1.2000000000000028,0.19999999999999996,0.19999999999999996,-0.4299999999999997,30.0,55.0,18.0,10.0,0.35750000000000004,0.5,0.0,0.0,0.0,1.0,0.0,0.0,-1.0
419158,2010-04-17,2009/10,KKR,RR,Eden Gardens,1,-0.20300751879699247,0.0,0.0,-0.41666666666666663,0.2,-0.15476190476190482,-0.22222222222222227,0.55,0.45,0.04999999999999999,170.0,0.5,0.5,1.0,-0.33599999999999997,0.09999999999999998,-2,0.0,-3.0,-4.200000000000003,-8.899999999999999,0.8999999999999986,-0.40000000000000013,-0.09999999999999987,-0.2699999999999996,30.0,55.0,18.0,10.0,0.35750000000000004,0.5,0.0,1.0,-1.0,-2.0,0.0,-1.0,1.0
419160,2010-04-18,2009/10,DC,DEC,Feroz Shah Kotla,0,0.15282392026578068,-0.4,0.0,0.5833333333333334,0.6666666666666666,0.24308300395256915,0.045112781954887216,0.55,0.45,0.04999999999999999,170.0,0.5,0.5,1.0,-0.651,0.0,0,0.0,0.0,0.0,0.0,0.0,0.0,0.0,0.0,30.0,55.0,18.0,10.0,0.35750000000000004,0.5,0.0,0.0,0.0,0.0,0.0,0.0,0.0
419159,2010-04-18,2009/10,PBKS,CSK,Himachal Pradesh Cricket Association Stadium,0,-0.058693244739756345,0.0,0.0,-0.5348837209302325,0.0,0.03535353535353536,-0.17000000000000004,0.55,0.45,-0.050000000000000044,170.0,0.5,0.5,1.0,0.6539999999999999,0.0,0,0.0,0.0,0.0,0.0,0.0,0.0,0.0,0.0,30.0,55.0,18.0,10.0,0.35750000000000004,0.5,0.0,0.0,0.0,0.0,0.0,0.0,0.0
419161,2010-04-19,2009/10,KKR,MI,Eden Gardens,1,-0.1653846153846154,-0.19999999999999996,0.0,-0.3846153846153846,0.0,-0.06274509803921569,-0.23188405797101447,0.55,0.45,0.04999999999999999,170.0,0.5,0.5,1.0,0.43699999999999994,0.0,0,0.0,0.0,0.0,0.0,0.0,0.0,0.0,0.0,30.0,55.0,18.0,10.0,0.35750000000000004,0.5,0.0,0.0,0.0,0.0,0.0,0.0,0.0
419162,2010-04-21,2009/10,RCB,MI,Dr DY Patil Sports Academy,0,-0.08203991130820404,-0.19999999999999996,0.0,-0.29545454545454547,0.5,-0.01089324618736387,-0.18872549019607837,0.55,0.45,0.04999999999999999,170.0,0.5,0.5,1.0,1.367,0.09999999999999998,3,0.5,4.100000000000001,0.5,0.7999999999999972,1.2000000000000028,0.19999999999999996,0.19999999999999996,-0.4299999999999997,30.0,55.0,18.0,10.0,0.35750000000000004,0.5,0.0,0.0,0.0,1.0,0.0,0.0,-1.0
419163,2010-04-22,2009/10,CSK,DEC,Dr DY Patil Sports Academy,1,0.11363636363636359,-0.4,0.0,-0.3333333333333333,0.3333333333333333,0.16985645933014354,0.06545454545454549,0.55,0.45,-0.04999999999999999,170.0,0.5,0.5,1.0,-0.345,0.0,0,0.0,0.0,0.0,0.0,0.0,0.0,0.0,0.0,30.0,55.0,18.0,10.0,0.35750000000000004,0.5,0.0,0.0,0.0,0.0,0.0,0.0,0.0
419164,2010-04-24,2009/10,RCB,DEC,Dr DY Patil Sports Academy,1,0.0222222222222222,-0.4,0.0,-0.25,0.42857142857142855,0.10869565217391303,-0.10160427807486627,0.55,0.45,0.04999999999999999,170.0,0.5,0.5,1.0,0.783,0.09999999999999998,3,0.5,4.100000000000001,0.5,0.7999999999999972,1.2000000000000028,0.19999999999999996,0.19999999999999996,-0.4299999999999997,30.0,55.0,18.0,10.0,0.35750000000000004,0.5,0.0,0.0,0.0,1.0,0.0,0.0,-1.0
419165,2010-04-25,2009/10,CSK,MI,Dr DY Patil Sports Academy,1,0.007936507936507908,-0.20000000000000007,0.0,-0.30000000000000004,0.5,0.049535603715170295,-0.021538461538461617,0.55,0.45,-0.04999999999999999,170.0,0.5,0.5,1.0,0.239,0.0,0,0.0,0.0,0.0,0.0,0.0,0.0,0.0,0.0,30.0,55.0,18.0,10.0,0.35750000000000004,0.5,0.0,0.0,0.0,0.0,0.0,0.0,0.0
501198,2011-04-08,2011,CSK,KKR,"MA Chidambaram Stadium, Chepauk",1,0.16521739130434776,0.20000000000000007,0.0,0.5,0.8,0.07894736842105265,0.22222222222222227,0.55,0.45,-0.04999999999999999,170.0,0.5,0.5,1.0,-0.19799999999999998,0.0,0,0.0,0.0,0.0,0.0,0.0,0.0,0.0,0.0,30.0,55.0,18.0,10.0,0.35750000000000004,0.5,0.0,0.0,0.0,0.0,0.0,0.0,0.0
501199,2011-04-09,2011,DEC,RR,"Rajiv Gandhi International Stadium, Uppal",0,-0.14509605662285135,0.19999999999999996,0.0,-1.0,0.16666666666666666,-0.1920289855072464,-0.09153318077803202,0.55,0.45,-0.050000000000000044,170.0,0.5,0.5,1.0,-0.189,0.09999999999999998,-2,0.0,-3.0,-4.200000000000003,-8.899999999999999,0.8999999999999986,-0.40000000000000013,-0.09999999999999987,-0.2699999999999996,30.0,55.0,18.0,10.0,0.35750000000000004,0.5,0.0,1.0,-1.0,-2.0,0.0,-1.0,1.0
501200,2011-04-09,2011,KTK,RCB,Nehru Stadium,0,0.043478260869565244,0.09999999999999998,0.0,0.043478260869565244,0.5,-0.017241379310344862,0.14705882352941174,0.55,0.45,-0.04999999999999999,170.0,0.5,0.5,1.0,-0.783,-0.09999999999999998,-3,-0.5,-4.100000000000001,-0.5,-0.7999999999999972,-1.2000000000000028,-0.19999999999999996,-0.19999999999999996,0.4299999999999997,30.0,55.0,18.0,10.0,0.35750000000000004,0.5,0.0,0.0,0.0,-1.0,0.0,0.0,1.0
501201,2011-04-10,2011,DC,MI,Feroz Shah Kotla,0,0.023255813953488413,-0.39999999999999997,0.0,0.038461538461538436,0.5,0.125,-0.08631578947368429,0.55,0.45,-0.04999999999999999,170.0,0.5,0.5,1.0,-0.06700000000000006,0.0,0,0.0,0.0,0.0,0.0,0.0,0.0,0.0,0.0,30.0,55.0,18.0,10.0,0.35750000000000004,0.5,0.0,0.0,0.0,0.0,0.0,0.0,0.0
501202,2011-04-10,2011,PWI,PBKS,Dr DY Patil Sports Academy,1,0.034883720930232565,0.09999999999999998,0.0,0.034883720930232565,0.5,-0.09090909090909094,0.16666666666666669,0.55,0.45,0.04999999999999999,170.0,0.5,0.5,1.0,-0.309,0.0,0,0.0,0.0,0.0,0.0,0.0,0.0,0.0,0.0,30.0,55.0,18.0,10.0,0.35750000000000004,0.5,0.0,0.0,0.0,0.0,0.0,0.0,0.0
501203,2011-04-11,2011,KKR,DEC,Eden Gardens,1,-0.01401141670991174,0.0,0.0,0.6428571428571429,0.6666666666666666,0.07928388746803067,-0.08333333333333337,0.55,0.45,-0.04999999999999999,170.0,0.5,0.5,1.0,-0.147,0.0,0,0.0,0.0,0.0,0.0,0.0,0.0,0.0,0.0,30.0,55.0,18.0,10.0,0.35750000000000004,0.5,0.0,0.0,0.0,0.0,0.0,0.0,0.0
501205,2011-04-12,2011,RCB,MI,M Chinnaswamy Stadium,0,-0.07736943907156668,0.0,0.0,-0.6428571428571428,0.42857142857142855,0.007017543859649145,-0.2070588235294118,0.55,0.45,-0.050000000000000044,170.0,0.5,0.5,1.0,1.367,0.09999999999999998,3,0.5,4.100000000000001,0.5,0.7999999999999972,1.2000000000000028,0.19999999999999996,0.19999999999999996,-0.4299999999999997,30.0,55.0,18.0,10.0,0.35750000000000004,0.5,0.0,0.0,0.0,1.0,0.0,0.0,-1.0
501204,2011-04-12,2011,RR,DC,Sawai Mansingh Stadium,1,0.022727272727272818,0.2,0.0,0.8,0.42857142857142855,-0.025000000000000022,0.07631578947368417,0.55,0.45,0.04999999999999999,170.0,0.5,0.5,1.0,0.8400000000000001,-0.09999999999999998,2,0.0,3.0,4.200000000000003,8.899999999999999,-0.8999999999999986,0.40000000000000013,0.09999999999999987,0.2699999999999996,30.0,55.0,18.0,10.0,0.35750000000000004,0.5,1.0,0.0,1.0,2.0,0.0,1.0,-1.0
501207,2011-04-13,2011,PWI,KTK,Dr DY Patil Sports Academy,1,1.0,1.0,0.0,1.0,0.5,0.5,0.5,0.55,0.45,0.04999999999999999,170.0,0.5,0.5,1.0,0.0,0.0,0,0.0,0.0,0.0,0.0,0.0,0.0,0.0,0.0,30.0,55.0,18.0,10.0,0.35750000000000004,0.5,0.0,0.0,0.0,0.0,0.0,0.0,0.0
501206,2011-04-13,2011,PBKS,CSK,"Punjab Cricket Association Stadium, Mohali",1,-0.1199226305609285,-0.4,0.0,-0.41666666666666663,0.0,0.011961722488038284,-0.2532467532467532,0.55,0.45,0.050000000000000044,170.0,0.5,0.5,1.0,0.6539999999999999,0.0,0,0.0,0.0,0.0,0.0,0.0,0.0,0.0,0.0,30.0,55.0,18.0,10.0,0.35750000000000004,0.5,0.0,0.0,0.0,0.0,0.0,0.0,0.0
501208,2011-04-14,2011,DEC,RCB,"Rajiv Gandhi International Stadium, Uppal",1,-0.0625,-0.2,0.0,-1.0,0.5,-0.15833333333333333,0.08333333333333337,0.55,0.45,-0.050000000000000044,170.0,0.5,0.5,1.0,-0.783,-0.09999999999999998,-3,-0.5,-4.100000000000001,-0.5,-0.7999999999999972,-1.2000000000000028,-0.19999999999999996,-0.19999999999999996,0.4299999999999997,30.0,55.0,18.0,10.0,0.35750000000000004,0.5,0.0,0.0,0.0,-1.0,0.0,0.0,1.0
501209,2011-04-15,2011,RR,KKR,Sawai Mansingh Stadium,0,0.17301587301587296,-0.19999999999999996,0.0,0.8181818181818182,0.5,0.14479638009049778,0.1663157894736842,0.55,0.45,-0.050000000000000044,170.0,0.5,0.5,1.0,0.33599999999999997,-0.09999999999999998,2,0.0,3.0,4.200000000000003,8.899999999999999,-0.8999999999999986,0.40000000000000013,0.09999999999999987,0.2699999999999996,30.0,55.0,18.0,10.0,0.35750000000000004,0.5,1.0,0.0,1.0,2.0,0.0,1.0,-1.0
501210,2011-04-15,2011,MI,KTK,Wankhede Stadium,0,0.5555555555555556,0.6,0.0,0.5,0.5,0.050000000000000044,0.56,0.55,0.45,-0.050000000000000044,170.0,0.5,0.5,1.0,-0.584,0.0,0,0.0,0.0,0.0,0.0,0.0,0.0,0.0,0.0,30.0,55.0,18.0,10.0,0.35750000000000004,0.5,0.0,0.0,0.0,0.0,0.0,0.0,0.0
501211,2011-04-16,2011,CSK,RCB,"MA Chidambaram Stadium, Chepauk",1,0.11352040816326531,0.4,0.0,0.033333333333333326,0.42857142857142855,0.06281833616298815,0.21839080459770116,0.55,0.45,-0.04999999999999999,170.0,0.5,0.5,1.0,-1.1280000000000001,-0.09999999999999998,-3,-0.5,-4.100000000000001,-0.5,-0.7999999999999972,-1.2000000000000028,-0.19999999999999996,-0.19999999999999996,0.4299999999999997,30.0,55.0,18.0,10.0,0.35750000000000004,0.5,0.0,0.0,0.0,-1.0,0.0,0.0,1.0
501212,2011-04-16,2011,DEC,PBKS,"Rajiv Gandhi International Stadium, Uppal",0,-0.058503401360544216,-0.2,0.0,-0.8888888888888888,0.3333333333333333,-0.23369565217391308,0.12181818181818183,0.55,0.45,-0.050000000000000044,170.0,0.5,0.5,1.0,-0.309,0.0,0,0.0,0.0,0.0,0.0,0.0,0.0,0.0,0.0,30.0,55.0,18.0,10.0,0.35750000000000004,0.5,0.0,0.0,0.0,0.0,0.0,0.0,0.0
501213,2011-04-17,2011,PWI,DC,Dr DY Patil Sports Academy,0,0.4666666666666667,0.8,0.0,1.0,0.5,0.375,0.07142857142857145,0.55,0.45,-0.050000000000000044,170.0,0.5,0.5,1.0,0.651,0.0,0,0.0,0.0,0.0,0.0,0.0,0.0,0.0,0.0,30.0,55.0,18.0,10.0,0.35750000000000004,0.5,0.0,0.0,0.0,0.0,0.0,0.0,0.0
501214,2011-04-17,2011,KKR,RR,Eden Gardens,1,-0.14661274014155706,0.4,0.0,0.16666666666666663,0.42857142857142855,-0.11538461538461542,-0.14,0.55,0.45,0.050000000000000044,170.0,0.5,0.5,1.0,-0.33599999999999997,0.09999999999999998,-2,0.0,-3.0,-4.200000000000003,-8.899999999999999,0.8999999999999986,-0.40000000000000013,-0.09999999999999987,-0.2699999999999996,30.0,55.0,18.0,10.0,0.35750000000000004,0.5,0.0,1.0,-1.0,-2.0,0.0,-1.0,1.0
501215,2011-04-18,2011,KTK,CSK,Nehru Stadium,1,-0.23809523809523808,-0.46666666666666673,0.0,-0.5714285714285714,0.5,0.42105263157894735,-0.5666666666666667,0.55,0.45,0.050000000000000044,170.0,0.5,0.5,1.0,0.345,0.0,0,0.0,0.0,0.0,0.0,0.0,0.0,0.0,0.0,30.0,55.0,18.0,10.0,0.35750000000000004,0.5,0.0,0.0,0.0,0.0,0.0,0.0,0.0
501216,2011-04-19,2011,DC,DEC,Feroz Shah Kotla,0,0.14347826086956517,0.2,0.0,0.0,0.5714285714285714,0.265,0.005494505494505475,0.55,0.45,0.04999999999999999,170.0,0.5,0.5,1.0,-0.651,0.0,0,0.0,0.0,0.0,0.0,0.0,0.0,0.0,0.0,30.0,55.0,18.0,10.0,0.35750000000000004,0.5,0.0,0.0,0.0,0.0,0.0,0.0,0.0
501219,2011-04-20,2011,KKR,KTK,Eden Gardens,0,-0.06818181818181818,0.30000000000000004,0.0,0.1875,0.5,-0.4736842105263158,0.36,0.55,0.45,0.050000000000000044,170.0,0.5,0.5,1.0,-0.147,0.0,0,0.0,0.0,0.0,0.0,0.0,0.0,0.0,0.0,30.0,55.0,18.0,10.0,0.35750000000000004,0.5,0.0,0.0,0.0,0.0,0.0,0.0,0.0
501218,2011-04-20,2011,MI,PWI,Wankhede Stadium,1,-0.12318840579710144,-0.06666666666666665,0.0,-0.2666666666666666,0.5,-0.44999999999999996,0.5384615384615384,0.55,0.45,0.04999999999999999,170.0,0.5,0.5,1.0,-0.584,0.0,0,0.0,0.0,0.0,0.0,0.0,0.0,0.0,0.0,30.0,55.0,18.0,10.0,0.35750000000000004,0.5,0.0,0.0,0.0,0.0,0.0,0.0,0.0
501220,2011-04-21,2011,PBKS,RR,"Punjab Cricket Association Stadium, Mohali",1,-0.07493061979648474,0.0,0.0,0.11538461538461542,0.3333333333333333,0.009615384615384581,-0.158008658008658,0.55,0.45,-0.050000000000000044,170.0,0.5,0.5,1.0,0.12,0.09999999999999998,-2,0.0,-3.0,-4.200000000000003,-8.899999999999999,0.8999999999999986,-0.40000000000000013,-0.09999999999999987,-0.2699999999999996,30.0,55.0,18.0,10.0,0.35750000000000004,0.5,0.0,1.0,-1.0,-2.0,0.0,-1.0,1.0
501221,2011-04-22,2011,MI,CSK,Wankhede Stadium,1,-0.006808510638297904,0.0,0.0,0.0,0.42857142857142855,-0.007518796992481258,-0.00992555831265507,0.55,0.45,-0.050000000000000044,170.0,0.5,0.5,1.0,-0.239,0.0,0,0.0,0.0,0.0,0.0,0.0,0.0,0.0,0.0,30.0,55.0,18.0,10.0,0.35750000000000004,0.5,0.0,0.0,0.0,0.0,0.0,0.0,0.0
501222,2011-04-22,2011,KKR,RCB,Eden Gardens,0,-0.01777777777777778,0.19999999999999996,0.0,0.6470588235294118,0.5,0.0,0.026666666666666672,0.55,0.45,-0.050000000000000044,170.0,0.5,0.5,1.0,-0.93,-0.09999999999999998,-3,-0.5,-4.100000000000001,-0.5,-0.7999999999999972,-1.2000000000000028,-0.19999999999999996,-0.19999999999999996,0.4299999999999997,30.0,55.0,18.0,10.0,0.35750000000000004,0.5,0.0,0.0,0.0,-1.0,0.0,0.0,1.0
501223,2011-04-23,2011,DC,PBKS,Feroz Shah Kotla,1,0.04255319148936171,-0.39999999999999997,0.0,-0.5333333333333333,0.3333333333333333,-0.009615384615384581,0.08074534161490682,0.55,0.45,-0.050000000000000044,170.0,0.5,0.5,1.0,-0.96,0.0,0,0.0,0.0,0.0,0.0,0.0,0.0,0.0,0.0,30.0,55.0,18.0,10.0,0.35750000000000004,0.5,0.0,0.0,0.0,0.0,0.0,0.0,0.0
501224,2011-04-24,2011,DEC,MI,"Rajiv Gandhi International Stadium, Uppal",0,-0.15073529411764708,-0.4,0.0,-0.9,0.5,-0.1964285714285714,-0.11111111111111116,0.55,0.45,0.050000000000000044,170.0,0.5,0.5,1.0,0.584,0.0,0,0.0,0.0,0.0,0.0,0.0,0.0,0.0,0.0,30.0,55.0,18.0,10.0,0.35750000000000004,0.5,0.0,0.0,0.0,0.0,0.0,0.0,0.0
501225,2011-04-24,2011,RR,KTK,Sawai Mansingh Stadium,1,-0.05833333333333335,-0.19999999999999996,0.0,0.15000000000000002,0.5,-0.40740740740740744,0.14285714285714285,0.55,0.45,0.050000000000000044,170.0,0.5,0.5,1.0,0.189,-0.09999999999999998,2,0.0,3.0,4.200000000000003,8.899999999999999,-0.8999999999999986,0.40000000000000013,0.09999999999999987,0.2699999999999996,30.0,55.0,18.0,10.0,0.35750000000000004,0.5,1.0,0.0,1.0,2.0,0.0,1.0,-1.0
501226,2011-04-25,2011,CSK,PWI,"MA Chidambaram Stadium, Chepauk",1,0.0490196078431373,-0.09999999999999998,0.0,0.0625,0.5,-0.44999999999999996,0.5483870967741935,0.55,0.45,-0.050000000000000044,170.0,0.5,0.5,1.0,-0.345,0.0,0,0.0,0.0,0.0,0.0,0.0,0.0,0.0,0.0,30.0,55.0,18.0,10.0,0.35750000000000004,0.5,0.0,0.0,0.0,0.0,0.0,0.0,0.0
501227,2011-04-26,2011,DC,RCB,Feroz Shah Kotla,0,0.09068627450980388,0.0,0.0,0.5,0.8333333333333334,0.10023310023310028,0.12121212121212122,0.55,0.45,-0.050000000000000044,170.0,0.5,0.5,1.0,-1.4340000000000002,-0.09999999999999998,-3,-0.5,-4.100000000000001,-0.5,-0.7999999999999972,-1.2000000000000028,-0.19999999999999996,-0.19999999999999996,0.4299999999999997,30.0,55.0,18.0,10.0,0.35750000000000004,0.5,0.0,0.0,0.0,-1.0,0.0,0.0,1.0
501228,2011-04-27,2011,PWI,CSK,Dr DY Patil Sports Academy,0,-0.1576923076923077,0.0,0.0,0.0,0.0,0.11666666666666659,-0.5625,0.55,0.45,-0.04999999999999999,170.0,0.5,0.5,1.0,0.345,0.0,0,0.0,0.0,0.0,0.0,0.0,0.0,0.0,0.0,30.0,55.0,18.0,10.0,0.35750000000000004,0.5,0.0,0.0,0.0,0.0,0.0,0.0,0.0
501229,2011-04-27,2011,KTK,DEC,Nehru Stadium,0,0.09615384615384615,0.19999999999999996,0.0,0.09615384615384615,0.5,0.64,-0.19444444444444442,0.55,0.45,0.050000000000000044,170.0,0.5,0.5,1.0,0.0,0.0,0,0.0,0.0,0.0,0.0,0.0,0.0,0.0,0.0,30.0,55.0,18.0,10.0,0.35750000000000004,0.5,0.0,0.0,0.0,0.0,0.0,0.0,0.0
501230,2011-04-28,2011,DC,KKR,Feroz Shah Kotla,0,0.11756876663708965,-0.19999999999999996,0.0,0.47058823529411764,0.6,0.11538461538461542,0.08862876254180602,0.55,0.45,0.050000000000000044,170.0,0.5,0.5,1.0,-0.504,0.0,0,0.0,0.0,0.0,0.0,0.0,0.0,0.0,0.0,30.0,55.0,18.0,10.0,0.35750000000000004,0.5,0.0,0.0,0.0,0.0,0.0,0.0,0.0
501232,2011-04-29,2011,RCB,PWI,M Chinnaswamy Stadium,1,0.12820512820512825,0.2,0.0,0.0,0.5,-0.13725490196078427,0.3333333333333333,0.55,0.45,-0.050000000000000044,170.0,0.5,0.5,1.0,0.783,0.09999999999999998,3,0.5,4.100000000000001,0.5,0.7999999999999972,1.2000000000000028,0.19999999999999996,0.19999999999999996,-0.4299999999999997,30.0,55.0,18.0,10.0,0.35750000000000004,0.5,0.0,0.0,0.0,1.0,0.0,0.0,-1.0
501231,2011-04-29,2011,RR,MI,Sawai Mansingh Stadium,1,-0.020408163265306145,-0.4,0.0,0.2692307692307693,0.4,0.0357142857142857,-0.09523809523809523,0.55,0.45,0.050000000000000044,170.0,0.5,0.5,1.0,0.7729999999999999,-0.09999999999999998,2,0.0,3.0,4.200000000000003,8.899999999999999,-0.8999999999999986,0.40000000000000013,0.09999999999999987,0.2699999999999996,30.0,55.0,18.0,10.0,0.35750000000000004,0.5,1.0,0.0,1.0,2.0,0.0,1.0,-1.0
501234,2011-04-30,2011,KKR,PBKS,Eden Gardens,1,-0.05363475177304966,0.0,0.0,0.11111111111111116,0.5,-0.09999999999999998,0.02254428341384862,0.55,0.45,0.050000000000000044,170.0,0.5,0.5,1.0,-0.45599999999999996,0.0,0,0.0,0.0,0.0,0.0,0.0,0.0,0.0,0.0,30.0,55.0,18.0,10.0,0.35750000000000004,0.5,0.0,0.0,0.0,0.0,0.0,0.0,0.0
501233,2011-04-30,2011,KTK,DC,Nehru Stadium,0,-0.09142857142857147,0.19999999999999996,0.0,-0.1866666666666667,0.5,0.07407407407407407,-0.18478260869565216,0.55,0.45,0.04999999999999999,170.0,0.5,0.5,1.0,0.651,0.0,0,0.0,0.0,0.0,0.0,0.0,0.0,0.0,0.0,30.0,55.0,18.0,10.0,0.35750000000000004,0.5,0.0,0.0,0.0,0.0,0.0,0.0,0.0
501236,2011-05-01,2011,CSK,DEC,"MA Chidambaram Stadium, Chepauk",1,0.15094339622641506,0.0,0.0,-0.4117647058823529,0.42857142857142855,0.2114285714285714,0.0982142857142857,0.55,0.45,-0.04999999999999999,170.0,0.5,0.5,1.0,-0.345,0.0,0,0.0,0.0,0.0,0.0,0.0,0.0,0.0,0.0,30.0,55.0,18.0,10.0,0.35750000000000004,0.5,0.0,0.0,0.0,0.0,0.0,0.0,0.0
501235,2011-05-01,2011,RR,PWI,Sawai Mansingh Stadium,1,0.27428571428571435,0.4,0.0,0.5,0.5,0.12068965517241381,0.47619047619047616,0.55,0.45,0.050000000000000044,170.0,0.5,0.5,1.0,0.189,-0.09999999999999998,2,0.0,3.0,4.200000000000003,8.899999999999999,-0.8999999999999986,0.40000000000000013,0.09999999999999987,0.2699999999999996,30.0,55.0,18.0,10.0,0.35750000000000004,0.5,1.0,0.0,1.0,2.0,0.0,1.0,-1.0
501238,2011-05-02,2011,DC,KTK,Feroz Shah Kotla,0,0.15441176470588236,0.0,0.0,0.06944444444444442,1.0,0.09259259259259256,0.20833333333333331,0.55,0.45,-0.050000000000000044,170.0,0.5,0.5,1.0,-0.651,0.0,0,0.0,0.0,0.0,0.0,0.0,0.0,0.0,0.0,30.0,55.0,18.0,10.0,0.35750000000000004,0.5,0.0,0.0,0.0,0.0,0.0,0.0,0.0
501237,2011-05-02,2011,MI,PBKS,Wankhede Stadium,1,0.09061224489795922,0.0,0.0,0.0714285714285714,0.3333333333333333,-0.02857142857142858,0.21839080459770116,0.55,0.45,-0.050000000000000044,170.0,0.5,0.5,1.0,-0.893,0.0,0,0.0,0.0,0.0,0.0,0.0,0.0,0.0,0.0,30.0,55.0,18.0,10.0,0.35750000000000004,0.5,0.0,0.0,0.0,0.0,0.0,0.0,0.0
501239,2011-05-03,2011,DEC,KKR,"Rajiv Gandhi International Stadium, Uppal",0,-0.030092592592592615,-0.19999999999999996,0.0,-0.9090909090909091,0.2857142857142857,-0.1776556776556777,0.09391534391534395,0.55,0.45,0.050000000000000044,170.0,0.5,0.5,1.0,0.147,0.0,0,0.0,0.0,0.0,0.0,0.0,0.0,0.0,0.0,30.0,55.0,18.0,10.0,0.35750000000000004,0.5,0.0,0.0,0.0,0.0,0.0,0.0,0.0
501240,2011-05-04,2011,CSK,RR,"MA Chidambaram Stadium, Chepauk",1,0.005446623093681935,0.0,0.0,0.11111111111111116,0.42857142857142855,-0.06190476190476191,0.09956709956709964,0.55,0.45,0.04999999999999999,170.0,0.5,0.5,1.0,-0.534,0.09999999999999998,-2,0.0,-3.0,-4.200000000000003,-8.899999999999999,0.8999999999999986,-0.40000000000000013,-0.09999999999999987,-0.2699999999999996,30.0,55.0,18.0,10.0,0.35750000000000004,0.5,0.0,1.0,-1.0,-2.0,0.0,-1.0,1.0
501241,2011-05-04,2011,PWI,MI,Dr DY Patil Sports Academy,0,-0.31862745098039214,-0.8,0.0,-0.16666666666666663,0.0,-0.0714285714285714,-0.5666666666666667,0.55,0.45,0.050000000000000044,170.0,0.5,0.5,1.0,0.584,0.0,0,0.0,0.0,0.0,0.0,0.0,0.0,0.0,0.0,30.0,55.0,18.0,10.0,0.35750000000000004,0.5,0.0,0.0,0.0,0.0,0.0,0.0,0.0
501242,2011-05-05,2011,KTK,KKR,Nehru Stadium,1,-0.004535147392290273,-0.19999999999999996,0.0,-0.1989795918367347,1.0,0.07619047619047614,-0.14285714285714285,0.55,0.45,-0.050000000000000044,170.0,0.5,0.5,1.0,0.147,0.0,0,0.0,0.0,0.0,0.0,0.0,0.0,0.0,0.0,30.0,55.0,18.0,10.0,0.35750000000000004,0.5,0.0,0.0,0.0,0.0,0.0,0.0,0.0
501243,2011-05-05,2011,DEC,DC,"Rajiv Gandhi International Stadium, Uppal",0,-0.11923076923076925,0.0,0.0,-0.9166666666666666,0.5,-0.25925925925925924,0.0242857142857143,0.55,0.45,-0.050000000000000044,170.0,0.5,0.5,1.0,0.651,0.0,0,0.0,0.0,0.0,0.0,0.0,0.0,0.0,0.0,30.0,55.0,18.0,10.0,0.35750000000000004,0.5,0.0,0.0,0.0,0.0,0.0,0.0,0.0
501244,2011-05-06,2011,RCB,PBKS,M Chinnaswamy Stadium,1,0.011698113207547156,0.19999999999999996,0.0,-0.125,0.5,-0.04751131221719451,0.03508771929824561,0.55,0.45,-0.050000000000000044,170.0,0.5,0.5,1.0,0.47400000000000003,0.09999999999999998,3,0.5,4.100000000000001,0.5,0.7999999999999972,1.2000000000000028,0.19999999999999996,0.19999999999999996,-0.4299999999999997,30.0,55.0,18.0,10.0,0.35750000000000004,0.5,0.0,0.0,0.0,1.0,0.0,0.0,-1.0
501245,2011-05-07,2011,KKR,CSK,Eden Gardens,1,-0.1418181818181818,-0.20000000000000007,0.0,-0.368421052631579,0.16666666666666666,-0.09090909090909094,-0.18290043290043295,0.55,0.45,0.04999999999999999,170.0,0.5,0.5,1.0,0.19799999999999998,0.0,0,0.0,0.0,0.0,0.0,0.0,0.0,0.0,0.0,30.0,55.0,18.0,10.0,0.35750000000000004,0.5,0.0,0.0,0.0,0.0,0.0,0.0,0.0
501246,2011-05-07,2011,MI,DC,Wankhede Stadium,1,0.04862119013062405,0.4,0.0,0.625,0.5714285714285714,-0.0357142857142857,0.14064516129032262,0.55,0.45,-0.050000000000000044,170.0,0.5,0.5,1.0,0.06700000000000006,0.0,0,0.0,0.0,0.0,0.0,0.0,0.0,0.0,0.0,30.0,55.0,18.0,10.0,0.35750000000000004,0.5,0.0,0.0,0.0,0.0,0.0,0.0,0.0
501247,2011-05-08,2011,RCB,KTK,M Chinnaswamy Stadium,1,-0.018518518518518545,0.4,0.0,-0.08823529411764708,1.0,-0.07058823529411762,0.0,0.55,0.45,0.04999999999999999,170.0,0.5,0.5,1.0,0.783,0.09999999999999998,3,0.5,4.100000000000001,0.5,0.7999999999999972,1.2000000000000028,0.19999999999999996,0.19999999999999996,-0.4299999999999997,30.0,55.0,18.0,10.0,0.35750000000000004,0.5,0.0,0.0,0.0,1.0,0.0,0.0,-1.0
501248,2011-05-08,2011,PBKS,PWI,"Punjab Cricket Association Stadium, Mohali",0,0.22875816993464054,0.2,0.0,0.4206349206349207,0.0,0.15555555555555556,0.3333333333333333,0.55,0.45,-0.04999999999999999,170.0,0.5,0.5,1.0,0.309,0.0,0,0.0,0.0,0.0,0.0,0.0,0.0,0.0,0.0,30.0,55.0,18.0,10.0,0.35750000000000004,0.5,0.0,0.0,0.0,0.0,0.0,0.0,0.0
501249,2011-05-09,2011,RR,CSK,Sawai Mansingh Stadium,0,-0.013736263736263687,-0.20000000000000007,0.0,0.8,0.5,0.042424242424242364,-0.10427807486631019,0.55,0.45,0.050000000000000044,170.0,0.5,0.5,1.0,0.534,-0.09999999999999998,2,0.0,3.0,4.200000000000003,8.899999999999999,-0.8999999999999986,0.40000000000000013,0.09999999999999987,0.2699999999999996,30.0,55.0,18.0,10.0,0.35750000000000004,0.5,1.0,0.0,1.0,2.0,0.0,1.0,-1.0
501251,2011-05-10,2011,PBKS,MI,"Punjab Cricket Association Stadium, Mohali",1,-0.14259796806966618,-0.8,0.0,0.6,0.5714285714285714,-0.015873015873015817,-0.27375,0.55,0.45,-0.050000000000000044,170.0,0.5,0.5,1.0,0.893,0.0,0,0.0,0.0,0.0,0.0,0.0,0.0,0.0,0.0,30.0,55.0,18.0,10.0,0.35750000000000004,0.5,0.0,0.0,0.0,0.0,0.0,0.0,0.0
501250,2011-05-10,2011,DEC,PWI,"Rajiv Gandhi International Stadium, Uppal",0,0.09285714285714286,0.0,0.0,-0.22307692307692306,0.5,-0.16666666666666669,0.4482758620689655,0.55,0.45,-0.04999999999999999,170.0,0.5,0.5,1.0,0.0,0.0,0,0.0,0.0,0.0,0.0,0.0,0.0,0.0,0.0,30.0,55.0,18.0,10.0,0.35750000000000004,0.5,0.0,0.0,0.0,0.0,0.0,0.0,0.0
501252,2011-05-11,2011,RR,RCB,Sawai Mansingh Stadium,0,0.0562607204116638,-0.4,0.0,0.25,0.5,0.07004608294930881,0.05454545454545451,0.55,0.45,-0.050000000000000044,170.0,0.5,0.5,1.0,-0.5940000000000001,-0.19999999999999996,-1,-0.5,-1.1000000000000014,3.700000000000003,8.100000000000001,-2.1000000000000014,0.20000000000000018,-0.10000000000000009,0.6999999999999993,30.0,55.0,18.0,10.0,0.35750000000000004,0.5,1.0,0.0,1.0,1.0,0.0,1.0,0.0
501253,2011-05-12,2011,CSK,DC,"MA Chidambaram Stadium, Chepauk",1,0.060428849902534165,0.4,0.0,-0.368421052631579,0.5,0.004702194357366851,0.1314285714285714,0.55,0.45,-0.04999999999999999,170.0,0.5,0.5,1.0,0.30600000000000005,0.0,0,0.0,0.0,0.0,0.0,0.0,0.0,0.0,0.0,30.0,55.0,18.0,10.0,0.35750000000000004,0.5,0.0,0.0,0.0,0.0,0.0,0.0,0.0
501254,2011-05-13,2011,KTK,PBKS,Holkar Cricket Stadium,0,0.0017152658662092368,0.2,0.0,0.0017152658662092368,0.5,0.0444444444444444,-0.01282051282051283,0.55,0.45,-0.050000000000000044,170.0,0.5,0.5,1.0,-0.309,0.0,0,0.0,0.0,0.0,0.0,0.0,0.0,0.0,0.0,30.0,55.0,18.0,10.0,0.35750000000000004,0.5,0.0,0.0,0.0,0.0,0.0,0.0,0.0
501255,2011-05-14,2011,RCB,KKR,M Chinnaswamy Stadium,1,0.04901960784313725,0.19999999999999996,0.0,-0.05555555555555558,0.5714285714285714,0.033816425120772986,0.007142857142857173,0.55,0.45,0.050000000000000044,170.0,0.5,0.5,1.0,0.93,0.09999999999999998,3,0.5,4.100000000000001,0.5,0.7999999999999972,1.2000000000000028,0.19999999999999996,0.19999999999999996,-0.4299999999999997,30.0,55.0,18.0,10.0,0.35750000000000004,0.5,0.0,0.0,0.0,1.0,0.0,0.0,-1.0
501256,2011-05-14,2011,MI,DEC,Wankhede Stadium,0,0.18810916179337234,0.39999999999999997,0.0,0.2807017543859649,0.5714285714285714,0.2121212121212121,0.16041666666666665,0.55,0.45,0.04999999999999999,170.0,0.5,0.5,1.0,-0.584,0.0,0,0.0,0.0,0.0,0.0,0.0,0.0,0.0,0.0,30.0,55.0,18.0,10.0,0.35750000000000004,0.5,0.0,0.0,0.0,0.0,0.0,0.0,0.0
501257,2011-05-15,2011,PBKS,DC,Himachal Pradesh Cricket Association Stadium,1,-0.04612794612794607,0.0,0.0,-0.509090909090909,0.5714285714285714,0.004761904761904745,-0.09384615384615386,0.55,0.45,-0.050000000000000044,170.0,0.5,0.5,1.0,0.96,0.0,0,0.0,0.0,0.0,0.0,0.0,0.0,0.0,0.0,30.0,55.0,18.0,10.0,0.35750000000000004,0.5,0.0,0.0,0.0,0.0,0.0,0.0,0.0
501258,2011-05-15,2011,KTK,RR,Holkar Cricket Stadium,1,-0.1203703703703704,0.0,0.0,-0.5370370370370371,0.0,-0.012903225806451646,-0.14906832298136646,0.55,0.45,0.050000000000000044,170.0,0.5,0.5,1.0,-0.189,0.09999999999999998,-2,0.0,-3.0,-4.200000000000003,-8.899999999999999,0.8999999999999986,-0.40000000000000013,-0.09999999999999987,-0.2699999999999996,30.0,55.0,18.0,10.0,0.35750000000000004,0.5,0.0,1.0,-1.0,-2.0,0.0,-1.0,1.0
501259,2011-05-16,2011,PWI,DEC,Dr DY Patil Sports Academy,0,-0.0329153605015674,0.2,0.0,0.2,1.0,0.23809523809523808,-0.45161290322580644,0.55,0.45,-0.050000000000000044,170.0,0.5,0.5,1.0,0.0,0.0,0,0.0,0.0,0.0,0.0,0.0,0.0,0.0,0.0,30.0,55.0,18.0,10.0,0.35750000000000004,0.5,0.0,0.0,0.0,0.0,0.0,0.0,0.0
501260,2011-05-17,2011,PBKS,RCB,Himachal Pradesh Cricket Association Stadium,1,-0.03604465709728871,-0.4,0.0,-0.17543859649122812,0.42857142857142855,0.0038610038610038533,-0.029629629629629672,0.55,0.45,-0.04999999999999999,170.0,0.5,0.5,1.0,-0.47400000000000003,-0.09999999999999998,-3,-0.5,-4.100000000000001,-0.5,-0.7999999999999972,-1.2000000000000028,-0.19999999999999996,-0.19999999999999996,0.4299999999999997,30.0,55.0,18.0,10.0,0.35750000000000004,0.5,0.0,0.0,0.0,-1.0,0.0,0.0,1.0
501261,2011-05-18,2011,CSK,KTK,"MA Chidambaram Stadium, Chepauk",1,0.12466843501326252,0.20000000000000007,0.0,0.18846153846153846,0.0,-0.07575757575757569,0.29761904761904767,0.55,0.45,-0.04999999999999999,170.0,0.5,0.5,1.0,-0.345,0.0,0,0.0,0.0,0.0,0.0,0.0,0.0,0.0,0.0,30.0,55.0,18.0,10.0,0.35750000000000004,0.5,0.0,0.0,0.0,0.0,0.0,0.0,0.0
501262,2011-05-19,2011,PWI,KKR,Dr DY Patil Sports Academy,0,-0.10897435897435898,-0.19999999999999996,0.0,-0.6666666666666667,0.5,0.0496894409937888,-0.3793103448275862,0.55,0.45,-0.050000000000000044,170.0,0.5,0.5,1.0,0.147,0.0,0,0.0,0.0,0.0,0.0,0.0,0.0,0.0,0.0,30.0,55.0,18.0,10.0,0.35750000000000004,0.5,0.0,0.0,0.0,0.0,0.0,0.0,0.0
501263,2011-05-20,2011,MI,RR,Wankhede Stadium,0,0.036363636363636376,0.39999999999999997,0.0,-0.4,0.5,-0.09116409537166903,0.17708333333333331,0.55,0.45,-0.04999999999999999,170.0,0.5,0.5,1.0,-0.7729999999999999,0.09999999999999998,-2,0.0,-3.0,-4.200000000000003,-8.899999999999999,0.8999999999999986,-0.40000000000000013,-0.09999999999999987,-0.2699999999999996,30.0,55.0,18.0,10.0,0.35750000000000004,0.5,0.0,1.0,-1.0,-2.0,0.0,-1.0,1.0
501264,2011-05-21,2011,PBKS,DEC,Himachal Pradesh Cricket Association Stadium,0,0.07536319612590797,0.4,0.0,-0.5,0.7142857142857143,0.21428571428571425,-0.05875576036866359,0.55,0.45,0.050000000000000044,170.0,0.5,0.5,1.0,0.309,0.0,0,0.0,0.0,0.0,0.0,0.0,0.0,0.0,0.0,30.0,55.0,18.0,10.0,0.35750000000000004,0.5,0.0,0.0,0.0,0.0,0.0,0.0,0.0
501265,2011-05-21,2011,DC,PWI,Feroz Shah Kotla,0,0.1923076923076923,-0.2,0.0,0.11336032388663964,1.0,-0.02304147465437789,0.44,0.55,0.45,-0.04999999999999999,170.0,0.5,0.5,1.0,-0.651,0.0,0,0.0,0.0,0.0,0.0,0.0,0.0,0.0,0.0,30.0,55.0,18.0,10.0,0.35750000000000004,0.5,0.0,0.0,0.0,0.0,0.0,0.0,0.0
501267,2011-05-22,2011,KKR,MI,Eden Gardens,0,-0.10074123989218331,0.19999999999999996,0.0,0.15000000000000002,0.16666666666666666,0.019927536231884035,-0.1964472309299896,0.55,0.45,-0.050000000000000044,170.0,0.5,0.5,1.0,0.43699999999999994,0.0,0,0.0,0.0,0.0,0.0,0.0,0.0,0.0,0.0,30.0,55.0,18.0,10.0,0.35750000000000004,0.5,0.0,0.0,0.0,0.0,0.0,0.0,0.0
501266,2011-05-22,2011,RCB,CSK,M Chinnaswamy Stadium,1,-0.09322033898305082,0.0,0.0,-0.026315789473684237,0.5,-0.038277511961722466,-0.1945945945945946,0.55,0.45,0.050000000000000044,170.0,0.5,0.5,1.0,1.1280000000000001,0.09999999999999998,3,0.5,4.100000000000001,0.5,0.7999999999999972,1.2000000000000028,0.19999999999999996,0.19999999999999996,-0.4299999999999997,30.0,55.0,18.0,10.0,0.35750000000000004,0.5,0.0,0.0,0.0,1.0,0.0,0.0,-1.0
501268,2011-05-24,2011,RCB,CSK,Wankhede Stadium,0,-0.07485875706214695,0.20000000000000007,0.0,0.6666666666666667,0.5555555555555556,-0.026806526806526842,-0.17894736842105263,0.55,0.45,-0.050000000000000044,170.0,0.5,0.5,1.0,1.1280000000000001,0.09999999999999998,3,0.5,4.100000000000001,0.5,0.7999999999999972,1.2000000000000028,0.19999999999999996,0.19999999999999996,-0.4299999999999997,30.0,55.0,18.0,10.0,0.35750000000000004,0.5,0.0,0.0,0.0,1.0,0.0,0.0,-1.0
501269,2011-05-25,2011,MI,KKR,Wankhede Stadium,1,0.11695906432748537,0.0,0.0,0.5454545454545454,0.8571428571428571,0.0,0.20909090909090916,0.55,0.45,0.050000000000000044,170.0,0.5,0.5,1.0,-0.43699999999999994,0.0,0,0.0,0.0,0.0,0.0,0.0,0.0,0.0,0.0,30.0,55.0,18.0,10.0,0.35750000000000004,0.5,0.0,0.0,0.0,0.0,0.0,0.0,0.0
501270,2011-05-27,2011,RCB,MI,"MA Chidambaram Stadium, Chepauk",1,-0.06896551724137934,0.19999999999999996,0.0,0.3333333333333333,0.375,0.004102564102564044,-0.19480519480519487,0.55,0.45,-0.050000000000000044,170.0,0.5,0.5,1.0,1.367,0.09999999999999998,3,0.5,4.100000000000001,0.5,0.7999999999999972,1.2000000000000028,0.19999999999999996,0.19999999999999996,-0.4299999999999997,30.0,55.0,18.0,10.0,0.35750000000000004,0.5,0.0,0.0,0.0,1.0,0.0,0.0,-1.0
501271,2011-05-28,2011,CSK,RCB,"MA Chidambaram Stadium, Chepauk",1,0.08196721311475408,0.20000000000000007,0.0,0.16666666666666663,0.5,0.044593088071348985,0.16985645933014354,0.55,0.45,-0.04999999999999999,170.0,0.5,0.5,1.0,-1.1280000000000001,-0.09999999999999998,-3,-0.5,-4.100000000000001,-0.5,-0.7999999999999972,-1.2000000000000028,-0.19999999999999996,-0.19999999999999996,0.4299999999999997,30.0,55.0,18.0,10.0,0.35750000000000004,0.5,0.0,0.0,0.0,-1.0,0.0,0.0,1.0
548306,2012-04-04,2012,CSK,MI,"MA Chidambaram Stadium, Chepauk",0,0.037452159650082084,0.4,0.0,0.6818181818181818,0.5,0.07023411371237465,0.013986013986013957,0.55,0.45,-0.050000000000000044,170.0,0.5,0.5,1.0,0.239,0.0,0,0.0,0.0,0.0,0.0,0.0,0.0,0.0,0.0,30.0,55.0,18.0,10.0,0.35750000000000004,0.5,0.0,0.0,0.0,0.0,0.0,0.0,0.0
548307,2012-04-05,2012,KKR,DC,Eden Gardens,0,-0.05486443381180223,0.2,0.0,0.6190476190476191,0.5,-0.006720430107526876,-0.0682382133995037,0.55,0.45,-0.050000000000000044,170.0,0.5,0.5,1.0,0.504,0.0,0,0.0,0.0,0.0,0.0,0.0,0.0,0.0,0.0,30.0,55.0,18.0,10.0,0.35750000000000004,0.5,0.0,0.0,0.0,0.0,0.0,0.0,0.0
548308,2012-04-06,2012,MI,PWI,Wankhede Stadium,0,0.28095238095238095,0.19999999999999996,0.0,0.5833333333333334,1.0,0.05555555555555558,0.5757575757575758,0.55,0.45,0.050000000000000044,170.0,0.5,0.5,1.0,-0.584,0.0,0,0.0,0.0,0.0,0.0,0.0,0.0,0.0,0.0,30.0,55.0,18.0,10.0,0.35750000000000004,0.5,0.0,0.0,0.0,0.0,0.0,0.0,0.0
548309,2012-04-06,2012,RR,PBKS,Sawai Mansingh Stadium,1,0.062030075187969935,-0.6000000000000001,0.0,0.7058823529411765,0.5714285714285714,0.07327586206896552,0.023809523809523836,0.55,0.45,-0.050000000000000044,170.0,0.5,0.5,1.0,-0.12,-0.09999999999999998,2,0.0,3.0,4.200000000000003,8.899999999999999,-0.8999999999999986,0.40000000000000013,0.09999999999999987,0.2699999999999996,30.0,55.0,18.0,10.0,0.35750000000000004,0.5,1.0,0.0,1.0,2.0,0.0,1.0,-1.0
548311,2012-04-07,2012,DEC,CSK,Dr. Y.S. Rajasekhara Reddy ACA-VDCA Cricket Stadium,0,-0.17063492063492064,0.0,0.0,-0.17063492063492064,0.5,-0.25155279503105593,-0.10624999999999996,0.55,0.45,0.050000000000000044,170.0,0.5,0.5,1.0,0.345,0.0,0,0.0,0.0,0.0,0.0,0.0,0.0,0.0,0.0,30.0,55.0,18.0,10.0,0.35750000000000004,0.5,0.0,0.0,0.0,0.0,0.0,0.0,0.0
548310,2012-04-07,2012,RCB,DC,M Chinnaswamy Stadium,1,0.0,0.2,0.0,-0.5,0.2857142857142857,-0.012499999999999956,-0.013986013986013957,0.55,0.45,-0.050000000000000044,170.0,0.5,0.5,1.0,1.4340000000000002,0.09999999999999998,3,0.5,4.100000000000001,0.5,0.7999999999999972,1.2000000000000028,0.19999999999999996,0.19999999999999996,-0.4299999999999997,30.0,55.0,18.0,10.0,0.35750000000000004,0.5,0.0,0.0,0.0,1.0,0.0,0.0,-1.0
548312,2012-04-08,2012,RR,KKR,Sawai Mansingh Stadium,1,0.1152882205513785,0.2,0.0,0.2222222222222222,0.375,0.08333333333333337,0.09625,0.55,0.45,-0.050000000000000044,170.0,0.5,0.5,1.0,0.33599999999999997,-0.09999999999999998,2,0.0,3.0,4.200000000000003,8.899999999999999,-0.8999999999999986,0.40000000000000013,0.09999999999999987,0.2699999999999996,30.0,55.0,18.0,10.0,0.35750000000000004,0.5,1.0,0.0,1.0,2.0,0.0,1.0,-1.0
548313,2012-04-08,2012,PWI,PBKS,Subrata Roy Sahara Stadium,1,-0.13218390804597702,-0.19999999999999996,0.0,-0.13218390804597702,1.0,-0.033333333333333326,-0.25,0.55,0.45,-0.04999999999999999,170.0,0.5,0.5,1.0,-0.309,0.0,0,0.0,0.0,0.0,0.0,0.0,0.0,0.0,0.0,30.0,55.0,18.0,10.0,0.35750000000000004,0.5,0.0,0.0,0.0,0.0,0.0,0.0,0.0
548314,2012-04-09,2012,DEC,MI,Dr. Y.S. Rajasekhara Reddy ACA-VDCA Cricket Stadium,0,-0.14754098360655732,0.0,0.0,-0.5573770491803278,0.5,-0.19088669950738912,-0.1070075757575758,0.55,0.45,-0.04999999999999999,170.0,0.5,0.5,1.0,0.584,0.0,0,0.0,0.0,0.0,0.0,0.0,0.0,0.0,0.0,30.0,55.0,18.0,10.0,0.35750000000000004,0.5,0.0,0.0,0.0,0.0,0.0,0.0,0.0
548315,2012-04-10,2012,RCB,KKR,M Chinnaswamy Stadium,0,0.08688387635756056,0.39999999999999997,0.0,0.19047619047619052,0.625,0.030000000000000027,0.09103260869565216,0.55,0.45,0.050000000000000044,170.0,0.5,0.5,1.0,0.93,0.09999999999999998,3,0.5,4.100000000000001,0.5,0.7999999999999972,1.2000000000000028,0.19999999999999996,0.19999999999999996,-0.4299999999999997,30.0,55.0,18.0,10.0,0.35750000000000004,0.5,0.0,0.0,0.0,1.0,0.0,0.0,-1.0
548316,2012-04-10,2012,DC,CSK,Feroz Shah Kotla,1,-0.10222457627118642,-0.39999999999999997,0.0,-0.6,0.42857142857142855,-0.06324110671936767,-0.16228893058161348,0.55,0.45,0.050000000000000044,170.0,0.5,0.5,1.0,-0.30600000000000005,0.0,0,0.0,0.0,0.0,0.0,0.0,0.0,0.0,0.0,30.0,55.0,18.0,10.0,0.35750000000000004,0.5,0.0,0.0,0.0,0.0,0.0,0.0,0.0
548317,2012-04-11,2012,MI,RR,Wankhede Stadium,1,0.012791991101223643,0.0,0.0,-0.46153846153846156,0.42857142857142855,-0.07327586206896552,0.11421911421911424,0.55,0.45,-0.050000000000000044,170.0,0.5,0.5,1.0,-0.7729999999999999,0.09999999999999998,-2,0.0,-3.0,-4.200000000000003,-8.899999999999999,0.8999999999999986,-0.40000000000000013,-0.09999999999999987,-0.2699999999999996,30.0,55.0,18.0,10.0,0.35750000000000004,0.5,0.0,1.0,-1.0,-2.0,0.0,-1.0,1.0
548318,2012-04-12,2012,CSK,RCB,"MA Chidambaram Stadium, Chepauk",1,0.08461538461538465,0.19999999999999996,0.0,0.25217391304347825,0.5454545454545454,0.07211028632025451,0.13664596273291924,0.55,0.45,0.04999999999999999,170.0,0.5,0.5,1.0,-1.1280000000000001,-0.09999999999999998,-3,-0.5,-4.100000000000001,-0.5,-0.7999999999999972,-1.2000000000000028,-0.19999999999999996,-0.19999999999999996,0.4299999999999997,30.0,55.0,18.0,10.0,0.35750000000000004,0.5,0.0,0.0,0.0,-1.0,0.0,0.0,1.0
548319,2012-04-12,2012,PBKS,PWI,"Punjab Cricket Association Stadium, Mohali",1,0.0826271186440678,0.0,0.0,-0.375,0.0,0.016129032258064502,0.14285714285714285,0.55,0.45,0.050000000000000044,170.0,0.5,0.5,1.0,0.309,0.0,0,0.0,0.0,0.0,0.0,0.0,0.0,0.0,0.0,30.0,55.0,18.0,10.0,0.35750000000000004,0.5,0.0,0.0,0.0,0.0,0.0,0.0,0.0
548320,2012-04-13,2012,KKR,RR,Eden Gardens,1,-0.11133839859731154,-0.39999999999999997,0.0,0.2575757575757576,0.4444444444444444,-0.08606060606060606,-0.09790209790209792,0.55,0.45,0.04999999999999999,170.0,0.5,0.5,1.0,-0.33599999999999997,0.09999999999999998,-2,0.0,-3.0,-4.200000000000003,-8.899999999999999,0.8999999999999986,-0.40000000000000013,-0.09999999999999987,-0.2699999999999996,30.0,55.0,18.0,10.0,0.35750000000000004,0.5,0.0,1.0,-1.0,-2.0,0.0,-1.0,1.0
548322,2012-04-14,2012,PWI,CSK,Subrata Roy Sahara Stadium,1,-0.23796791443850268,-0.19999999999999996,0.0,0.40909090909090906,0.0,-0.125,-0.3492063492063492,0.55,0.45,0.04999999999999999,170.0,0.5,0.5,1.0,0.345,0.0,0,0.0,0.0,0.0,0.0,0.0,0.0,0.0,0.0,30.0,55.0,18.0,10.0,0.35750000000000004,0.5,0.0,0.0,0.0,0.0,0.0,0.0,0.0
548323,2012-04-15,2012,KKR,PBKS,Eden Gardens,0,-0.025988700564971767,0.0,0.0,0.27536231884057977,0.5714285714285714,0.007211538461538436,-0.029220779220779203,0.55,0.45,0.050000000000000044,170.0,0.5,0.5,1.0,-0.45599999999999996,0.0,0,0.0,0.0,0.0,0.0,0.0,0.0,0.0,0.0,30.0,55.0,18.0,10.0,0.35750000000000004,0.5,0.0,0.0,0.0,0.0,0.0,0.0,0.0
548324,2012-04-15,2012,RCB,RR,M Chinnaswamy Stadium,0,-0.04102564102564099,-0.19999999999999996,0.0,0.0,0.5714285714285714,-0.06947524020694751,-0.027777777777777735,0.55,0.45,0.04999999999999999,170.0,0.5,0.5,1.0,0.5940000000000001,0.19999999999999996,1,0.5,1.1000000000000014,-3.700000000000003,-8.100000000000001,2.1000000000000014,-0.20000000000000018,0.10000000000000009,-0.6999999999999993,30.0,55.0,18.0,10.0,0.35750000000000004,0.5,0.0,1.0,-1.0,-1.0,0.0,-1.0,0.0
548325,2012-04-16,2012,MI,DC,Wankhede Stadium,0,0.0714285714285714,0.19999999999999996,0.0,0.5714285714285714,0.625,-0.007099391480730244,0.165158371040724,0.55,0.45,-0.050000000000000044,170.0,0.5,0.5,1.0,0.06700000000000006,0.0,0,0.0,0.0,0.0,0.0,0.0,0.0,0.0,0.0,30.0,55.0,18.0,10.0,0.35750000000000004,0.5,0.0,0.0,0.0,0.0,0.0,0.0,0.0
548327,2012-04-17,2012,RCB,PWI,M Chinnaswamy Stadium,1,0.09595959595959597,-0.39999999999999997,0.0,0.4782608695652174,1.0,-0.031746031746031744,0.19444444444444448,0.55,0.45,0.04999999999999999,170.0,0.5,0.5,1.0,0.783,0.09999999999999998,3,0.5,4.100000000000001,0.5,0.7999999999999972,1.2000000000000028,0.19999999999999996,0.19999999999999996,-0.4299999999999997,30.0,55.0,18.0,10.0,0.35750000000000004,0.5,0.0,0.0,0.0,1.0,0.0,0.0,-1.0
548326,2012-04-17,2012,RR,DEC,Sawai Mansingh Stadium,1,0.13775780010576422,0.0,0.0,0.7368421052631579,0.8571428571428571,0.2612330198537095,0.009740259740259771,0.55,0.45,0.04999999999999999,170.0,0.5,0.5,1.0,0.189,-0.09999999999999998,2,0.0,3.0,4.200000000000003,8.899999999999999,-0.8999999999999986,0.40000000000000013,0.09999999999999987,0.2699999999999996,30.0,55.0,18.0,10.0,0.35750000000000004,0.5,1.0,0.0,1.0,2.0,0.0,1.0,-1.0
548328,2012-04-18,2012,PBKS,KKR,"Punjab Cricket Association Stadium, Mohali",0,0.042076502732240395,0.0,0.0,0.1470588235294118,0.5,0.01273148148148151,0.05015673981191221,0.55,0.45,-0.04999999999999999,170.0,0.5,0.5,1.0,0.45599999999999996,0.0,0,0.0,0.0,0.0,0.0,0.0,0.0,0.0,0.0,30.0,55.0,18.0,10.0,0.35750000000000004,0.5,0.0,0.0,0.0,0.0,0.0,0.0,0.0
548321,2012-04-19,2012,DC,DEC,Feroz Shah Kotla,1,0.11137132448607862,0.19999999999999996,0.0,-0.23809523809523808,0.5555555555555556,0.22660098522167482,-0.01809954751131221,0.55,0.45,0.04999999999999999,170.0,0.5,0.5,1.0,-0.651,0.0,0,0.0,0.0,0.0,0.0,0.0,0.0,0.0,0.0,30.0,55.0,18.0,10.0,0.35750000000000004,0.5,0.0,0.0,0.0,0.0,0.0,0.0,0.0
548330,2012-04-19,2012,CSK,PWI,"MA Chidambaram Stadium, Chepauk",1,0.21366849960722706,-0.19999999999999996,0.0,0.6666666666666666,0.6666666666666666,0.06944444444444442,0.3581395348837209,0.55,0.45,-0.050000000000000044,170.0,0.5,0.5,1.0,-0.345,0.0,0,0.0,0.0,0.0,0.0,0.0,0.0,0.0,0.0,30.0,55.0,18.0,10.0,0.35750000000000004,0.5,0.0,0.0,0.0,0.0,0.0,0.0,0.0
548331,2012-04-20,2012,PBKS,RCB,"Punjab Cricket Association Stadium, Mohali",0,-0.02479537794896486,0.0,0.0,0.11111111111111116,0.5,-0.003633720930232509,-0.016666666666666663,0.55,0.45,-0.050000000000000044,170.0,0.5,0.5,1.0,-0.47400000000000003,-0.09999999999999998,-3,-0.5,-4.100000000000001,-0.5,-0.7999999999999972,-1.2000000000000028,-0.19999999999999996,-0.19999999999999996,0.4299999999999997,30.0,55.0,18.0,10.0,0.35750000000000004,0.5,0.0,0.0,0.0,-1.0,0.0,0.0,1.0
548332,2012-04-21,2012,CSK,RR,"MA Chidambaram Stadium, Chepauk",1,0.03984819734345357,0.0,0.0,0.34666666666666673,0.5555555555555556,0.007352941176470562,0.10389610389610393,0.55,0.45,0.04999999999999999,170.0,0.5,0.5,1.0,-0.534,0.09999999999999998,-2,0.0,-3.0,-4.200000000000003,-8.899999999999999,0.8999999999999986,-0.40000000000000013,-0.09999999999999987,-0.2699999999999996,30.0,55.0,18.0,10.0,0.35750000000000004,0.5,0.0,1.0,-1.0,-2.0,0.0,-1.0,1.0
548333,2012-04-21,2012,DC,PWI,Feroz Shah Kotla,0,0.16612903225806452,0.4,0.0,0.45454545454545453,0.5,0.08333333333333337,0.22307692307692306,0.55,0.45,0.050000000000000044,170.0,0.5,0.5,1.0,-0.651,0.0,0,0.0,0.0,0.0,0.0,0.0,0.0,0.0,0.0,30.0,55.0,18.0,10.0,0.35750000000000004,0.5,0.0,0.0,0.0,0.0,0.0,0.0,0.0
548334,2012-04-22,2012,MI,PBKS,Wankhede Stadium,0,0.10218253968253971,0.19999999999999996,0.0,0.2,0.375,0.020474137931034475,0.18433179723502302,0.55,0.45,-0.04999999999999999,170.0,0.5,0.5,1.0,-0.893,0.0,0,0.0,0.0,0.0,0.0,0.0,0.0,0.0,0.0,30.0,55.0,18.0,10.0,0.35750000000000004,0.5,0.0,0.0,0.0,0.0,0.0,0.0,0.0
548335,2012-04-22,2012,DEC,KKR,Barabati Stadium,0,-0.05199795081967212,-0.39999999999999997,0.0,0.5573770491803278,0.25,-0.19088669950738912,0.0649350649350649,0.55,0.45,-0.050000000000000044,170.0,0.5,0.5,1.0,0.147,0.0,0,0.0,0.0,0.0,0.0,0.0,0.0,0.0,0.0,30.0,55.0,18.0,10.0,0.35750000000000004,0.5,0.0,0.0,0.0,0.0,0.0,0.0,0.0
548336,2012-04-23,2012,RR,RCB,Sawai Mansingh Stadium,0,0.03968253968253965,0.0,0.0,0.08333333333333337,0.5,0.07219251336898402,0.03160919540229884,0.55,0.45,0.050000000000000044,170.0,0.5,0.5,1.0,-0.5940000000000001,-0.19999999999999996,-1,-0.5,-1.1000000000000014,3.700000000000003,8.100000000000001,-2.1000000000000014,0.20000000000000018,-0.10000000000000009,0.6999999999999993,30.0,55.0,18.0,10.0,0.35750000000000004,0.5,1.0,0.0,1.0,1.0,0.0,1.0,0.0
548337,2012-04-24,2012,PWI,DC,Subrata Roy Sahara Stadium,0,-0.12698412698412698,-0.19999999999999996,0.0,0.4920634920634921,0.3333333333333333,-0.06756756756756754,-0.15034965034965037,0.55,0.45,-0.04999999999999999,170.0,0.5,0.5,1.0,0.651,0.0,0,0.0,0.0,0.0,0.0,0.0,0.0,0.0,0.0,30.0,55.0,18.0,10.0,0.35750000000000004,0.5,0.0,0.0,0.0,0.0,0.0,0.0,0.0
548339,2012-04-25,2012,PBKS,MI,"Punjab Cricket Association Stadium, Mohali",0,-0.08509615384615388,0.19999999999999996,0.0,0.5789473684210527,0.6666666666666666,-0.006269592476489061,-0.1684587813620072,0.55,0.45,-0.04999999999999999,170.0,0.5,0.5,1.0,0.893,0.0,0,0.0,0.0,0.0,0.0,0.0,0.0,0.0,0.0,30.0,55.0,18.0,10.0,0.35750000000000004,0.5,0.0,0.0,0.0,0.0,0.0,0.0,0.0
548341,2012-04-26,2012,PWI,DEC,Subrata Roy Sahara Stadium,0,-0.02097902097902099,0.4,0.0,0.282051282051282,0.5,0.15517241379310343,-0.16666666666666669,0.55,0.45,0.04999999999999999,170.0,0.5,0.5,1.0,0.0,0.0,0,0.0,0.0,0.0,0.0,0.0,0.0,0.0,0.0,30.0,55.0,18.0,10.0,0.35750000000000004,0.5,0.0,0.0,0.0,0.0,0.0,0.0,0.0
548342,2012-04-27,2012,DC,MI,Feroz Shah Kotla,1,-0.04498106060606055,0.20000000000000007,0.0,-0.23188405797101447,0.4444444444444444,0.012280701754386003,-0.1324786324786325,0.55,0.45,-0.050000000000000044,170.0,0.5,0.5,1.0,-0.06700000000000006,0.0,0,0.0,0.0,0.0,0.0,0.0,0.0,0.0,0.0,30.0,55.0,18.0,10.0,0.35750000000000004,0.5,0.0,0.0,0.0,0.0,0.0,0.0,0.0
548343,2012-04-28,2012,CSK,PBKS,"MA Chidambaram Stadium, Chepauk",0,0.13266443701226305,0.19999999999999996,0.0,0.6923076923076923,0.75,0.0945454545454546,0.19318181818181823,0.55,0.45,0.04999999999999999,170.0,0.5,0.5,1.0,-0.6539999999999999,0.0,0,0.0,0.0,0.0,0.0,0.0,0.0,0.0,0.0,30.0,55.0,18.0,10.0,0.35750000000000004,0.5,0.0,0.0,0.0,0.0,0.0,0.0,0.0
548344,2012-04-28,2012,KKR,RCB,Eden Gardens,1,-0.055633473585787796,0.20000000000000007,0.0,0.25000000000000006,0.4444444444444444,0.006269592476489061,-0.07636363636363636,0.55,0.45,-0.04999999999999999,170.0,0.5,0.5,1.0,-0.93,-0.09999999999999998,-3,-0.5,-4.100000000000001,-0.5,-0.7999999999999972,-1.2000000000000028,-0.19999999999999996,-0.19999999999999996,0.4299999999999997,30.0,55.0,18.0,10.0,0.35750000000000004,0.5,0.0,0.0,0.0,-1.0,0.0,0.0,1.0
548345,2012-04-29,2012,DC,RR,Feroz Shah Kotla,1,-0.008173076923076894,0.4,0.0,0.4583333333333333,0.5,-0.021052631578947323,-0.003831417624521105,0.55,0.45,-0.04999999999999999,170.0,0.5,0.5,1.0,-0.8400000000000001,0.09999999999999998,-2,0.0,-3.0,-4.200000000000003,-8.899999999999999,0.8999999999999986,-0.40000000000000013,-0.09999999999999987,-0.2699999999999996,30.0,55.0,18.0,10.0,0.35750000000000004,0.5,0.0,1.0,-1.0,-2.0,0.0,-1.0,1.0
548346,2012-04-29,2012,MI,DEC,Wankhede Stadium,1,0.15829941203075537,0.2,0.0,-0.5,0.5555555555555556,0.20355951056729693,0.12312312312312312,0.55,0.45,0.050000000000000044,170.0,0.5,0.5,1.0,-0.584,0.0,0,0.0,0.0,0.0,0.0,0.0,0.0,0.0,0.0,30.0,55.0,18.0,10.0,0.35750000000000004,0.5,0.0,0.0,0.0,0.0,0.0,0.0,0.0
548347,2012-04-30,2012,CSK,KKR,"MA Chidambaram Stadium, Chepauk",0,0.12539682539682545,-0.20000000000000007,0.0,0.6666666666666666,0.7142857142857143,0.06366047745358094,0.18582887700534767,0.55,0.45,-0.04999999999999999,170.0,0.5,0.5,1.0,-0.19799999999999998,0.0,0,0.0,0.0,0.0,0.0,0.0,0.0,0.0,0.0,30.0,55.0,18.0,10.0,0.35750000000000004,0.5,0.0,0.0,0.0,0.0,0.0,0.0,0.0
548348,2012-05-01,2012,DEC,PWI,Barabati Stadium,1,0.040233614536015594,0.0,0.0,0.3188405797101449,0.6666666666666666,-0.10971786833855796,0.17105263157894735,0.55,0.45,-0.04999999999999999,170.0,0.5,0.5,1.0,0.0,0.0,0,0.0,0.0,0.0,0.0,0.0,0.0,0.0,0.0,30.0,55.0,18.0,10.0,0.35750000000000004,0.5,0.0,0.0,0.0,0.0,0.0,0.0,0.0
548349,2012-05-01,2012,RR,DC,Sawai Mansingh Stadium,0,-0.00722610722610717,-0.4,0.0,0.7142857142857143,0.4444444444444444,0.004385964912280715,-0.016009852216748777,0.55,0.45,-0.04999999999999999,170.0,0.5,0.5,1.0,0.8400000000000001,-0.09999999999999998,2,0.0,3.0,4.200000000000003,8.899999999999999,-0.8999999999999986,0.40000000000000013,0.09999999999999987,0.2699999999999996,30.0,55.0,18.0,10.0,0.35750000000000004,0.5,1.0,0.0,1.0,2.0,0.0,1.0,-1.0
548350,2012-05-02,2012,RCB,PBKS,M Chinnaswamy Stadium,0,0.030303030303030276,0.19999999999999996,0.0,0.16666666666666669,0.5555555555555556,-0.012121212121212088,0.04606060606060608,0.55,0.45,-0.050000000000000044,170.0,0.5,0.5,1.0,0.47400000000000003,0.09999999999999998,3,0.5,4.100000000000001,0.5,0.7999999999999972,1.2000000000000028,0.19999999999999996,0.19999999999999996,-0.4299999999999997,30.0,55.0,18.0,10.0,0.35750000000000004,0.5,0.0,0.0,0.0,1.0,0.0,0.0,-1.0
548351,2012-05-03,2012,PWI,MI,Subrata Roy Sahara Stadium,0,-0.2254901960784314,-0.2,0.0,-0.05882352941176472,0.3333333333333333,-0.14583333333333331,-0.3055555555555556,0.55,0.45,0.04999999999999999,170.0,0.5,0.5,1.0,0.584,0.0,0,0.0,0.0,0.0,0.0,0.0,0.0,0.0,0.0,30.0,55.0,18.0,10.0,0.35750000000000004,0.5,0.0,0.0,0.0,0.0,0.0,0.0,0.0
548352,2012-05-04,2012,CSK,DEC,"MA Chidambaram Stadium, Chepauk",1,0.18040596520298263,0.0,0.0,-0.023809523809523725,0.5555555555555556,0.27055702917771884,0.11965811965811968,0.55,0.45,-0.04999999999999999,170.0,0.5,0.5,1.0,-0.345,0.0,0,0.0,0.0,0.0,0.0,0.0,0.0,0.0,0.0,30.0,55.0,18.0,10.0,0.35750000000000004,0.5,0.0,0.0,0.0,0.0,0.0,0.0,0.0
548353,2012-05-05,2012,KKR,PWI,Eden Gardens,1,0.14875,0.6000000000000001,0.0,0.27999999999999997,1.0,0.18205128205128202,0.13235294117647056,0.55,0.45,-0.04999999999999999,170.0,0.5,0.5,1.0,-0.147,0.0,0,0.0,0.0,0.0,0.0,0.0,0.0,0.0,0.0,30.0,55.0,18.0,10.0,0.35750000000000004,0.5,0.0,0.0,0.0,0.0,0.0,0.0,0.0
548354,2012-05-05,2012,PBKS,RR,"Punjab Cricket Association Stadium, Mohali",0,-0.037539574853007684,0.39999999999999997,0.0,0.21666666666666673,0.375,-0.02450980392156865,-0.039393939393939426,0.55,0.45,0.04999999999999999,170.0,0.5,0.5,1.0,0.12,0.09999999999999998,-2,0.0,-3.0,-4.200000000000003,-8.899999999999999,0.8999999999999986,-0.40000000000000013,-0.09999999999999987,-0.2699999999999996,30.0,55.0,18.0,10.0,0.35750000000000004,0.5,0.0,1.0,-1.0,-2.0,0.0,-1.0,1.0
548355,2012-05-06,2012,MI,CSK,Wankhede Stadium,1,-0.018115942028985588,0.0,0.0,0.02941176470588236,0.5555555555555556,-0.05288461538461542,0.002350176263219761,0.55,0.45,0.050000000000000044,170.0,0.5,0.5,1.0,-0.239,0.0,0,0.0,0.0,0.0,0.0,0.0,0.0,0.0,0.0,30.0,55.0,18.0,10.0,0.35750000000000004,0.5,0.0,0.0,0.0,0.0,0.0,0.0,0.0
548356,2012-05-06,2012,RCB,DEC,M Chinnaswamy Stadium,1,0.10165339865278628,0.19999999999999996,0.0,-0.020000000000000018,0.4444444444444444,0.2,-0.01282051282051283,0.55,0.45,0.050000000000000044,170.0,0.5,0.5,1.0,0.783,0.09999999999999998,3,0.5,4.100000000000001,0.5,0.7999999999999972,1.2000000000000028,0.19999999999999996,0.19999999999999996,-0.4299999999999997,30.0,55.0,18.0,10.0,0.35750000000000004,0.5,0.0,0.0,0.0,1.0,0.0,0.0,-1.0
548357,2012-05-07,2012,DC,KKR,Feroz Shah Kotla,0,0.06039035591274394,-0.19999999999999996,0.0,-0.020000000000000018,0.5714285714285714,0.023076923076923106,0.06428571428571428,0.55,0.45,-0.04999999999999999,170.0,0.5,0.5,1.0,-0.504,0.0,0,0.0,0.0,0.0,0.0,0.0,0.0,0.0,0.0,30.0,55.0,18.0,10.0,0.35750000000000004,0.5,0.0,0.0,0.0,0.0,0.0,0.0,0.0
548359,2012-05-08,2012,DEC,PBKS,"Rajiv Gandhi International Stadium, Uppal",0,-0.08487394957983191,-0.19999999999999996,0.0,-0.9285714285714286,0.375,-0.2095238095238095,0.031060606060606066,0.55,0.45,0.050000000000000044,170.0,0.5,0.5,1.0,-0.309,0.0,0,0.0,0.0,0.0,0.0,0.0,0.0,0.0,0.0,30.0,55.0,18.0,10.0,0.35750000000000004,0.5,0.0,0.0,0.0,0.0,0.0,0.0,0.0
548358,2012-05-08,2012,PWI,RR,Subrata Roy Sahara Stadium,0,-0.21469575200918478,-0.2,0.0,-0.12238805970149247,0.0,-0.22619047619047622,-0.20161290322580644,0.55,0.45,-0.04999999999999999,170.0,0.5,0.5,1.0,-0.189,0.09999999999999998,-2,0.0,-3.0,-4.200000000000003,-8.899999999999999,0.8999999999999986,-0.40000000000000013,-0.09999999999999987,-0.2699999999999996,30.0,55.0,18.0,10.0,0.35750000000000004,0.5,0.0,1.0,-1.0,-2.0,0.0,-1.0,1.0
548360,2012-05-09,2012,MI,RCB,Wankhede Stadium,0,0.0714285714285714,0.20000000000000007,0.0,0.05555555555555558,0.5555555555555556,0.03227931488801061,0.14449064449064447,0.55,0.45,-0.050000000000000044,170.0,0.5,0.5,1.0,-1.367,-0.09999999999999998,-3,-0.5,-4.100000000000001,-0.5,-0.7999999999999972,-1.2000000000000028,-0.19999999999999996,-0.19999999999999996,0.4299999999999997,30.0,55.0,18.0,10.0,0.35750000000000004,0.5,0.0,0.0,0.0,-1.0,0.0,0.0,1.0
548361,2012-05-10,2012,RR,CSK,Sawai Mansingh Stadium,0,-0.045930701047542266,0.0,0.0,0.18181818181818177,0.4,-0.02079002079002079,-0.10157858613589571,0.55,0.45,-0.050000000000000044,170.0,0.5,0.5,1.0,0.534,-0.09999999999999998,2,0.0,3.0,4.200000000000003,8.899999999999999,-0.8999999999999986,0.40000000000000013,0.09999999999999987,0.2699999999999996,30.0,55.0,18.0,10.0,0.35750000000000004,0.5,1.0,0.0,1.0,2.0,0.0,1.0,-1.0
548329,2012-05-10,2012,DEC,DC,"Rajiv Gandhi International Stadium, Uppal",0,-0.1491300745650373,-0.6000000000000001,0.0,-0.9333333333333333,0.4,-0.26716294458229944,-0.023275862068965536,0.55,0.45,-0.04999999999999999,170.0,0.5,0.5,1.0,0.651,0.0,0,0.0,0.0,0.0,0.0,0.0,0.0,0.0,0.0,30.0,55.0,18.0,10.0,0.35750000000000004,0.5,0.0,0.0,0.0,0.0,0.0,0.0,0.0
548362,2012-05-11,2012,PWI,RCB,Subrata Roy Sahara Stadium,0,-0.2105530187721969,-0.6,0.0,-0.17351598173515986,0.0,-0.196048632218845,-0.1923076923076923,0.55,0.45,0.050000000000000044,170.0,0.5,0.5,1.0,-0.783,-0.09999999999999998,-3,-0.5,-4.100000000000001,-0.5,-0.7999999999999972,-1.2000000000000028,-0.19999999999999996,-0.19999999999999996,0.4299999999999997,30.0,55.0,18.0,10.0,0.35750000000000004,0.5,0.0,0.0,0.0,-1.0,0.0,0.0,1.0
548363,2012-05-12,2012,KKR,MI,Eden Gardens,0,-0.07853179684165601,0.4,0.0,-0.05128205128205121,0.125,0.004887585532746819,-0.15263157894736845,0.55,0.45,0.04999999999999999,170.0,0.5,0.5,1.0,0.43699999999999994,0.0,0,0.0,0.0,0.0,0.0,0.0,0.0,0.0,0.0,30.0,55.0,18.0,10.0,0.35750000000000004,0.5,0.0,0.0,0.0,0.0,0.0,0.0,0.0
548364,2012-05-12,2012,CSK,DC,"MA Chidambaram Stadium, Chepauk",1,0.044849197023109966,-0.4,0.0,-0.011494252873563204,0.5,0.029629629629629672,0.10491562729273662,0.55,0.45,0.050000000000000044,170.0,0.5,0.5,1.0,0.30600000000000005,0.0,0,0.0,0.0,0.0,0.0,0.0,0.0,0.0,0.0,30.0,55.0,18.0,10.0,0.35750000000000004,0.5,0.0,0.0,0.0,0.0,0.0,0.0,0.0
548366,2012-05-13,2012,PBKS,DEC,"Punjab Cricket Association Stadium, Mohali",1,0.1032608695652174,0.39999999999999997,0.0,0.5238095238095238,0.6666666666666666,0.2202764976958525,-0.0028694404591104727,0.55,0.45,0.04999999999999999,170.0,0.5,0.5,1.0,0.309,0.0,0,0.0,0.0,0.0,0.0,0.0,0.0,0.0,0.0,30.0,55.0,18.0,10.0,0.35750000000000004,0.5,0.0,0.0,0.0,0.0,0.0,0.0,0.0
548365,2012-05-13,2012,RR,PWI,Sawai Mansingh Stadium,1,0.2360248447204969,0.4,0.0,0.6521739130434783,1.0,0.2612612612612613,0.20673076923076922,0.55,0.45,-0.04999999999999999,170.0,0.5,0.5,1.0,0.189,-0.09999999999999998,2,0.0,3.0,4.200000000000003,8.899999999999999,-0.8999999999999986,0.40000000000000013,0.09999999999999987,0.2699999999999996,30.0,55.0,18.0,10.0,0.35750000000000004,0.5,1.0,0.0,1.0,2.0,0.0,1.0,-1.0
548367,2012-05-14,2012,RCB,MI,M Chinnaswamy Stadium,0,-0.05593093093093093,-0.20000000000000007,0.0,-0.5,0.5,-0.022566086395873652,-0.11965811965811968,0.55,0.45,-0.050000000000000044,170.0,0.5,0.5,1.0,1.367,0.09999999999999998,3,0.5,4.100000000000001,0.5,0.7999999999999972,1.2000000000000028,0.19999999999999996,0.19999999999999996,-0.4299999999999997,30.0,55.0,18.0,10.0,0.35750000000000004,0.5,0.0,0.0,0.0,1.0,0.0,0.0,-1.0
548368,2012-05-14,2012,KKR,CSK,Eden Gardens,0,-0.10905472636815922,0.20000000000000007,0.0,-0.07407407407407407,0.375,-0.0803571428571429,-0.15319148936170213,0.55,0.45,-0.050000000000000044,170.0,0.5,0.5,1.0,0.19799999999999998,0.0,0,0.0,0.0,0.0,0.0,0.0,0.0,0.0,0.0,30.0,55.0,18.0,10.0,0.35750000000000004,0.5,0.0,0.0,0.0,0.0,0.0,0.0,0.0
548369,2012-05-15,2012,DC,PBKS,Feroz Shah Kotla,1,0.04285714285714287,-0.20000000000000007,0.0,-0.20512820512820507,0.375,0.0444444444444444,0.021568627450980427,0.55,0.45,0.04999999999999999,170.0,0.5,0.5,1.0,-0.96,0.0,0,0.0,0.0,0.0,0.0,0.0,0.0,0.0,0.0,30.0,55.0,18.0,10.0,0.35750000000000004,0.5,0.0,0.0,0.0,0.0,0.0,0.0,0.0
548370,2012-05-16,2012,MI,KKR,Wankhede Stadium,0,0.10475423045930699,0.20000000000000007,0.0,0.5263157894736842,0.8888888888888888,0.02573529411764708,0.1752136752136752,0.55,0.45,0.050000000000000044,170.0,0.5,0.5,1.0,-0.43699999999999994,0.0,0,0.0,0.0,0.0,0.0,0.0,0.0,0.0,0.0,30.0,55.0,18.0,10.0,0.35750000000000004,0.5,0.0,0.0,0.0,0.0,0.0,0.0,0.0
548371,2012-05-17,2012,PBKS,CSK,Himachal Pradesh Cricket Association Stadium,1,-0.113232023721275,-0.20000000000000007,0.0,-0.6,0.2222222222222222,-0.09961685823754785,-0.15319148936170213,0.55,0.45,0.050000000000000044,170.0,0.5,0.5,1.0,0.6539999999999999,0.0,0,0.0,0.0,0.0,0.0,0.0,0.0,0.0,0.0,30.0,55.0,18.0,10.0,0.35750000000000004,0.5,0.0,0.0,0.0,0.0,0.0,0.0,0.0
548372,2012-05-17,2012,DC,RCB,Feroz Shah Kotla,0,0.028544600938967046,0.0,0.0,0.14814814814814814,0.625,0.05656460819927345,0.0047619047619048005,0.55,0.45,0.050000000000000044,170.0,0.5,0.5,1.0,-1.4340000000000002,-0.09999999999999998,-3,-0.5,-4.100000000000001,-0.5,-0.7999999999999972,-1.2000000000000028,-0.19999999999999996,-0.19999999999999996,0.4299999999999997,30.0,55.0,18.0,10.0,0.35750000000000004,0.5,0.0,0.0,0.0,-1.0,0.0,0.0,1.0
548373,2012-05-18,2012,DEC,RR,"Rajiv Gandhi International Stadium, Uppal",1,-0.15870841487279846,-0.6,0.0,-0.9375,0.125,-0.2720139494333043,-0.04978354978354976,0.55,0.45,0.04999999999999999,170.0,0.5,0.5,1.0,-0.189,0.09999999999999998,-2,0.0,-3.0,-4.200000000000003,-8.899999999999999,0.8999999999999986,-0.40000000000000013,-0.09999999999999987,-0.2699999999999996,30.0,55.0,18.0,10.0,0.35750000000000004,0.5,0.0,1.0,-1.0,-2.0,0.0,-1.0,1.0
548374,2012-05-19,2012,PBKS,DC,Himachal Pradesh Cricket Association Stadium,0,-0.041666666666666685,0.19999999999999996,0.0,0.5,0.5555555555555556,-0.02767052767052769,-0.033333333333333326,0.55,0.45,-0.050000000000000044,170.0,0.5,0.5,1.0,0.96,0.0,0,0.0,0.0,0.0,0.0,0.0,0.0,0.0,0.0,30.0,55.0,18.0,10.0,0.35750000000000004,0.5,0.0,0.0,0.0,0.0,0.0,0.0,0.0
548375,2012-05-19,2012,PWI,KKR,Subrata Roy Sahara Stadium,0,-0.20239880059970017,-0.6,0.0,-0.1925465838509317,0.0,-0.25,-0.17463617463617465,0.55,0.45,0.04999999999999999,170.0,0.5,0.5,1.0,0.147,0.0,0,0.0,0.0,0.0,0.0,0.0,0.0,0.0,0.0,30.0,55.0,18.0,10.0,0.35750000000000004,0.5,0.0,0.0,0.0,0.0,0.0,0.0,0.0
548376,2012-05-20,2012,DEC,RCB,"Rajiv Gandhi International Stadium, Uppal",1,-0.13477951635846375,-0.6000000000000001,0.0,-0.38235294117647056,0.5,-0.20944148936170215,-0.04351395730706076,0.55,0.45,-0.050000000000000044,170.0,0.5,0.5,1.0,-0.783,-0.09999999999999998,-3,-0.5,-4.100000000000001,-0.5,-0.7999999999999972,-1.2000000000000028,-0.19999999999999996,-0.19999999999999996,0.4299999999999997,30.0,55.0,18.0,10.0,0.35750000000000004,0.5,0.0,0.0,0.0,-1.0,0.0,0.0,1.0
548377,2012-05-20,2012,RR,MI,Sawai Mansingh Stadium,0,-0.04644080700418729,0.0,0.0,0.3333333333333333,0.5,0.02316602316602323,-0.12292609351432882,0.55,0.45,-0.04999999999999999,170.0,0.5,0.5,1.0,0.7729999999999999,-0.09999999999999998,2,0.0,3.0,4.200000000000003,8.899999999999999,-0.8999999999999986,0.40000000000000013,0.09999999999999987,0.2699999999999996,30.0,55.0,18.0,10.0,0.35750000000000004,0.5,1.0,0.0,1.0,2.0,0.0,1.0,-1.0
548378,2012-05-22,2012,DC,KKR,Subrata Roy Sahara Stadium,0,0.04853228962818007,0.0,0.0,0.0,0.5,0.04215116279069764,0.012280701754386003,0.55,0.45,0.04999999999999999,170.0,0.5,0.5,1.0,-0.504,0.0,0,0.0,0.0,0.0,0.0,0.0,0.0,0.0,0.0,30.0,55.0,18.0,10.0,0.35750000000000004,0.5,0.0,0.0,0.0,0.0,0.0,0.0,0.0
548379,2012-05-23,2012,CSK,MI,M Chinnaswamy Stadium,1,0.011082251082251027,0.0,0.0,-0.6666666666666667,0.4,0.07183908045977005,-0.022435897435897467,0.55,0.45,-0.050000000000000044,170.0,0.5,0.5,1.0,0.239,0.0,0,0.0,0.0,0.0,0.0,0.0,0.0,0.0,0.0,30.0,55.0,18.0,10.0,0.35750000000000004,0.5,0.0,0.0,0.0,0.0,0.0,0.0,0.0
548380,2012-05-25,2012,DC,CSK,"MA Chidambaram Stadium, Chepauk",0,-0.06271656271656278,-0.4,0.0,-0.16666666666666663,0.4444444444444444,-0.06426332288401249,-0.1176870748299319,0.55,0.45,0.050000000000000044,170.0,0.5,0.5,1.0,-0.30600000000000005,0.0,0,0.0,0.0,0.0,0.0,0.0,0.0,0.0,0.0,30.0,55.0,18.0,10.0,0.35750000000000004,0.5,0.0,0.0,0.0,0.0,0.0,0.0,0.0
548381,2012-05-27,2012,KKR,CSK,"MA Chidambaram Stadium, Chepauk",1,-0.1019789623818862,-0.20000000000000007,0.0,-0.42741935483870963,0.3333333333333333,-0.09267241379310343,-0.12410256410256415,0.55,0.45,0.04999999999999999,170.0,0.5,0.5,1.0,0.19799999999999998,0.0,0,0.0,0.0,0.0,0.0,0.0,0.0,0.0,0.0,30.0,55.0,18.0,10.0,0.35750000000000004,0.5,0.0,0.0,0.0,0.0,0.0,0.0,0.0
597998,2013-04-03,2013,KKR,DC,Eden Gardens,1,-0.020000000000000018,0.4,0.0,0.23809523809523808,0.5555555555555556,-0.002020202020201922,0.002564102564102555,0.55,0.45,0.050000000000000044,170.0,0.5,0.5,1.0,0.504,0.0,0,0.0,0.0,0.0,0.0,0.0,0.0,0.0,0.0,30.0,55.0,18.0,10.0,0.35750000000000004,0.5,0.0,0.0,0.0,0.0,0.0,0.0,0.0
597999,2013-04-04,2013,RCB,MI,M Chinnaswamy Stadium,1,-0.05929596719070407,0.0,0.0,-0.3185185185185186,0.45454545454545453,-0.025900900900900914,-0.11582670203359857,0.55,0.45,-0.050000000000000044,170.0,0.5,0.5,1.0,1.367,0.09999999999999998,3,0.5,4.100000000000001,0.5,0.7999999999999972,1.2000000000000028,0.19999999999999996,0.19999999999999996,-0.4299999999999997,30.0,55.0,18.0,10.0,0.35750000000000004,0.5,0.0,0.0,0.0,1.0,0.0,0.0,-1.0
598000,2013-04-05,2013,SRH,PWI,"Rajiv Gandhi International Stadium, Uppal",1,0.23333333333333334,0.5,0.0,-0.5,0.5,0.20588235294117646,0.2692307692307692,0.55,0.45,-0.050000000000000044,170.0,0.5,0.5,1.0,0.524,0.20000000000000007,1,0.0,8.200000000000003,9.099999999999994,11.200000000000003,-2.5,-0.09999999999999987,0.0,0.6199999999999992,30.0,55.0,18.0,10.0,0.35750000000000004,0.5,2.0,0.0,2.0,0.0,1.0,0.0,2.0
598001,2013-04-06,2013,DC,RR,Feroz Shah Kotla,0,-0.0007309941520466934,-0.2,0.0,0.4642857142857143,0.6,-0.016816816816816904,-0.009216589861751112,0.55,0.45,0.04999999999999999,170.0,0.5,0.5,1.0,-0.8400000000000001,0.09999999999999998,-2,0.0,-3.0,-4.200000000000003,-8.899999999999999,0.8999999999999986,-0.40000000000000013,-0.09999999999999987,-0.2699999999999996,30.0,55.0,18.0,10.0,0.35750000000000004,0.5,0.0,1.0,-1.0,-2.0,0.0,-1.0,1.0
598002,2013-04-06,2013,CSK,MI,"MA Chidambaram Stadium, Chepauk",0,0.029058441558441617,0.19999999999999996,0.0,0.40625,0.45454545454545453,0.10254083484573495,-0.015082956259426794,0.55,0.45,0.04999999999999999,170.0,0.5,0.5,1.0,0.239,0.0,0,0.0,0.0,0.0,0.0,0.0,0.0,0.0,0.0,30.0,55.0,18.0,10.0,0.35750000000000004,0.5,0.0,0.0,0.0,0.0,0.0,0.0,0.0
598003,2013-04-07,2013,PWI,PBKS,Subrata Roy Sahara Stadium,0,-0.22138753866548827,-0.6,0.0,0.25,0.75,-0.28978978978978975,-0.1581196581196581,0.55,0.45,-0.04999999999999999,170.0,0.5,0.5,1.0,-0.309,0.0,0,0.0,0.0,0.0,0.0,0.0,0.0,0.0,0.0,30.0,55.0,18.0,10.0,0.35750000000000004,0.5,0.0,0.0,0.0,0.0,0.0,0.0,0.0
598004,2013-04-07,2013,SRH,RCB,"Rajiv Gandhi International Stadium, Uppal",0,0.4871794871794872,0.4,0.0,0.6666666666666667,0.5,-0.04166666666666663,0.5333333333333333,0.55,0.45,0.04999999999999999,170.0,0.5,0.5,1.0,-0.259,0.10000000000000009,-2,-0.5,4.100000000000001,8.599999999999994,10.400000000000006,-3.700000000000003,-0.2999999999999998,-0.19999999999999996,1.049999999999999,30.0,55.0,18.0,10.0,0.35750000000000004,0.5,2.0,0.0,2.0,-1.0,1.0,0.0,3.0
598005,2013-04-08,2013,RR,KKR,Sawai Mansingh Stadium,1,0.013698630136986245,-0.6,0.0,0.3066666666666667,0.4,0.006359300476947549,0.008547008547008517,0.55,0.45,-0.050000000000000044,170.0,0.5,0.5,1.0,0.33599999999999997,-0.09999999999999998,2,0.0,3.0,4.200000000000003,8.899999999999999,-0.8999999999999986,0.40000000000000013,0.09999999999999987,0.2699999999999996,30.0,55.0,18.0,10.0,0.35750000000000004,0.5,1.0,0.0,1.0,2.0,0.0,1.0,-1.0
598006,2013-04-09,2013,MI,DC,Wankhede Stadium,1,0.05760905760905766,0.2,0.0,0.16666666666666669,0.5,-0.012585812356979309,0.15564516129032252,0.55,0.45,-0.04999999999999999,170.0,0.5,0.5,1.0,0.06700000000000006,0.0,0,0.0,0.0,0.0,0.0,0.0,0.0,0.0,0.0,30.0,55.0,18.0,10.0,0.35750000000000004,0.5,0.0,0.0,0.0,0.0,0.0,0.0,0.0
598048,2013-04-09,2013,RCB,SRH,M Chinnaswamy Stadium,1,0.006329113924050667,-0.09999999999999998,0.0,0.0,0.0,0.5416666666666666,-0.5483870967741935,0.55,0.45,0.04999999999999999,170.0,0.5,0.5,1.0,0.259,-0.10000000000000009,2,0.5,-4.100000000000001,-8.599999999999994,-10.400000000000006,3.700000000000003,0.2999999999999998,0.19999999999999996,-1.049999999999999,30.0,55.0,18.0,10.0,0.35750000000000004,0.5,0.0,2.0,-2.0,1.0,-1.0,0.0,-3.0
598007,2013-04-10,2013,PBKS,CSK,"Punjab Cricket Association Stadium, Mohali",0,-0.09376042709376042,0.19999999999999996,0.0,0.045454545454545414,0.3,-0.05438596491228065,-0.1601307189542484,0.55,0.45,-0.050000000000000044,170.0,0.5,0.5,1.0,0.6539999999999999,0.0,0,0.0,0.0,0.0,0.0,0.0,0.0,0.0,0.0,30.0,55.0,18.0,10.0,0.35750000000000004,0.5,0.0,0.0,0.0,0.0,0.0,0.0,0.0
598008,2013-04-11,2013,RCB,KKR,M Chinnaswamy Stadium,1,0.012499999999999956,-0.20000000000000007,0.0,0.017241379310344862,0.5,-0.020408163265306145,0.015715467328370536,0.55,0.45,0.050000000000000044,170.0,0.5,0.5,1.0,0.93,0.09999999999999998,3,0.5,4.100000000000001,0.5,0.7999999999999972,1.2000000000000028,0.19999999999999996,0.19999999999999996,-0.4299999999999997,30.0,55.0,18.0,10.0,0.35750000000000004,0.5,0.0,0.0,0.0,1.0,0.0,0.0,-1.0
598009,2013-04-11,2013,PWI,RR,Subrata Roy Sahara Stadium,1,-0.277027027027027,-0.6,0.0,-0.7777777777777778,0.0,-0.31681681681681684,-0.2451737451737452,0.55,0.45,0.04999999999999999,170.0,0.5,0.5,1.0,-0.189,0.09999999999999998,-2,0.0,-3.0,-4.200000000000003,-8.899999999999999,0.8999999999999986,-0.40000000000000013,-0.09999999999999987,-0.2699999999999996,30.0,55.0,18.0,10.0,0.35750000000000004,0.5,0.0,1.0,-1.0,-2.0,0.0,-1.0,1.0
598010,2013-04-12,2013,DC,SRH,Feroz Shah Kotla,0,0.16666666666666669,-0.3333333333333333,0.0,0.11494252873563221,0.5,0.5531914893617021,-0.08064516129032256,0.55,0.45,-0.04999999999999999,170.0,0.5,0.5,1.0,-1.175,-0.20000000000000007,-1,0.0,-8.200000000000003,-9.099999999999994,-11.200000000000003,2.5,0.09999999999999987,0.0,-0.6199999999999992,30.0,55.0,18.0,10.0,0.35750000000000004,0.5,0.0,2.0,-2.0,0.0,-1.0,0.0,-2.0
598011,2013-04-13,2013,MI,PWI,Wankhede Stadium,1,0.2968929804372843,0.39999999999999997,0.0,0.023809523809523836,0.75,0.23684210526315796,0.37108013937282225,0.55,0.45,-0.04999999999999999,170.0,0.5,0.5,1.0,-0.584,0.0,0,0.0,0.0,0.0,0.0,0.0,0.0,0.0,0.0,30.0,55.0,18.0,10.0,0.35750000000000004,0.5,0.0,0.0,0.0,0.0,0.0,0.0,0.0
598012,2013-04-13,2013,CSK,RCB,"MA Chidambaram Stadium, Chepauk",1,0.06684733514001806,0.0,0.0,0.30303030303030304,0.5833333333333334,0.08516129032258057,0.09740670461733086,0.55,0.45,0.050000000000000044,170.0,0.5,0.5,1.0,-1.1280000000000001,-0.09999999999999998,-3,-0.5,-4.100000000000001,-0.5,-0.7999999999999972,-1.2000000000000028,-0.19999999999999996,-0.19999999999999996,0.4299999999999997,30.0,55.0,18.0,10.0,0.35750000000000004,0.5,0.0,0.0,0.0,-1.0,0.0,0.0,1.0
598013,2013-04-14,2013,KKR,SRH,Eden Gardens,1,-0.006666666666666654,0.09999999999999998,0.0,0.08620689655172409,0.5,0.0714285714285714,-0.07500000000000001,0.55,0.45,-0.04999999999999999,170.0,0.5,0.5,1.0,-0.671,-0.20000000000000007,-1,0.0,-8.200000000000003,-9.099999999999994,-11.200000000000003,2.5,0.09999999999999987,0.0,-0.6199999999999992,30.0,55.0,18.0,10.0,0.35750000000000004,0.5,0.0,2.0,-2.0,0.0,-1.0,0.0,-2.0
598014,2013-04-14,2013,RR,PBKS,Sawai Mansingh Stadium,1,0.040000000000000036,0.0,0.0,0.6538461538461539,0.6666666666666666,0.015647226173541973,0.06899004267425318,0.55,0.45,0.050000000000000044,170.0,0.5,0.5,1.0,-0.12,-0.09999999999999998,2,0.0,3.0,4.200000000000003,8.899999999999999,-0.8999999999999986,0.40000000000000013,0.09999999999999987,0.2699999999999996,30.0,55.0,18.0,10.0,0.35750000000000004,0.5,1.0,0.0,1.0,2.0,0.0,1.0,-1.0
598015,2013-04-15,2013,CSK,PWI,"MA Chidambaram Stadium, Chepauk",0,0.32565556343019136,0.39999999999999997,0.0,0.6470588235294118,0.75,0.35625,0.334733893557423,0.55,0.45,0.04999999999999999,170.0,0.5,0.5,1.0,-0.345,0.0,0,0.0,0.0,0.0,0.0,0.0,0.0,0.0,0.0,30.0,55.0,18.0,10.0,0.35750000000000004,0.5,0.0,0.0,0.0,0.0,0.0,0.0,0.0
598016,2013-04-16,2013,PBKS,KKR,"Punjab Cricket Association Stadium, Mohali",1,-0.026315789473684237,-0.19999999999999996,0.0,-0.14492753623188404,0.4444444444444444,0.007518796992481258,-0.07060333761232351,0.55,0.45,-0.050000000000000044,170.0,0.5,0.5,1.0,0.45599999999999996,0.0,0,0.0,0.0,0.0,0.0,0.0,0.0,0.0,0.0,30.0,55.0,18.0,10.0,0.35750000000000004,0.5,0.0,0.0,0.0,0.0,0.0,0.0,0.0
598017,2013-04-16,2013,RCB,DC,M Chinnaswamy Stadium,0,0.018524235875270134,0.6,0.0,-0.1333333333333333,0.4444444444444444,0.006808510638297904,0.03125,0.55,0.45,0.050000000000000044,170.0,0.5,0.5,1.0,1.4340000000000002,0.09999999999999998,3,0.5,4.100000000000001,0.5,0.7999999999999972,1.2000000000000028,0.19999999999999996,0.19999999999999996,-0.4299999999999997,30.0,55.0,18.0,10.0,0.35750000000000004,0.5,0.0,0.0,0.0,1.0,0.0,0.0,-1.0
598018,2013-04-17,2013,PWI,SRH,Maharashtra Cricket Association Stadium,0,-0.11428571428571432,0.0,0.0,-0.11428571428571432,0.0,-0.033333333333333326,-0.23333333333333334,0.55,0.45,0.050000000000000044,170.0,0.5,0.5,1.0,-0.524,-0.20000000000000007,-1,0.0,-8.200000000000003,-9.099999999999994,-11.200000000000003,2.5,0.09999999999999987,0.0,-0.6199999999999992,30.0,55.0,18.0,10.0,0.35750000000000004,0.5,0.0,2.0,-2.0,0.0,-1.0,0.0,-2.0
598019,2013-04-17,2013,RR,MI,Sawai Mansingh Stadium,1,-0.048684210526315774,0.0,0.0,0.16666666666666663,0.4444444444444444,0.05263157894736836,-0.14786967418546365,0.55,0.45,-0.04999999999999999,170.0,0.5,0.5,1.0,0.7729999999999999,-0.09999999999999998,2,0.0,3.0,4.200000000000003,8.899999999999999,-0.8999999999999986,0.40000000000000013,0.09999999999999987,0.2699999999999996,30.0,55.0,18.0,10.0,0.35750000000000004,0.5,1.0,0.0,1.0,2.0,0.0,1.0,-1.0
598020,2013-04-18,2013,DC,CSK,Feroz Shah Kotla,0,-0.09583333333333338,-0.4,0.0,-0.23333333333333328,0.4,-0.0831721470019342,-0.15508021390374338,0.55,0.45,0.04999999999999999,170.0,0.5,0.5,1.0,-0.30600000000000005,0.0,0,0.0,0.0,0.0,0.0,0.0,0.0,0.0,0.0,30.0,55.0,18.0,10.0,0.35750000000000004,0.5,0.0,0.0,0.0,0.0,0.0,0.0,0.0
598021,2013-04-19,2013,SRH,PBKS,"Rajiv Gandhi International Stadium, Uppal",1,0.019480519480519487,0.0,0.0,-0.5,0.5,-0.24561403508771934,0.282051282051282,0.55,0.45,0.04999999999999999,170.0,0.5,0.5,1.0,0.21500000000000002,0.20000000000000007,1,0.0,8.200000000000003,9.099999999999994,11.200000000000003,-2.5,-0.09999999999999987,0.0,0.6199999999999992,30.0,55.0,18.0,10.0,0.35750000000000004,0.5,2.0,0.0,2.0,0.0,1.0,0.0,2.0
598022,2013-04-20,2013,KKR,CSK,Eden Gardens,0,-0.09472880061115357,-0.19999999999999996,0.0,-0.15000000000000002,0.4,-0.08080808080808077,-0.11866791744840527,0.55,0.45,-0.04999999999999999,170.0,0.5,0.5,1.0,0.19799999999999998,0.0,0,0.0,0.0,0.0,0.0,0.0,0.0,0.0,0.0,30.0,55.0,18.0,10.0,0.35750000000000004,0.5,0.0,0.0,0.0,0.0,0.0,0.0,0.0
598023,2013-04-20,2013,RCB,RR,M Chinnaswamy Stadium,1,-0.02644343608199029,-0.4,0.0,-0.15053763440860213,0.5555555555555556,-0.05624355005159953,-0.024038461538461564,0.55,0.45,0.050000000000000044,170.0,0.5,0.5,1.0,0.5940000000000001,0.19999999999999996,1,0.5,1.1000000000000014,-3.700000000000003,-8.100000000000001,2.1000000000000014,-0.20000000000000018,0.10000000000000009,-0.6999999999999993,30.0,55.0,18.0,10.0,0.35750000000000004,0.5,0.0,1.0,-1.0,-1.0,0.0,-1.0,0.0
598024,2013-04-21,2013,DC,MI,Feroz Shah Kotla,1,-0.08641975308641975,-0.6,0.0,-0.08064516129032256,0.45454545454545453,0.0032051282051281937,-0.2012987012987013,0.55,0.45,0.04999999999999999,170.0,0.5,0.5,1.0,-0.06700000000000006,0.0,0,0.0,0.0,0.0,0.0,0.0,0.0,0.0,0.0,30.0,55.0,18.0,10.0,0.35750000000000004,0.5,0.0,0.0,0.0,0.0,0.0,0.0,0.0
598025,2013-04-21,2013,PBKS,PWI,"Punjab Cricket Association Stadium, Mohali",1,0.19658119658119655,0.0,0.0,0.04166666666666663,0.4,0.29323308270676696,0.10833333333333334,0.55,0.45,0.050000000000000044,170.0,0.5,0.5,1.0,0.309,0.0,0,0.0,0.0,0.0,0.0,0.0,0.0,0.0,0.0,30.0,55.0,18.0,10.0,0.35750000000000004,0.5,0.0,0.0,0.0,0.0,0.0,0.0,0.0
598026,2013-04-22,2013,CSK,RR,"MA Chidambaram Stadium, Chepauk",1,0.06738223017292788,0.20000000000000007,0.0,0.37857142857142856,0.6363636363636364,0.04179566563467496,0.1076923076923077,0.55,0.45,0.04999999999999999,170.0,0.5,0.5,1.0,-0.534,0.09999999999999998,-2,0.0,-3.0,-4.200000000000003,-8.899999999999999,0.8999999999999986,-0.40000000000000013,-0.09999999999999987,-0.2699999999999996,30.0,55.0,18.0,10.0,0.35750000000000004,0.5,0.0,1.0,-1.0,-2.0,0.0,-1.0,1.0
598027,2013-04-23,2013,RCB,PWI,M Chinnaswamy Stadium,1,0.24163449163449158,0.19999999999999996,0.0,0.53125,1.0,0.271978021978022,0.1875,0.55,0.45,-0.050000000000000044,170.0,0.5,0.5,1.0,0.783,0.09999999999999998,3,0.5,4.100000000000001,0.5,0.7999999999999972,1.2000000000000028,0.19999999999999996,0.19999999999999996,-0.4299999999999997,30.0,55.0,18.0,10.0,0.35750000000000004,0.5,0.0,0.0,0.0,1.0,0.0,0.0,-1.0
598059,2013-04-23,2013,DC,PBKS,Feroz Shah Kotla,0,0.006792219820932366,-0.2,0.0,-0.0625,0.5,-0.038723181580324506,0.018939393939393923,0.55,0.45,-0.050000000000000044,170.0,0.5,0.5,1.0,-0.96,0.0,0,0.0,0.0,0.0,0.0,0.0,0.0,0.0,0.0,30.0,55.0,18.0,10.0,0.35750000000000004,0.5,0.0,0.0,0.0,0.0,0.0,0.0,0.0
598029,2013-04-24,2013,KKR,MI,Eden Gardens,0,-0.07379612257661045,-0.39999999999999997,0.0,-0.16935483870967738,0.2,0.017094017094017144,-0.1528239202657808,0.55,0.45,-0.04999999999999999,170.0,0.5,0.5,1.0,0.43699999999999994,0.0,0,0.0,0.0,0.0,0.0,0.0,0.0,0.0,0.0,30.0,55.0,18.0,10.0,0.35750000000000004,0.5,0.0,0.0,0.0,0.0,0.0,0.0,0.0
598030,2013-04-25,2013,CSK,SRH,"MA Chidambaram Stadium, Chepauk",1,0.026272577996716007,0.20000000000000007,0.0,0.06746031746031744,0.5,0.15714285714285714,-0.10897435897435892,0.55,0.45,0.04999999999999999,170.0,0.5,0.5,1.0,-0.869,-0.20000000000000007,-1,0.0,-8.200000000000003,-9.099999999999994,-11.200000000000003,2.5,0.09999999999999987,0.0,-0.6199999999999992,30.0,55.0,18.0,10.0,0.35750000000000004,0.5,0.0,2.0,-2.0,0.0,-1.0,0.0,-2.0
598031,2013-04-26,2013,KKR,PBKS,Eden Gardens,1,-0.006487341772151878,-0.39999999999999997,0.0,0.0625,0.5,-0.0444444444444444,0.04360465116279072,0.55,0.45,0.04999999999999999,170.0,0.5,0.5,1.0,-0.45599999999999996,0.0,0,0.0,0.0,0.0,0.0,0.0,0.0,0.0,0.0,30.0,55.0,18.0,10.0,0.35750000000000004,0.5,0.0,0.0,0.0,0.0,0.0,0.0,0.0
598032,2013-04-27,2013,RR,SRH,Sawai Mansingh Stadium,1,0.01898734177215189,-0.19999999999999996,0.0,0.1785714285714286,0.5,0.10526315789473684,-0.06097560975609756,0.55,0.45,0.04999999999999999,170.0,0.5,0.5,1.0,-0.335,-0.30000000000000004,1,0.0,-5.200000000000003,-4.8999999999999915,-2.3000000000000043,1.6000000000000014,0.5,0.09999999999999987,-0.34999999999999964,30.0,55.0,18.0,10.0,0.35750000000000004,0.5,1.0,2.0,-1.0,2.0,-1.0,1.0,-3.0
598033,2013-04-27,2013,MI,RCB,Wankhede Stadium,1,0.04861800141743444,0.0,0.0,-0.12121212121212122,0.5,-0.007692307692307665,0.1268498942917548,0.55,0.45,-0.04999999999999999,170.0,0.5,0.5,1.0,-1.367,-0.09999999999999998,-3,-0.5,-4.100000000000001,-0.5,-0.7999999999999972,-1.2000000000000028,-0.19999999999999996,-0.19999999999999996,0.4299999999999997,30.0,55.0,18.0,10.0,0.35750000000000004,0.5,0.0,0.0,0.0,-1.0,0.0,0.0,1.0
598035,2013-04-28,2013,DC,PWI,Shaheed Veer Narayan Singh International Stadium,1,0.2187698161065314,0.0,0.0,0.2187698161065314,0.5,0.27829313543599254,0.13235294117647056,0.55,0.45,-0.050000000000000044,170.0,0.5,0.5,1.0,-0.651,0.0,0,0.0,0.0,0.0,0.0,0.0,0.0,0.0,0.0,30.0,55.0,18.0,10.0,0.35750000000000004,0.5,0.0,0.0,0.0,0.0,0.0,0.0,0.0
598034,2013-04-28,2013,CSK,KKR,"MA Chidambaram Stadium, Chepauk",1,0.1147727272727273,0.4,0.0,0.24864864864864866,0.6363636363636364,0.09909909909909909,0.139087656529517,0.55,0.45,-0.050000000000000044,170.0,0.5,0.5,1.0,-0.19799999999999998,0.0,0,0.0,0.0,0.0,0.0,0.0,0.0,0.0,0.0,30.0,55.0,18.0,10.0,0.35750000000000004,0.5,0.0,0.0,0.0,0.0,0.0,0.0,0.0
598036,2013-04-29,2013,RR,RCB,Sawai Mansingh Stadium,1,0.013372093023255816,0.19999999999999996,0.0,-0.06034482758620685,0.4,0.06821480406386071,-0.01552106430155209,0.55,0.45,0.050000000000000044,170.0,0.5,0.5,1.0,-0.5940000000000001,-0.19999999999999996,-1,-0.5,-1.1000000000000014,3.700000000000003,8.100000000000001,-2.1000000000000014,0.20000000000000018,-0.10000000000000009,0.6999999999999993,30.0,55.0,18.0,10.0,0.35750000000000004,0.5,1.0,0.0,1.0,1.0,0.0,1.0,0.0
598037,2013-04-29,2013,MI,PBKS,Wankhede Stadium,1,0.08994708994708994,0.0,0.0,0.06521739130434778,0.4,-0.04999999999999993,0.22505543237250558,0.55,0.45,-0.04999999999999999,170.0,0.5,0.5,1.0,-0.893,0.0,0,0.0,0.0,0.0,0.0,0.0,0.0,0.0,0.0,30.0,55.0,18.0,10.0,0.35750000000000004,0.5,0.0,0.0,0.0,0.0,0.0,0.0,0.0
598038,2013-04-30,2013,PWI,CSK,Subrata Roy Sahara Stadium,0,-0.3503313166234515,-0.8,0.0,0.3,0.4,-0.40579710144927533,-0.3160377358490566,0.55,0.45,0.04999999999999999,170.0,0.5,0.5,1.0,0.345,0.0,0,0.0,0.0,0.0,0.0,0.0,0.0,0.0,0.0,30.0,55.0,18.0,10.0,0.35750000000000004,0.5,0.0,0.0,0.0,0.0,0.0,0.0,0.0
598039,2013-05-01,2013,SRH,MI,"Rajiv Gandhi International Stadium, Uppal",1,-0.13202614379084965,-0.19999999999999996,0.0,-0.33333333333333337,0.5,-0.050000000000000044,-0.19999999999999996,0.55,0.45,0.04999999999999999,170.0,0.5,0.5,1.0,1.108,0.20000000000000007,1,0.0,8.200000000000003,9.099999999999994,11.200000000000003,-2.5,-0.09999999999999987,0.0,0.6199999999999992,30.0,55.0,18.0,10.0,0.35750000000000004,0.5,2.0,0.0,2.0,0.0,1.0,0.0,2.0
598040,2013-05-01,2013,DC,KKR,Shaheed Veer Narayan Singh International Stadium,1,0.006613756613756627,0.2,0.0,0.5185185185185186,0.4,-0.001611170784103222,-0.018604651162790697,0.55,0.45,0.04999999999999999,170.0,0.5,0.5,1.0,-0.504,0.0,0,0.0,0.0,0.0,0.0,0.0,0.0,0.0,0.0,30.0,55.0,18.0,10.0,0.35750000000000004,0.5,0.0,0.0,0.0,0.0,0.0,0.0,0.0
598041,2013-05-02,2013,CSK,PBKS,"MA Chidambaram Stadium, Chepauk",1,0.1355013550135502,0.6,0.0,0.324561403508772,0.6363636363636364,0.08130081300813008,0.2082204155374887,0.55,0.45,-0.04999999999999999,170.0,0.5,0.5,1.0,-0.6539999999999999,0.0,0,0.0,0.0,0.0,0.0,0.0,0.0,0.0,0.0,30.0,55.0,18.0,10.0,0.35750000000000004,0.5,0.0,0.0,0.0,0.0,0.0,0.0,0.0
598042,2013-05-02,2013,PWI,RCB,Subrata Roy Sahara Stadium,0,-0.25574712643678166,-0.4,0.0,-0.7272727272727273,0.0,-0.2971698113207547,-0.19117647058823528,0.55,0.45,0.04999999999999999,170.0,0.5,0.5,1.0,-0.783,-0.09999999999999998,-3,-0.5,-4.100000000000001,-0.5,-0.7999999999999972,-1.2000000000000028,-0.19999999999999996,-0.19999999999999996,0.4299999999999997,30.0,55.0,18.0,10.0,0.35750000000000004,0.5,0.0,0.0,0.0,-1.0,0.0,0.0,1.0
598043,2013-05-03,2013,KKR,RR,Eden Gardens,1,-0.05525444143330327,-0.39999999999999997,0.0,0.3257575757575758,0.45454545454545453,-0.07236842105263153,-0.029933481152993324,0.55,0.45,0.04999999999999999,170.0,0.5,0.5,1.0,-0.33599999999999997,0.09999999999999998,-2,0.0,-3.0,-4.200000000000003,-8.899999999999999,0.8999999999999986,-0.40000000000000013,-0.09999999999999987,-0.2699999999999996,30.0,55.0,18.0,10.0,0.35750000000000004,0.5,0.0,1.0,-1.0,-2.0,0.0,-1.0,1.0
598044,2013-05-04,2013,SRH,DC,"Rajiv Gandhi International Stadium, Uppal",1,0.00588235294117645,0.0,0.0,-0.25,1.0,0.039999999999999925,0.0,0.55,0.45,0.04999999999999999,170.0,0.5,0.5,1.0,1.175,0.20000000000000007,1,0.0,8.200000000000003,9.099999999999994,11.200000000000003,-2.5,-0.09999999999999987,0.0,0.6199999999999992,30.0,55.0,18.0,10.0,0.35750000000000004,0.5,2.0,0.0,2.0,0.0,1.0,0.0,2.0
598046,2013-05-05,2013,MI,CSK,Wankhede Stadium,1,-0.04561717352415029,-0.4,0.0,0.18333333333333335,0.5833333333333334,-0.11666666666666659,0.005138339920948698,0.55,0.45,-0.04999999999999999,170.0,0.5,0.5,1.0,-0.239,0.0,0,0.0,0.0,0.0,0.0,0.0,0.0,0.0,0.0,30.0,55.0,18.0,10.0,0.35750000000000004,0.5,0.0,0.0,0.0,0.0,0.0,0.0,0.0
598047,2013-05-05,2013,RR,PWI,Sawai Mansingh Stadium,1,0.2804878048780488,0.4,0.0,0.7,0.75,0.385,0.17857142857142855,0.55,0.45,0.04999999999999999,170.0,0.5,0.5,1.0,0.189,-0.09999999999999998,2,0.0,3.0,4.200000000000003,8.899999999999999,-0.8999999999999986,0.40000000000000013,0.09999999999999987,0.2699999999999996,30.0,55.0,18.0,10.0,0.35750000000000004,0.5,1.0,0.0,1.0,2.0,0.0,1.0,-1.0
598064,2013-05-06,2013,PBKS,RCB,"Punjab Cricket Association Stadium, Mohali",1,-0.04148411829134718,-0.19999999999999996,0.0,-0.10666666666666658,0.5,0.02425876010781669,-0.09128919860627177,0.55,0.45,0.050000000000000044,170.0,0.5,0.5,1.0,-0.47400000000000003,-0.09999999999999998,-3,-0.5,-4.100000000000001,-0.5,-0.7999999999999972,-1.2000000000000028,-0.19999999999999996,-0.19999999999999996,0.4299999999999997,30.0,55.0,18.0,10.0,0.35750000000000004,0.5,0.0,0.0,0.0,-1.0,0.0,0.0,1.0
598050,2013-05-07,2013,MI,KKR,Wankhede Stadium,1,0.09278493283478739,0.4,0.0,0.26666666666666666,0.8181818181818182,-0.014102564102564052,0.18665377176015469,0.55,0.45,-0.04999999999999999,170.0,0.5,0.5,1.0,-0.43699999999999994,0.0,0,0.0,0.0,0.0,0.0,0.0,0.0,0.0,0.0,30.0,55.0,18.0,10.0,0.35750000000000004,0.5,0.0,0.0,0.0,0.0,0.0,0.0,0.0
598049,2013-05-07,2013,RR,DC,Sawai Mansingh Stadium,1,0.04174838890445509,0.0,0.0,0.37634408602150543,0.45454545454545453,0.07414634146341459,0.03968253968253965,0.55,0.45,0.04999999999999999,170.0,0.5,0.5,1.0,0.8400000000000001,-0.09999999999999998,2,0.0,3.0,4.200000000000003,8.899999999999999,-0.8999999999999986,0.40000000000000013,0.09999999999999987,0.2699999999999996,30.0,55.0,18.0,10.0,0.35750000000000004,0.5,1.0,0.0,1.0,2.0,0.0,1.0,-1.0
598051,2013-05-08,2013,SRH,CSK,"Rajiv Gandhi International Stadium, Uppal",0,-0.06324110671936767,-0.20000000000000007,0.0,-0.19999999999999996,0.0,0.018018018018017945,-0.18181818181818177,0.55,0.45,0.050000000000000044,170.0,0.5,0.5,1.0,0.869,0.20000000000000007,1,0.0,8.200000000000003,9.099999999999994,11.200000000000003,-2.5,-0.09999999999999987,0.0,0.6199999999999992,30.0,55.0,18.0,10.0,0.35750000000000004,0.5,2.0,0.0,2.0,0.0,1.0,0.0,2.0
598052,2013-05-09,2013,PBKS,RR,"Punjab Cricket Association Stadium, Mohali",0,-0.059523809523809534,-0.4,0.0,0.07692307692307687,0.3,-0.06146179401993357,-0.06271777003484319,0.55,0.45,-0.050000000000000044,170.0,0.5,0.5,1.0,0.12,0.09999999999999998,-2,0.0,-3.0,-4.200000000000003,-8.899999999999999,0.8999999999999986,-0.40000000000000013,-0.09999999999999987,-0.2699999999999996,30.0,55.0,18.0,10.0,0.35750000000000004,0.5,0.0,1.0,-1.0,-2.0,0.0,-1.0,1.0
598053,2013-05-09,2013,PWI,KKR,Subrata Roy Sahara Stadium,0,-0.23809523809523808,-0.4,0.0,-0.75,0.0,-0.31000000000000005,-0.1737967914438503,0.55,0.45,0.04999999999999999,170.0,0.5,0.5,1.0,0.147,0.0,0,0.0,0.0,0.0,0.0,0.0,0.0,0.0,0.0,30.0,55.0,18.0,10.0,0.35750000000000004,0.5,0.0,0.0,0.0,0.0,0.0,0.0,0.0
598054,2013-05-10,2013,DC,RCB,Feroz Shah Kotla,0,-0.022859356838434708,0.0,0.0,-0.07575757575757575,0.5,0.012830188679245347,-0.06606606606606602,0.55,0.45,0.050000000000000044,170.0,0.5,0.5,1.0,-1.4340000000000002,-0.09999999999999998,-3,-0.5,-4.100000000000001,-0.5,-0.7999999999999972,-1.2000000000000028,-0.19999999999999996,-0.19999999999999996,0.4299999999999997,30.0,55.0,18.0,10.0,0.35750000000000004,0.5,0.0,0.0,0.0,-1.0,0.0,0.0,1.0
598055,2013-05-11,2013,PWI,MI,Subrata Roy Sahara Stadium,0,-0.3469873150105709,-0.8,0.0,-0.7692307692307692,0.2,-0.31923076923076926,-0.3688725490196078,0.55,0.45,-0.04999999999999999,170.0,0.5,0.5,1.0,0.584,0.0,0,0.0,0.0,0.0,0.0,0.0,0.0,0.0,0.0,30.0,55.0,18.0,10.0,0.35750000000000004,0.5,0.0,0.0,0.0,0.0,0.0,0.0,0.0
598056,2013-05-11,2013,PBKS,SRH,"Punjab Cricket Association Stadium, Mohali",0,-0.02941176470588236,-0.2,0.0,0.05555555555555558,0.0,0.009966777408637939,-0.04285714285714287,0.55,0.45,0.050000000000000044,170.0,0.5,0.5,1.0,-0.21500000000000002,-0.20000000000000007,-1,0.0,-8.200000000000003,-9.099999999999994,-11.200000000000003,2.5,0.09999999999999987,0.0,-0.6199999999999992,30.0,55.0,18.0,10.0,0.35750000000000004,0.5,0.0,2.0,-2.0,0.0,-1.0,0.0,-2.0
598057,2013-05-12,2013,KKR,RCB,JSCA International Stadium Complex,1,-0.028758169934640476,0.0,0.0,-0.028758169934640476,0.45454545454545453,0.002830188679245338,-0.037237237237237264,0.55,0.45,0.050000000000000044,170.0,0.5,0.5,1.0,-0.93,-0.09999999999999998,-3,-0.5,-4.100000000000001,-0.5,-0.7999999999999972,-1.2000000000000028,-0.19999999999999996,-0.19999999999999996,0.4299999999999997,30.0,55.0,18.0,10.0,0.35750000000000004,0.5,0.0,0.0,0.0,-1.0,0.0,0.0,1.0
598058,2013-05-12,2013,RR,CSK,Sawai Mansingh Stadium,1,-0.07172675521821636,0.0,0.0,0.05208333333333337,0.3333333333333333,0.0025141420490257804,-0.16071428571428575,0.55,0.45,0.050000000000000044,170.0,0.5,0.5,1.0,0.534,-0.09999999999999998,2,0.0,3.0,4.200000000000003,8.899999999999999,-0.8999999999999986,0.40000000000000013,0.09999999999999987,0.2699999999999996,30.0,55.0,18.0,10.0,0.35750000000000004,0.5,1.0,0.0,1.0,2.0,0.0,1.0,-1.0
598060,2013-05-13,2013,MI,SRH,Wankhede Stadium,1,0.04580812445980986,0.20000000000000007,0.0,0.07692307692307698,0.0,-0.010452961672473782,0.10416666666666663,0.55,0.45,0.04999999999999999,170.0,0.5,0.5,1.0,-1.108,-0.20000000000000007,-1,0.0,-8.200000000000003,-9.099999999999994,-11.200000000000003,2.5,0.09999999999999987,0.0,-0.6199999999999992,30.0,55.0,18.0,10.0,0.35750000000000004,0.5,0.0,2.0,-2.0,0.0,-1.0,0.0,-2.0
598045,2013-05-14,2013,RCB,PBKS,M Chinnaswamy Stadium,0,0.04037822642473804,0.2,0.0,0.045454545454545414,0.45454545454545453,-0.021012006861063526,0.09022556390977443,0.55,0.45,-0.050000000000000044,170.0,0.5,0.5,1.0,0.47400000000000003,0.09999999999999998,3,0.5,4.100000000000001,0.5,0.7999999999999972,1.2000000000000028,0.19999999999999996,0.19999999999999996,-0.4299999999999997,30.0,55.0,18.0,10.0,0.35750000000000004,0.5,0.0,0.0,0.0,1.0,0.0,0.0,-1.0
598062,2013-05-14,2013,CSK,DC,"MA Chidambaram Stadium, Chepauk",1,0.129110251450677,0.19999999999999996,0.0,0.2666666666666666,0.6363636363636364,0.09962904080551138,0.20056899004267426,0.55,0.45,-0.04999999999999999,170.0,0.5,0.5,1.0,0.30600000000000005,0.0,0,0.0,0.0,0.0,0.0,0.0,0.0,0.0,0.0,30.0,55.0,18.0,10.0,0.35750000000000004,0.5,0.0,0.0,0.0,0.0,0.0,0.0,0.0
598061,2013-05-15,2013,KKR,PWI,JSCA International Stadium Complex,0,0.2610993657505285,0.6,0.0,0.7727272727272727,1.0,0.33020637898686683,0.2,0.55,0.45,0.050000000000000044,170.0,0.5,0.5,1.0,-0.147,0.0,0,0.0,0.0,0.0,0.0,0.0,0.0,0.0,0.0,30.0,55.0,18.0,10.0,0.35750000000000004,0.5,0.0,0.0,0.0,0.0,0.0,0.0,0.0
598063,2013-05-15,2013,MI,RR,Wankhede Stadium,1,0.04237726098191219,0.0,0.0,-0.03703703703703698,0.5,-0.08766233766233766,0.17559523809523808,0.55,0.45,-0.050000000000000044,170.0,0.5,0.5,1.0,-0.7729999999999999,0.09999999999999998,-2,0.0,-3.0,-4.200000000000003,-8.899999999999999,0.8999999999999986,-0.40000000000000013,-0.09999999999999987,-0.2699999999999996,30.0,55.0,18.0,10.0,0.35750000000000004,0.5,0.0,1.0,-1.0,-2.0,0.0,-1.0,1.0
598028,2013-05-16,2013,PBKS,DC,Himachal Pradesh Cricket Association Stadium,1,-0.0006457445434586151,0.2,0.0,-0.07142857142857145,0.5454545454545454,0.03931623931623929,-0.02123552123552125,0.55,0.45,-0.050000000000000044,170.0,0.5,0.5,1.0,0.96,0.0,0,0.0,0.0,0.0,0.0,0.0,0.0,0.0,0.0,30.0,55.0,18.0,10.0,0.35750000000000004,0.5,0.0,0.0,0.0,0.0,0.0,0.0,0.0
598065,2013-05-17,2013,SRH,RR,"Rajiv Gandhi International Stadium, Uppal",1,-0.04022988505747127,-0.20000000000000007,0.0,0.0,0.0,-0.07301587301587309,0.0,0.55,0.45,-0.04999999999999999,170.0,0.5,0.5,1.0,0.335,0.30000000000000004,-1,0.0,5.200000000000003,4.8999999999999915,2.3000000000000043,-1.6000000000000014,-0.5,-0.09999999999999987,0.34999999999999964,30.0,55.0,18.0,10.0,0.35750000000000004,0.5,2.0,1.0,1.0,-2.0,1.0,-1.0,3.0
598066,2013-05-18,2013,PBKS,MI,Himachal Pradesh Cricket Association Stadium,1,-0.11613386613386611,-0.4,0.0,-0.09340659340659341,0.5454545454545454,0.006349206349206327,-0.24015187470336974,0.55,0.45,-0.050000000000000044,170.0,0.5,0.5,1.0,0.893,0.0,0,0.0,0.0,0.0,0.0,0.0,0.0,0.0,0.0,30.0,55.0,18.0,10.0,0.35750000000000004,0.5,0.0,0.0,0.0,0.0,0.0,0.0,0.0
598068,2013-05-18,2013,RCB,CSK,M Chinnaswamy Stadium,1,-0.1105263157894737,-0.19999999999999996,0.0,0.02941176470588236,0.38461538461538464,-0.10147883732789398,-0.15030946065428819,0.55,0.45,-0.050000000000000044,170.0,0.5,0.5,1.0,1.1280000000000001,0.09999999999999998,3,0.5,4.100000000000001,0.5,0.7999999999999972,1.2000000000000028,0.19999999999999996,0.19999999999999996,-0.4299999999999997,30.0,55.0,18.0,10.0,0.35750000000000004,0.5,0.0,0.0,0.0,1.0,0.0,0.0,-1.0
598067,2013-05-19,2013,PWI,DC,Subrata Roy Sahara Stadium,1,-0.22222222222222224,0.2,0.0,-0.2857142857142857,0.2,-0.29753265602322204,-0.11522048364153631,0.55,0.45,-0.04999999999999999,170.0,0.5,0.5,1.0,0.651,0.0,0,0.0,0.0,0.0,0.0,0.0,0.0,0.0,0.0,30.0,55.0,18.0,10.0,0.35750000000000004,0.5,0.0,0.0,0.0,0.0,0.0,0.0,0.0
598069,2013-05-19,2013,SRH,KKR,"Rajiv Gandhi International Stadium, Uppal",1,0.05057471264367813,0.0,0.0,-0.2857142857142857,0.0,0.023809523809523725,0.07777777777777778,0.55,0.45,0.04999999999999999,170.0,0.5,0.5,1.0,0.671,0.20000000000000007,1,0.0,8.200000000000003,9.099999999999994,11.200000000000003,-2.5,-0.09999999999999987,0.0,0.6199999999999992,30.0,55.0,18.0,10.0,0.35750000000000004,0.5,2.0,0.0,2.0,0.0,1.0,0.0,2.0
598070,2013-05-21,2013,CSK,MI,Feroz Shah Kotla,1,0.017210144927536142,-0.4,0.0,0.35,0.38461538461538464,0.0734394124847001,-0.0260380014074596,0.55,0.45,-0.04999999999999999,170.0,0.5,0.5,1.0,0.239,0.0,0,0.0,0.0,0.0,0.0,0.0,0.0,0.0,0.0,30.0,55.0,18.0,10.0,0.35750000000000004,0.5,0.0,0.0,0.0,0.0,0.0,0.0,0.0
598071,2013-05-22,2013,RR,SRH,Feroz Shah Kotla,1,-0.02840909090909094,0.0,0.0,-0.75,0.5,0.005434782608695676,-0.07142857142857145,0.55,0.45,0.04999999999999999,170.0,0.5,0.5,1.0,-0.335,-0.30000000000000004,1,0.0,-5.200000000000003,-4.8999999999999915,-2.3000000000000043,1.6000000000000014,0.5,0.09999999999999987,-0.34999999999999964,30.0,55.0,18.0,10.0,0.35750000000000004,0.5,1.0,2.0,-1.0,2.0,-1.0,1.0,-3.0
598072,2013-05-24,2013,MI,RR,Eden Gardens,1,0.04131931859369342,0.0,0.0,0.6000000000000001,0.5454545454545454,-0.09284332688588015,0.18367346938775514,0.55,0.45,0.04999999999999999,170.0,0.5,0.5,1.0,-0.7729999999999999,0.09999999999999998,-2,0.0,-3.0,-4.200000000000003,-8.899999999999999,0.8999999999999986,-0.40000000000000013,-0.09999999999999987,-0.2699999999999996,30.0,55.0,18.0,10.0,0.35750000000000004,0.5,0.0,1.0,-1.0,-2.0,0.0,-1.0,1.0
598073,2013-05-26,2013,CSK,MI,Eden Gardens,0,0.023141039701688904,0.0,0.0,-0.033333333333333326,0.42857142857142855,0.07602339181286544,-0.019024558976132866,0.55,0.45,0.04999999999999999,170.0,0.5,0.5,1.0,0.239,0.0,0,0.0,0.0,0.0,0.0,0.0,0.0,0.0,0.0,30.0,55.0,18.0,10.0,0.35750000000000004,0.5,0.0,0.0,0.0,0.0,0.0,0.0,0.0
729279,2014-04-16,2014,MI,KKR,Sheikh Zayed Stadium,0,0.11220095693779897,0.19999999999999996,0.0,0.11220095693779897,0.8333333333333334,0.007936507936507908,0.20695652173913043,0.55,0.45,0.04999999999999999,170.0,0.5,0.5,1.0,-0.43699999999999994,0.0,0,0.0,0.0,0.0,0.0,0.0,0.0,0.0,0.0,30.0,55.0,18.0,10.0,0.35750000000000004,0.5,0.0,0.0,0.0,0.0,0.0,0.0,0.0
729281,2014-04-17,2014,DC,RCB,Sharjah Cricket Stadium,0,-0.043837882547559937,-0.4,0.0,-0.043837882547559937,0.45454545454545453,-0.028651292802236217,-0.07162162162162161,0.55,0.45,-0.050000000000000044,170.0,0.5,0.5,1.0,-1.4340000000000002,-0.09999999999999998,-3,-0.5,-4.100000000000001,-0.5,-0.7999999999999972,-1.2000000000000028,-0.19999999999999996,-0.19999999999999996,0.4299999999999997,30.0,55.0,18.0,10.0,0.35750000000000004,0.5,0.0,0.0,0.0,-1.0,0.0,0.0,1.0
729283,2014-04-18,2014,CSK,PBKS,Sheikh Zayed Stadium,0,0.11889474891080026,-0.19999999999999996,0.0,0.11889474891080026,0.6666666666666666,0.037606837606837695,0.20685670261941447,0.55,0.45,-0.04999999999999999,170.0,0.5,0.5,1.0,-0.6539999999999999,0.0,0,0.0,0.0,0.0,0.0,0.0,0.0,0.0,0.0,30.0,55.0,18.0,10.0,0.35750000000000004,0.5,0.0,0.0,0.0,0.0,0.0,0.0,0.0
729285,2014-04-18,2014,SRH,RR,Sheikh Zayed Stadium,0,-0.0039215686274509665,0.19999999999999996,0.0,-0.0039215686274509665,0.3333333333333333,-0.013297872340425565,0.0258397932816537,0.55,0.45,-0.050000000000000044,170.0,0.5,0.5,1.0,0.335,0.30000000000000004,-1,0.0,5.200000000000003,4.8999999999999915,2.3000000000000043,-1.6000000000000014,-0.5,-0.09999999999999987,0.34999999999999964,30.0,55.0,18.0,10.0,0.35750000000000004,0.5,2.0,1.0,1.0,-2.0,1.0,-1.0,3.0
729287,2014-04-19,2014,RCB,MI,Dubai International Cricket Stadium,1,-0.07269503546099298,0.19999999999999996,0.0,-0.07269503546099298,0.46153846153846156,0.012077294685990392,-0.16999999999999998,0.55,0.45,0.050000000000000044,170.0,0.5,0.5,1.0,1.367,0.09999999999999998,3,0.5,4.100000000000001,0.5,0.7999999999999972,1.2000000000000028,0.19999999999999996,0.19999999999999996,-0.4299999999999997,30.0,55.0,18.0,10.0,0.35750000000000004,0.5,0.0,0.0,0.0,1.0,0.0,0.0,-1.0
729289,2014-04-19,2014,KKR,DC,Dubai International Cricket Stadium,0,0.026624328285295595,0.6,0.0,0.026624328285295595,0.5454545454545454,0.029100529100529182,0.0571108622620381,0.55,0.45,-0.04999999999999999,170.0,0.5,0.5,1.0,0.504,0.0,0,0.0,0.0,0.0,0.0,0.0,0.0,0.0,0.0,30.0,55.0,18.0,10.0,0.35750000000000004,0.5,0.0,0.0,0.0,0.0,0.0,0.0,0.0
729291,2014-04-20,2014,RR,PBKS,Sharjah Cricket Stadium,0,0.04957264957264956,-0.4,0.0,0.04957264957264956,0.7272727272727273,0.05887681159420288,0.032241014799154366,0.55,0.45,-0.050000000000000044,170.0,0.5,0.5,1.0,-0.12,-0.09999999999999998,2,0.0,3.0,4.200000000000003,8.899999999999999,-0.8999999999999986,0.40000000000000013,0.09999999999999987,0.2699999999999996,30.0,55.0,18.0,10.0,0.35750000000000004,0.5,1.0,0.0,1.0,2.0,0.0,1.0,-1.0
729293,2014-04-21,2014,CSK,DC,Sheikh Zayed Stadium,1,0.13359400456174647,0.2,0.0,-0.46236559139784944,0.6666666666666666,0.08811188811188819,0.21491228070175444,0.55,0.45,-0.04999999999999999,170.0,0.5,0.5,1.0,0.30600000000000005,0.0,0,0.0,0.0,0.0,0.0,0.0,0.0,0.0,0.0,30.0,55.0,18.0,10.0,0.35750000000000004,0.5,0.0,0.0,0.0,0.0,0.0,0.0,0.0
729295,2014-04-22,2014,PBKS,SRH,Sharjah Cricket Stadium,1,-0.005494505494505475,0.6,0.0,0.5,0.0,-0.0292553191489362,-0.013636363636363669,0.55,0.45,-0.050000000000000044,170.0,0.5,0.5,1.0,-0.21500000000000002,-0.20000000000000007,-1,0.0,-8.200000000000003,-9.099999999999994,-11.200000000000003,2.5,0.09999999999999987,0.0,-0.6199999999999992,30.0,55.0,18.0,10.0,0.35750000000000004,0.5,0.0,2.0,-2.0,0.0,-1.0,0.0,-2.0
729297,2014-04-23,2014,RR,CSK,Dubai International Cricket Stadium,0,-0.06739130434782603,0.0,0.0,-0.06739130434782603,0.38461538461538464,0.03044871794871795,-0.18107302533532038,0.55,0.45,0.050000000000000044,170.0,0.5,0.5,1.0,0.534,-0.09999999999999998,2,0.0,3.0,4.200000000000003,8.899999999999999,-0.8999999999999986,0.40000000000000013,0.09999999999999987,0.2699999999999996,30.0,55.0,18.0,10.0,0.35750000000000004,0.5,1.0,0.0,1.0,2.0,0.0,1.0,-1.0
729299,2014-04-24,2014,RCB,KKR,Sharjah Cricket Stadium,0,0.038011695906432774,0.19999999999999996,0.0,0.5222222222222221,0.5,0.01601731601731593,0.033333333333333326,0.55,0.45,0.050000000000000044,170.0,0.5,0.5,1.0,0.93,0.09999999999999998,3,0.5,4.100000000000001,0.5,0.7999999999999972,1.2000000000000028,0.19999999999999996,0.19999999999999996,-0.4299999999999997,30.0,55.0,18.0,10.0,0.35750000000000004,0.5,0.0,0.0,0.0,1.0,0.0,0.0,-1.0
729303,2014-04-25,2014,CSK,MI,Dubai International Cricket Stadium,1,0.026640808410738015,0.19999999999999996,0.0,1.0,0.4,0.07190635451505023,-0.011068943706514789,0.55,0.45,0.04999999999999999,170.0,0.5,0.5,1.0,0.239,0.0,0,0.0,0.0,0.0,0.0,0.0,0.0,0.0,0.0,30.0,55.0,18.0,10.0,0.35750000000000004,0.5,0.0,0.0,0.0,0.0,0.0,0.0,0.0
729301,2014-04-25,2014,SRH,DC,Dubai International Cricket Stadium,1,0.01623740201567747,0.2,0.0,-0.5263157894736843,1.0,0.037698412698412676,0.031578947368421095,0.55,0.45,-0.04999999999999999,170.0,0.5,0.5,1.0,1.175,0.20000000000000007,1,0.0,8.200000000000003,9.099999999999994,11.200000000000003,-2.5,-0.09999999999999987,0.0,0.6199999999999992,30.0,55.0,18.0,10.0,0.35750000000000004,0.5,2.0,0.0,2.0,0.0,1.0,0.0,2.0
729305,2014-04-26,2014,RR,RCB,Sheikh Zayed Stadium,1,0.016465053763440873,-0.19999999999999996,0.0,0.48958333333333337,0.45454545454545453,0.07908163265306123,-0.040909090909090895,0.55,0.45,0.050000000000000044,170.0,0.5,0.5,1.0,-0.5940000000000001,-0.19999999999999996,-1,-0.5,-1.1000000000000014,3.700000000000003,8.100000000000001,-2.1000000000000014,0.20000000000000018,-0.10000000000000009,0.6999999999999993,30.0,55.0,18.0,10.0,0.35750000000000004,0.5,1.0,0.0,1.0,1.0,0.0,1.0,0.0
729307,2014-04-26,2014,KKR,PBKS,Sheikh Zayed Stadium,0,-0.01648351648351648,-0.6,0.0,0.0,0.5454545454545454,-0.04812563323201613,0.028571428571428525,0.55,0.45,0.050000000000000044,170.0,0.5,0.5,1.0,-0.45599999999999996,0.0,0,0.0,0.0,0.0,0.0,0.0,0.0,0.0,0.0,30.0,55.0,18.0,10.0,0.35750000000000004,0.5,0.0,0.0,0.0,0.0,0.0,0.0,0.0
729309,2014-04-27,2014,DC,MI,Sharjah Cricket Stadium,1,-0.11879699248120296,-0.2,0.0,-0.5714285714285714,0.5,-0.03470633104500376,-0.22773279352226722,0.55,0.45,0.04999999999999999,170.0,0.5,0.5,1.0,-0.06700000000000006,0.0,0,0.0,0.0,0.0,0.0,0.0,0.0,0.0,0.0,30.0,55.0,18.0,10.0,0.35750000000000004,0.5,0.0,0.0,0.0,0.0,0.0,0.0,0.0
729311,2014-04-27,2014,SRH,CSK,Sharjah Cricket Stadium,0,-0.10784313725490191,-0.19999999999999996,0.0,-0.6078431372549019,0.0,-0.06944444444444442,-0.1422287390029326,0.55,0.45,-0.04999999999999999,170.0,0.5,0.5,1.0,0.869,0.20000000000000007,1,0.0,8.200000000000003,9.099999999999994,11.200000000000003,-2.5,-0.09999999999999987,0.0,0.6199999999999992,30.0,55.0,18.0,10.0,0.35750000000000004,0.5,2.0,0.0,2.0,0.0,1.0,0.0,2.0
729313,2014-04-28,2014,PBKS,RCB,Dubai International Cricket Stadium,1,0.00022170491076378696,0.4,0.0,-0.4946236559139785,0.5833333333333334,0.0421732522796352,-0.025980911983032873,0.55,0.45,0.050000000000000044,170.0,0.5,0.5,1.0,-0.47400000000000003,-0.09999999999999998,-3,-0.5,-4.100000000000001,-0.5,-0.7999999999999972,-1.2000000000000028,-0.19999999999999996,-0.19999999999999996,0.4299999999999997,30.0,55.0,18.0,10.0,0.35750000000000004,0.5,0.0,0.0,0.0,-1.0,0.0,0.0,1.0
729315,2014-04-29,2014,KKR,RR,Sheikh Zayed Stadium,0,-0.05365402405180386,0.0,0.0,-0.5,0.5,-0.1051162790697675,0.01948051948051943,0.55,0.45,0.04999999999999999,170.0,0.5,0.5,1.0,-0.33599999999999997,0.09999999999999998,-2,0.0,-3.0,-4.200000000000003,-8.899999999999999,0.8999999999999986,-0.40000000000000013,-0.09999999999999987,-0.2699999999999996,30.0,55.0,18.0,10.0,0.35750000000000004,0.5,0.0,1.0,-1.0,-2.0,0.0,-1.0,1.0
729317,2014-04-30,2014,MI,SRH,Dubai International Cricket Stadium,0,0.08946608946608947,0.0,0.0,-1.0,0.5,-0.012077294685990392,0.1682389937106918,0.55,0.45,0.050000000000000044,170.0,0.5,0.5,1.0,-1.108,-0.20000000000000007,-1,0.0,-8.200000000000003,-9.099999999999994,-11.200000000000003,2.5,0.09999999999999987,0.0,-0.6199999999999992,30.0,55.0,18.0,10.0,0.35750000000000004,0.5,0.0,2.0,-2.0,0.0,-1.0,0.0,-2.0
733971,2014-05-02,2014,CSK,KKR,JSCA International Stadium Complex,1,0.13853220586700066,0.4,0.0,0.11165048543689315,0.6666666666666666,0.11141906873614194,0.16820276497695857,0.55,0.45,-0.04999999999999999,170.0,0.5,0.5,1.0,-0.19799999999999998,0.0,0,0.0,0.0,0.0,0.0,0.0,0.0,0.0,0.0,30.0,55.0,18.0,10.0,0.35750000000000004,0.5,0.0,0.0,0.0,0.0,0.0,0.0,0.0
733973,2014-05-03,2014,MI,PBKS,Wankhede Stadium,1,0.04936170212765967,-1.0,0.0,0.24285714285714288,0.4166666666666667,-0.07225177304964536,0.1718621821164889,0.55,0.45,0.04999999999999999,170.0,0.5,0.5,1.0,-0.893,0.0,0,0.0,0.0,0.0,0.0,0.0,0.0,0.0,0.0,30.0,55.0,18.0,10.0,0.35750000000000004,0.5,0.0,0.0,0.0,0.0,0.0,0.0,0.0
733975,2014-05-03,2014,DC,RR,Feroz Shah Kotla,0,-0.06798245614035087,0.0,0.0,0.0117647058823529,0.5,-0.12275862068965515,-0.031578947368421095,0.55,0.45,-0.050000000000000044,170.0,0.5,0.5,1.0,-0.8400000000000001,0.09999999999999998,-2,0.0,-3.0,-4.200000000000003,-8.899999999999999,0.8999999999999986,-0.40000000000000013,-0.09999999999999987,-0.2699999999999996,30.0,55.0,18.0,10.0,0.35750000000000004,0.5,0.0,1.0,-1.0,-2.0,0.0,-1.0,1.0
733977,2014-05-04,2014,RCB,SRH,M Chinnaswamy Stadium,1,0.0,0.0,0.0,0.5428571428571428,0.5,-0.001984126984126977,-0.032967032967033016,0.55,0.45,0.050000000000000044,170.0,0.5,0.5,1.0,0.259,-0.10000000000000009,2,0.5,-4.100000000000001,-8.599999999999994,-10.400000000000006,3.700000000000003,0.2999999999999998,0.19999999999999996,-1.049999999999999,30.0,55.0,18.0,10.0,0.35750000000000004,0.5,0.0,2.0,-2.0,1.0,-1.0,0.0,-3.0
733979,2014-05-05,2014,RR,KKR,"Sardar Patel Stadium, Motera",1,0.06316489361702127,0.2,0.0,0.75,0.38461538461538464,0.13594771241830073,-0.028571428571428525,0.55,0.45,-0.050000000000000044,170.0,0.5,0.5,1.0,0.33599999999999997,-0.09999999999999998,2,0.0,3.0,4.200000000000003,8.899999999999999,-0.8999999999999986,0.40000000000000013,0.09999999999999987,0.2699999999999996,30.0,55.0,18.0,10.0,0.35750000000000004,0.5,1.0,0.0,1.0,2.0,0.0,1.0,-1.0
733981,2014-05-05,2014,DC,CSK,Feroz Shah Kotla,0,-0.161776367961935,-0.6,0.0,-0.4,0.3076923076923077,-0.11690496215306978,-0.24420024420024417,0.55,0.45,-0.050000000000000044,170.0,0.5,0.5,1.0,-0.30600000000000005,0.0,0,0.0,0.0,0.0,0.0,0.0,0.0,0.0,0.0,30.0,55.0,18.0,10.0,0.35750000000000004,0.5,0.0,0.0,0.0,0.0,0.0,0.0,0.0
733983,2014-05-06,2014,MI,RCB,Wankhede Stadium,1,0.05930593059305922,-0.2,0.0,0.15517241379310343,0.5,-0.019736842105263164,0.15633423180592992,0.55,0.45,-0.050000000000000044,170.0,0.5,0.5,1.0,-1.367,-0.09999999999999998,-3,-0.5,-4.100000000000001,-0.5,-0.7999999999999972,-1.2000000000000028,-0.19999999999999996,-0.19999999999999996,0.4299999999999997,30.0,55.0,18.0,10.0,0.35750000000000004,0.5,0.0,0.0,0.0,-1.0,0.0,0.0,1.0
733987,2014-05-07,2014,PBKS,CSK,Barabati Stadium,1,-0.11378446115288221,-0.19999999999999996,0.0,-0.6190476190476191,0.3076923076923077,-0.038690476190476275,-0.198919284025667,0.55,0.45,-0.050000000000000044,170.0,0.5,0.5,1.0,0.6539999999999999,0.0,0,0.0,0.0,0.0,0.0,0.0,0.0,0.0,0.0,30.0,55.0,18.0,10.0,0.35750000000000004,0.5,0.0,0.0,0.0,0.0,0.0,0.0,0.0
733985,2014-05-07,2014,DC,KKR,Feroz Shah Kotla,0,-0.014178302900107409,0.0,0.0,-0.27777777777777773,0.5,0.017241379310344862,-0.07857142857142857,0.55,0.45,-0.04999999999999999,170.0,0.5,0.5,1.0,-0.504,0.0,0,0.0,0.0,0.0,0.0,0.0,0.0,0.0,0.0,30.0,55.0,18.0,10.0,0.35750000000000004,0.5,0.0,0.0,0.0,0.0,0.0,0.0,0.0
733989,2014-05-08,2014,RR,SRH,"Sardar Patel Stadium, Motera",0,0.0578216046615867,0.19999999999999996,0.0,0.32173913043478264,0.75,0.09150326797385622,-0.01552795031055898,0.55,0.45,0.050000000000000044,170.0,0.5,0.5,1.0,-0.335,-0.30000000000000004,1,0.0,-5.200000000000003,-4.8999999999999915,-2.3000000000000043,1.6000000000000014,0.5,0.09999999999999987,-0.34999999999999964,30.0,55.0,18.0,10.0,0.35750000000000004,0.5,1.0,2.0,-1.0,2.0,-1.0,1.0,-3.0
733991,2014-05-09,2014,RCB,PBKS,M Chinnaswamy Stadium,0,-0.01041666666666663,-0.6000000000000001,0.0,-0.0444444444444444,0.38461538461538464,-0.052442528735632155,0.011904761904761862,0.55,0.45,0.050000000000000044,170.0,0.5,0.5,1.0,0.47400000000000003,0.09999999999999998,3,0.5,4.100000000000001,0.5,0.7999999999999972,1.2000000000000028,0.19999999999999996,0.19999999999999996,-0.4299999999999997,30.0,55.0,18.0,10.0,0.35750000000000004,0.5,0.0,0.0,0.0,1.0,0.0,0.0,-1.0
733993,2014-05-10,2014,DC,SRH,Feroz Shah Kotla,0,-0.05555555555555558,-0.39999999999999997,0.0,-0.1216216216216216,0.0,-0.03831417624521072,-0.1252032520325203,0.55,0.45,-0.050000000000000044,170.0,0.5,0.5,1.0,-1.175,-0.20000000000000007,-1,0.0,-8.200000000000003,-9.099999999999994,-11.200000000000003,2.5,0.09999999999999987,0.0,-0.6199999999999992,30.0,55.0,18.0,10.0,0.35750000000000004,0.5,0.0,2.0,-2.0,0.0,-1.0,0.0,-2.0
733995,2014-05-10,2014,MI,CSK,Wankhede Stadium,0,-0.04458009618941916,-0.4,0.0,0.3333333333333333,0.5625,-0.08624031007751942,-0.010582010582010581,0.55,0.45,-0.050000000000000044,170.0,0.5,0.5,1.0,-0.239,0.0,0,0.0,0.0,0.0,0.0,0.0,0.0,0.0,0.0,30.0,55.0,18.0,10.0,0.35750000000000004,0.5,0.0,0.0,0.0,0.0,0.0,0.0,0.0
733999,2014-05-11,2014,RCB,RR,M Chinnaswamy Stadium,0,-0.03556273994746417,-0.39999999999999997,0.0,0.04054054054054057,0.5,-0.09224250325945238,0.01552795031055898,0.55,0.45,-0.04999999999999999,170.0,0.5,0.5,1.0,0.5940000000000001,0.19999999999999996,1,0.5,1.1000000000000014,-3.700000000000003,-8.100000000000001,2.1000000000000014,-0.20000000000000018,0.10000000000000009,-0.6999999999999993,30.0,55.0,18.0,10.0,0.35750000000000004,0.5,0.0,1.0,-1.0,-1.0,0.0,-1.0,0.0
733997,2014-05-11,2014,PBKS,KKR,Barabati Stadium,0,0.04671391752577314,0.6000000000000001,0.0,-0.5,0.5,0.09352836879432624,0.0,0.55,0.45,-0.050000000000000044,170.0,0.5,0.5,1.0,0.45599999999999996,0.0,0,0.0,0.0,0.0,0.0,0.0,0.0,0.0,0.0,30.0,55.0,18.0,10.0,0.35750000000000004,0.5,0.0,0.0,0.0,0.0,0.0,0.0,0.0
734001,2014-05-12,2014,SRH,MI,"Rajiv Gandhi International Stadium, Uppal",0,-0.04310679611650481,0.19999999999999996,0.0,0.08333333333333337,0.6666666666666666,0.05833333333333335,-0.11515151515151512,0.55,0.45,-0.04999999999999999,170.0,0.5,0.5,1.0,1.108,0.20000000000000007,1,0.0,8.200000000000003,9.099999999999994,11.200000000000003,-2.5,-0.09999999999999987,0.0,0.6199999999999992,30.0,55.0,18.0,10.0,0.35750000000000004,0.5,2.0,0.0,2.0,0.0,1.0,0.0,2.0
734003,2014-05-13,2014,CSK,RR,JSCA International Stadium Complex,1,0.08146889455300665,0.20000000000000007,0.0,0.46464646464646464,0.6428571428571429,-0.005145797598627766,0.19013112491373357,0.55,0.45,0.04999999999999999,170.0,0.5,0.5,1.0,-0.534,0.09999999999999998,-2,0.0,-3.0,-4.200000000000003,-8.899999999999999,0.8999999999999986,-0.40000000000000013,-0.09999999999999987,-0.2699999999999996,30.0,55.0,18.0,10.0,0.35750000000000004,0.5,0.0,1.0,-1.0,-2.0,0.0,-1.0,1.0
734005,2014-05-13,2014,RCB,DC,M Chinnaswamy Stadium,1,0.050196078431372526,0.0,0.0,0.02631578947368418,0.5,0.02513150204558734,0.0852713178294574,0.55,0.45,-0.050000000000000044,170.0,0.5,0.5,1.0,1.4340000000000002,0.09999999999999998,3,0.5,4.100000000000001,0.5,0.7999999999999972,1.2000000000000028,0.19999999999999996,0.19999999999999996,-0.4299999999999997,30.0,55.0,18.0,10.0,0.35750000000000004,0.5,0.0,0.0,0.0,1.0,0.0,0.0,-1.0
734007,2014-05-14,2014,SRH,PBKS,"Rajiv Gandhi International Stadium, Uppal",0,-0.010204081632653073,0.0,0.0,-0.08333333333333337,0.6666666666666666,-0.004166666666666652,0.017500000000000016,0.55,0.45,-0.050000000000000044,170.0,0.5,0.5,1.0,0.21500000000000002,0.20000000000000007,1,0.0,8.200000000000003,9.099999999999994,11.200000000000003,-2.5,-0.09999999999999987,0.0,0.6199999999999992,30.0,55.0,18.0,10.0,0.35750000000000004,0.5,2.0,0.0,2.0,0.0,1.0,0.0,2.0
734009,2014-05-14,2014,KKR,MI,Barabati Stadium,1,-0.09308088818398097,-0.19999999999999996,0.0,0.4326923076923077,0.23076923076923078,-0.03018707482993188,-0.15324675324675324,0.55,0.45,0.050000000000000044,170.0,0.5,0.5,1.0,0.43699999999999994,0.0,0,0.0,0.0,0.0,0.0,0.0,0.0,0.0,0.0,30.0,55.0,18.0,10.0,0.35750000000000004,0.5,0.0,0.0,0.0,0.0,0.0,0.0,0.0
734011,2014-05-15,2014,RR,DC,"Sardar Patel Stadium, Motera",1,0.09435643564356438,0.6,0.0,-0.33333333333333337,0.5384615384615384,0.1330348576910777,0.07092198581560283,0.55,0.45,-0.050000000000000044,170.0,0.5,0.5,1.0,0.8400000000000001,-0.09999999999999998,2,0.0,3.0,4.200000000000003,8.899999999999999,-0.8999999999999986,0.40000000000000013,0.09999999999999987,0.2699999999999996,30.0,55.0,18.0,10.0,0.35750000000000004,0.5,1.0,0.0,1.0,2.0,0.0,1.0,-1.0
734013,2014-05-18,2014,CSK,RCB,JSCA International Stadium Complex,0,0.12522473930240918,0.4,0.0,1.0,0.5714285714285714,0.10207156308851228,0.17135642135642132,0.55,0.45,-0.04999999999999999,170.0,0.5,0.5,1.0,-1.1280000000000001,-0.09999999999999998,-3,-0.5,-4.100000000000001,-0.5,-0.7999999999999972,-1.2000000000000028,-0.19999999999999996,-0.19999999999999996,0.4299999999999997,30.0,55.0,18.0,10.0,0.35750000000000004,0.5,0.0,0.0,0.0,-1.0,0.0,0.0,1.0
734015,2014-05-18,2014,SRH,KKR,"Rajiv Gandhi International Stadium, Uppal",0,0.0018896447467875999,-0.19999999999999996,0.0,-0.06666666666666665,0.5,0.06938775510204076,-0.016806722689075626,0.55,0.45,-0.04999999999999999,170.0,0.5,0.5,1.0,0.671,0.20000000000000007,1,0.0,8.200000000000003,9.099999999999994,11.200000000000003,-2.5,-0.09999999999999987,0.0,0.6199999999999992,30.0,55.0,18.0,10.0,0.35750000000000004,0.5,2.0,0.0,2.0,0.0,1.0,0.0,2.0
734017,2014-05-19,2014,RR,MI,"Sardar Patel Stadium, Motera",0,-0.027251296558227223,0.0,0.0,0.1523809523809524,0.4166666666666667,0.09048902579899887,-0.1547619047619047,0.55,0.45,0.04999999999999999,170.0,0.5,0.5,1.0,0.7729999999999999,-0.09999999999999998,2,0.0,3.0,4.200000000000003,8.899999999999999,-0.8999999999999986,0.40000000000000013,0.09999999999999987,0.2699999999999996,30.0,55.0,18.0,10.0,0.35750000000000004,0.5,1.0,0.0,1.0,2.0,0.0,1.0,-1.0
734019,2014-05-19,2014,DC,PBKS,Feroz Shah Kotla,0,-0.08377896613190727,-0.6,0.0,-0.23157894736842105,0.4166666666666667,-0.11224489795918369,-0.08666666666666667,0.55,0.45,-0.050000000000000044,170.0,0.5,0.5,1.0,-0.96,0.0,0,0.0,0.0,0.0,0.0,0.0,0.0,0.0,0.0,30.0,55.0,18.0,10.0,0.35750000000000004,0.5,0.0,0.0,0.0,0.0,0.0,0.0,0.0
734023,2014-05-20,2014,KKR,CSK,Eden Gardens,1,-0.12983041423408392,0.20000000000000007,0.0,-0.07843137254901955,0.3076923076923077,-0.10444444444444445,-0.16517857142857145,0.55,0.45,0.050000000000000044,170.0,0.5,0.5,1.0,0.19799999999999998,0.0,0,0.0,0.0,0.0,0.0,0.0,0.0,0.0,0.0,30.0,55.0,18.0,10.0,0.35750000000000004,0.5,0.0,0.0,0.0,0.0,0.0,0.0,0.0
734021,2014-05-20,2014,SRH,RCB,"Rajiv Gandhi International Stadium, Uppal",1,-0.0357142857142857,0.0,0.0,0.2954545454545454,0.0,0.04999999999999993,-0.04292929292929293,0.55,0.45,0.04999999999999999,170.0,0.5,0.5,1.0,-0.259,0.10000000000000009,-2,-0.5,4.100000000000001,8.599999999999994,10.400000000000006,-3.700000000000003,-0.2999999999999998,-0.19999999999999996,1.049999999999999,30.0,55.0,18.0,10.0,0.35750000000000004,0.5,2.0,0.0,2.0,-1.0,1.0,0.0,3.0
734025,2014-05-21,2014,PBKS,MI,"Punjab Cricket Association Stadium, Mohali",0,-0.04603773584905657,0.20000000000000007,0.0,0.2857142857142857,0.5384615384615384,0.06897959183673474,-0.15894736842105267,0.55,0.45,-0.050000000000000044,170.0,0.5,0.5,1.0,0.893,0.0,0,0.0,0.0,0.0,0.0,0.0,0.0,0.0,0.0,30.0,55.0,18.0,10.0,0.35750000000000004,0.5,0.0,0.0,0.0,0.0,0.0,0.0,0.0
734027,2014-05-22,2014,KKR,RCB,Eden Gardens,1,-0.005238095238095264,0.6,0.0,0.35,0.5384615384615384,-0.0009803921568627416,0.006349206349206327,0.55,0.45,-0.050000000000000044,170.0,0.5,0.5,1.0,-0.93,-0.09999999999999998,-3,-0.5,-4.100000000000001,-0.5,-0.7999999999999972,-1.2000000000000028,-0.19999999999999996,-0.19999999999999996,0.4299999999999997,30.0,55.0,18.0,10.0,0.35750000000000004,0.5,0.0,0.0,0.0,-1.0,0.0,0.0,1.0
734029,2014-05-22,2014,CSK,SRH,JSCA International Stadium Complex,0,0.12633228840125393,0.0,0.0,0.18390804597701144,1.0,0.008080808080808133,0.19572649572649575,0.55,0.45,-0.050000000000000044,170.0,0.5,0.5,1.0,-0.869,-0.20000000000000007,-1,0.0,-8.200000000000003,-9.099999999999994,-11.200000000000003,2.5,0.09999999999999987,0.0,-0.6199999999999992,30.0,55.0,18.0,10.0,0.35750000000000004,0.5,0.0,2.0,-2.0,0.0,-1.0,0.0,-2.0
734033,2014-05-23,2014,PBKS,RR,"Punjab Cricket Association Stadium, Mohali",1,-0.014560279557367495,0.19999999999999996,0.0,-0.08275862068965512,0.3333333333333333,-0.009629629629629655,-0.004901960784313764,0.55,0.45,-0.050000000000000044,170.0,0.5,0.5,1.0,0.12,0.09999999999999998,-2,0.0,-3.0,-4.200000000000003,-8.899999999999999,0.8999999999999986,-0.40000000000000013,-0.09999999999999987,-0.2699999999999996,30.0,55.0,18.0,10.0,0.35750000000000004,0.5,0.0,1.0,-1.0,-2.0,0.0,-1.0,1.0
734031,2014-05-23,2014,MI,DC,Wankhede Stadium,1,0.14290899192450773,0.6,0.0,0.3951612903225806,0.46153846153846156,0.06000000000000005,0.2533659730722154,0.55,0.45,-0.050000000000000044,170.0,0.5,0.5,1.0,0.06700000000000006,0.0,0,0.0,0.0,0.0,0.0,0.0,0.0,0.0,0.0,30.0,55.0,18.0,10.0,0.35750000000000004,0.5,0.0,0.0,0.0,0.0,0.0,0.0,0.0
734035,2014-05-24,2014,RCB,CSK,M Chinnaswamy Stadium,0,-0.1130375658677546,0.0,0.0,0.1384615384615384,0.4666666666666667,-0.10346083788706739,-0.15353535353535358,0.55,0.45,-0.050000000000000044,170.0,0.5,0.5,1.0,1.1280000000000001,0.09999999999999998,3,0.5,4.100000000000001,0.5,0.7999999999999972,1.2000000000000028,0.19999999999999996,0.19999999999999996,-0.4299999999999997,30.0,55.0,18.0,10.0,0.35750000000000004,0.5,0.0,0.0,0.0,1.0,0.0,0.0,-1.0
734037,2014-05-24,2014,KKR,SRH,Eden Gardens,1,-0.004950495049504955,0.6,0.0,0.6111111111111112,0.6666666666666666,-0.11764705882352933,0.05111111111111111,0.55,0.45,0.050000000000000044,170.0,0.5,0.5,1.0,-0.671,-0.20000000000000007,-1,0.0,-8.200000000000003,-9.099999999999994,-11.200000000000003,2.5,0.09999999999999987,0.0,-0.6199999999999992,30.0,55.0,18.0,10.0,0.35750000000000004,0.5,0.0,2.0,-2.0,0.0,-1.0,0.0,-2.0
734039,2014-05-25,2014,PBKS,DC,"Punjab Cricket Association Stadium, Mohali",1,0.09653092006033187,0.6,0.0,0.033333333333333326,0.6153846153846154,0.12819672131147541,0.09749552772808584,0.55,0.45,0.050000000000000044,170.0,0.5,0.5,1.0,0.96,0.0,0,0.0,0.0,0.0,0.0,0.0,0.0,0.0,0.0,30.0,55.0,18.0,10.0,0.35750000000000004,0.5,0.0,0.0,0.0,0.0,0.0,0.0,0.0
734041,2014-05-25,2014,MI,RR,Wankhede Stadium,1,0.049802229413879906,0.4,0.0,0.15625,0.6153846153846154,-0.05818181818181811,0.1695402298850574,0.55,0.45,0.050000000000000044,170.0,0.5,0.5,1.0,-0.7729999999999999,0.09999999999999998,-2,0.0,-3.0,-4.200000000000003,-8.899999999999999,0.8999999999999986,-0.40000000000000013,-0.09999999999999987,-0.2699999999999996,30.0,55.0,18.0,10.0,0.35750000000000004,0.5,0.0,1.0,-1.0,-2.0,0.0,-1.0,1.0
734043,2014-05-27,2014,PBKS,KKR,Eden Gardens,0,0.024271844660194164,-0.19999999999999996,0.0,-0.22162162162162158,0.46153846153846156,0.06975867269984914,-0.01692307692307693,0.55,0.45,0.050000000000000044,170.0,0.5,0.5,1.0,0.45599999999999996,0.0,0,0.0,0.0,0.0,0.0,0.0,0.0,0.0,0.0,30.0,55.0,18.0,10.0,0.35750000000000004,0.5,0.0,0.0,0.0,0.0,0.0,0.0,0.0
734045,2014-05-28,2014,CSK,MI,Brabourne Stadium,1,0.02916120576671033,-0.4,0.0,-0.8571428571428571,0.47058823529411764,0.08354646206308614,-0.010449320794148287,0.55,0.45,0.050000000000000044,170.0,0.5,0.5,1.0,0.239,0.0,0,0.0,0.0,0.0,0.0,0.0,0.0,0.0,0.0,30.0,55.0,18.0,10.0,0.35750000000000004,0.5,0.0,0.0,0.0,0.0,0.0,0.0,0.0
734047,2014-05-30,2014,CSK,PBKS,Wankhede Stadium,0,0.09138869979577935,-0.19999999999999996,0.0,0.09523809523809523,0.5714285714285714,0.04418985270049092,0.15268065268065273,0.55,0.45,0.050000000000000044,170.0,0.5,0.5,1.0,-0.6539999999999999,0.0,0,0.0,0.0,0.0,0.0,0.0,0.0,0.0,0.0,30.0,55.0,18.0,10.0,0.35750000000000004,0.5,0.0,0.0,0.0,0.0,0.0,0.0,0.0
734049,2014-06-01,2014,KKR,PBKS,M Chinnaswamy Stadium,1,-0.018955154877485003,0.4,0.0,-0.2666666666666666,0.5714285714285714,-0.05769230769230771,0.017018128005919342,0.55,0.45,0.050000000000000044,170.0,0.5,0.5,1.0,-0.45599999999999996,0.0,0,0.0,0.0,0.0,0.0,0.0,0.0,0.0,0.0,30.0,55.0,18.0,10.0,0.35750000000000004,0.5,0.0,0.0,0.0,0.0,0.0,0.0,0.0
829705,2015-04-08,2015,KKR,MI,Eden Gardens,1,-0.06311188811188817,0.19999999999999996,0.0,-0.22556390977443608,0.2857142857142857,-0.002589715131335546,-0.12529079428381523,0.55,0.45,0.050000000000000044,170.0,0.5,0.5,1.0,0.43699999999999994,0.0,0,0.0,0.0,0.0,0.0,0.0,0.0,0.0,0.0,30.0,55.0,18.0,10.0,0.35750000000000004,0.5,0.0,0.0,0.0,0.0,0.0,0.0,0.0
829707,2015-04-09,2015,CSK,DC,"MA Chidambaram Stadium, Chepauk",1,0.18621553884711778,0.4,0.0,0.34166666666666673,0.7142857142857143,0.1540300546448088,0.2575757575757576,0.55,0.45,-0.050000000000000044,170.0,0.5,0.5,1.0,0.30600000000000005,0.0,0,0.0,0.0,0.0,0.0,0.0,0.0,0.0,0.0,30.0,55.0,18.0,10.0,0.35750000000000004,0.5,0.0,0.0,0.0,0.0,0.0,0.0,0.0
829709,2015-04-10,2015,PBKS,RR,Maharashtra Cricket Association Stadium,0,-0.00036284470246739087,0.39999999999999997,0.0,-0.00036284470246739087,0.38461538461538464,-0.002797202797202747,0.017762660619803472,0.55,0.45,0.050000000000000044,170.0,0.5,0.5,1.0,0.12,0.09999999999999998,-2,0.0,-3.0,-4.200000000000003,-8.899999999999999,0.8999999999999986,-0.40000000000000013,-0.09999999999999987,-0.2699999999999996,30.0,55.0,18.0,10.0,0.35750000000000004,0.5,0.0,1.0,-1.0,-2.0,0.0,-1.0,1.0
829711,2015-04-11,2015,CSK,SRH,"MA Chidambaram Stadium, Chepauk",1,0.12482468443197758,0.19999999999999996,0.0,0.6829268292682927,0.75,-0.02083333333333326,0.21366849960722706,0.55,0.45,-0.04999999999999999,170.0,0.5,0.5,1.0,-0.869,-0.20000000000000007,-1,0.0,-8.200000000000003,-9.099999999999994,-11.200000000000003,2.5,0.09999999999999987,0.0,-0.6199999999999992,30.0,55.0,18.0,10.0,0.35750000000000004,0.5,0.0,2.0,-2.0,0.0,-1.0,0.0,-2.0
829713,2015-04-11,2015,KKR,RCB,Eden Gardens,0,0.028304405874499283,0.6,0.0,0.44102564102564107,0.5714285714285714,0.033090467516696975,0.037936913895993185,0.55,0.45,-0.050000000000000044,170.0,0.5,0.5,1.0,-0.93,-0.09999999999999998,-3,-0.5,-4.100000000000001,-0.5,-0.7999999999999972,-1.2000000000000028,-0.19999999999999996,-0.19999999999999996,0.4299999999999997,30.0,55.0,18.0,10.0,0.35750000000000004,0.5,0.0,0.0,0.0,-1.0,0.0,0.0,1.0
829715,2015-04-12,2015,DC,RR,Feroz Shah Kotla,0,-0.10871518418688231,-0.4,0.0,-0.14102564102564102,0.42857142857142855,-0.13431085043988267,-0.10181818181818181,0.55,0.45,-0.050000000000000044,170.0,0.5,0.5,1.0,-0.8400000000000001,0.09999999999999998,-2,0.0,-3.0,-4.200000000000003,-8.899999999999999,0.8999999999999986,-0.40000000000000013,-0.09999999999999987,-0.2699999999999996,30.0,55.0,18.0,10.0,0.35750000000000004,0.5,0.0,1.0,-1.0,-2.0,0.0,-1.0,1.0
829717,2015-04-12,2015,MI,PBKS,Wankhede Stadium,0,0.05354887597878255,0.19999999999999996,0.0,0.23809523809523808,0.5,-0.03514613392526822,0.14074074074074072,0.55,0.45,0.050000000000000044,170.0,0.5,0.5,1.0,-0.893,0.0,0,0.0,0.0,0.0,0.0,0.0,0.0,0.0,0.0,30.0,55.0,18.0,10.0,0.35750000000000004,0.5,0.0,0.0,0.0,0.0,0.0,0.0,0.0
829719,2015-04-13,2015,RCB,SRH,M Chinnaswamy Stadium,0,0.021990740740740755,0.0,0.0,0.525,0.5,-0.06699751861042191,0.04462242562929064,0.55,0.45,-0.050000000000000044,170.0,0.5,0.5,1.0,0.259,-0.10000000000000009,2,0.5,-4.100000000000001,-8.599999999999994,-10.400000000000006,3.700000000000003,0.2999999999999998,0.19999999999999996,-1.049999999999999,30.0,55.0,18.0,10.0,0.35750000000000004,0.5,0.0,2.0,-2.0,1.0,-1.0,0.0,-3.0
829721,2015-04-14,2015,RR,MI,"Sardar Patel Stadium, Motera",1,-0.034198113207547176,0.0,0.0,-0.375,0.35714285714285715,0.06730769230769229,-0.14666666666666667,0.55,0.45,0.04999999999999999,170.0,0.5,0.5,1.0,0.7729999999999999,-0.09999999999999998,2,0.0,3.0,4.200000000000003,8.899999999999999,-0.8999999999999986,0.40000000000000013,0.09999999999999987,0.2699999999999996,30.0,55.0,18.0,10.0,0.35750000000000004,0.5,1.0,0.0,1.0,2.0,0.0,1.0,-1.0
829725,2015-04-15,2015,PBKS,DC,Maharashtra Cricket Association Stadium,0,0.10730356524749046,0.4,0.0,-0.411214953271028,0.6428571428571429,0.11990261716372486,0.12525252525252523,0.55,0.45,-0.04999999999999999,170.0,0.5,0.5,1.0,0.96,0.0,0,0.0,0.0,0.0,0.0,0.0,0.0,0.0,0.0,30.0,55.0,18.0,10.0,0.35750000000000004,0.5,0.0,0.0,0.0,0.0,0.0,0.0,0.0
829727,2015-04-16,2015,SRH,RR,Dr. Y.S. Rajasekhara Reddy ACA-VDCA Cricket Stadium,0,-0.04786179552534686,0.0,0.0,-0.04786179552534686,0.4,0.011278195488721887,-0.05157894736842106,0.55,0.45,-0.050000000000000044,170.0,0.5,0.5,1.0,0.335,0.30000000000000004,-1,0.0,5.200000000000003,4.8999999999999915,2.3000000000000043,-1.6000000000000014,-0.5,-0.09999999999999987,0.34999999999999964,30.0,55.0,18.0,10.0,0.35750000000000004,0.5,2.0,1.0,1.0,-2.0,1.0,-1.0,3.0
829729,2015-04-17,2015,MI,CSK,Wankhede Stadium,0,-0.05454684162343604,-0.6000000000000001,0.0,0.2720588235294118,0.5,-0.08814102564102566,-0.030858244937319257,0.55,0.45,-0.04999999999999999,170.0,0.5,0.5,1.0,-0.239,0.0,0,0.0,0.0,0.0,0.0,0.0,0.0,0.0,0.0,30.0,55.0,18.0,10.0,0.35750000000000004,0.5,0.0,0.0,0.0,0.0,0.0,0.0,0.0
829731,2015-04-18,2015,SRH,DC,Dr. Y.S. Rajasekhara Reddy ACA-VDCA Cricket Stadium,0,0.053921568627450955,0.2,0.0,-0.4166666666666667,1.0,0.15079365079365087,0.03888888888888886,0.55,0.45,0.04999999999999999,170.0,0.5,0.5,1.0,1.175,0.20000000000000007,1,0.0,8.200000000000003,9.099999999999994,11.200000000000003,-2.5,-0.09999999999999987,0.0,0.6199999999999992,30.0,55.0,18.0,10.0,0.35750000000000004,0.5,2.0,0.0,2.0,0.0,1.0,0.0,2.0
829733,2015-04-18,2015,PBKS,KKR,Maharashtra Cricket Association Stadium,0,0.004327505625757344,-0.4,0.0,-0.5094339622641509,0.4,0.029699510831586284,-0.013736263736263743,0.55,0.45,-0.050000000000000044,170.0,0.5,0.5,1.0,0.45599999999999996,0.0,0,0.0,0.0,0.0,0.0,0.0,0.0,0.0,0.0,30.0,55.0,18.0,10.0,0.35750000000000004,0.5,0.0,0.0,0.0,0.0,0.0,0.0,0.0
829737,2015-04-19,2015,RCB,MI,M Chinnaswamy Stadium,0,-0.0663930468372767,0.2,0.0,-0.1544715447154471,0.4666666666666667,-0.009305210918114204,-0.14413177762525736,0.55,0.45,0.050000000000000044,170.0,0.5,0.5,1.0,1.367,0.09999999999999998,3,0.5,4.100000000000001,0.5,0.7999999999999972,1.2000000000000028,0.19999999999999996,0.19999999999999996,-0.4299999999999997,30.0,55.0,18.0,10.0,0.35750000000000004,0.5,0.0,0.0,0.0,1.0,0.0,0.0,-1.0
829735,2015-04-19,2015,RR,CSK,"Sardar Patel Stadium, Motera",1,-0.07834757834757833,0.0,0.0,0.6666666666666666,0.3333333333333333,-0.015130190007037192,-0.1682352941176471,0.55,0.45,0.04999999999999999,170.0,0.5,0.5,1.0,0.534,-0.09999999999999998,2,0.0,3.0,4.200000000000003,8.899999999999999,-0.8999999999999986,0.40000000000000013,0.09999999999999987,0.2699999999999996,30.0,55.0,18.0,10.0,0.35750000000000004,0.5,1.0,0.0,1.0,2.0,0.0,1.0,-1.0
829739,2015-04-20,2015,DC,KKR,Feroz Shah Kotla,0,-0.09200034296493176,-0.4,0.0,-0.4,0.46153846153846156,-0.08975468975468975,-0.11622073578595316,0.55,0.45,-0.050000000000000044,170.0,0.5,0.5,1.0,-0.504,0.0,0,0.0,0.0,0.0,0.0,0.0,0.0,0.0,0.0,30.0,55.0,18.0,10.0,0.35750000000000004,0.5,0.0,0.0,0.0,0.0,0.0,0.0,0.0
829741,2015-04-21,2015,RR,PBKS,"Sardar Patel Stadium, Motera",0,0.03219349457881571,0.8,0.0,0.19090909090909092,0.6428571428571429,0.040294211704509086,-0.0010526315789473606,0.55,0.45,-0.050000000000000044,170.0,0.5,0.5,1.0,-0.12,-0.09999999999999998,2,0.0,3.0,4.200000000000003,8.899999999999999,-0.8999999999999986,0.40000000000000013,0.09999999999999987,0.2699999999999996,30.0,55.0,18.0,10.0,0.35750000000000004,0.5,1.0,0.0,1.0,2.0,0.0,1.0,-1.0
829743,2015-04-22,2015,SRH,KKR,Dr. Y.S. Rajasekhara Reddy ACA-VDCA Cricket Stadium,1,-0.06137566137566136,-0.6000000000000001,0.0,-0.5185185185185185,0.25,0.010714285714285676,-0.09230769230769231,0.55,0.45,-0.050000000000000044,170.0,0.5,0.5,1.0,0.671,0.20000000000000007,1,0.0,8.200000000000003,9.099999999999994,11.200000000000003,-2.5,-0.09999999999999987,0.0,0.6199999999999992,30.0,55.0,18.0,10.0,0.35750000000000004,0.5,2.0,0.0,2.0,0.0,1.0,0.0,2.0
829745,2015-04-22,2015,RCB,CSK,M Chinnaswamy Stadium,0,-0.12835130970724196,-0.39999999999999997,0.0,0.0,0.4375,-0.11337868480725621,-0.1754548257786001,0.55,0.45,0.050000000000000044,170.0,0.5,0.5,1.0,1.1280000000000001,0.09999999999999998,3,0.5,4.100000000000001,0.5,0.7999999999999972,1.2000000000000028,0.19999999999999996,0.19999999999999996,-0.4299999999999997,30.0,55.0,18.0,10.0,0.35750000000000004,0.5,0.0,0.0,0.0,1.0,0.0,0.0,-1.0
829747,2015-04-23,2015,DC,MI,Feroz Shah Kotla,1,-0.13833992094861663,0.2,0.0,0.008130081300813052,0.5,-0.06562881562881567,-0.2364066193853428,0.55,0.45,-0.050000000000000044,170.0,0.5,0.5,1.0,-0.06700000000000006,0.0,0,0.0,0.0,0.0,0.0,0.0,0.0,0.0,0.0,30.0,55.0,18.0,10.0,0.35750000000000004,0.5,0.0,0.0,0.0,0.0,0.0,0.0,0.0
829749,2015-04-24,2015,RR,RCB,"Sardar Patel Stadium, Motera",0,0.05888615888615889,0.6000000000000001,0.0,0.15888615888615887,0.5384615384615384,0.11281779661016944,0.0075093867334167785,0.55,0.45,-0.050000000000000044,170.0,0.5,0.5,1.0,-0.5940000000000001,-0.19999999999999996,-1,-0.5,-1.1000000000000014,3.700000000000003,8.100000000000001,-2.1000000000000014,0.20000000000000018,-0.10000000000000009,0.6999999999999993,30.0,55.0,18.0,10.0,0.35750000000000004,0.5,1.0,0.0,1.0,1.0,0.0,1.0,0.0
829751,2015-04-25,2015,MI,SRH,Wankhede Stadium,1,0.07950191570881227,-0.2,0.0,0.6285714285714286,0.5,-0.05283018867924527,0.17460317460317465,0.55,0.45,-0.04999999999999999,170.0,0.5,0.5,1.0,-1.108,-0.20000000000000007,-1,0.0,-8.200000000000003,-9.099999999999994,-11.200000000000003,2.5,0.09999999999999987,0.0,-0.6199999999999992,30.0,55.0,18.0,10.0,0.35750000000000004,0.5,0.0,2.0,-2.0,0.0,-1.0,0.0,-2.0
829753,2015-04-25,2015,CSK,PBKS,"MA Chidambaram Stadium, Chepauk",1,0.10894087364675609,0.6000000000000001,0.0,0.44047619047619047,0.5333333333333333,0.06046863189720331,0.1646616541353384,0.55,0.45,-0.04999999999999999,170.0,0.5,0.5,1.0,-0.6539999999999999,0.0,0,0.0,0.0,0.0,0.0,0.0,0.0,0.0,0.0,30.0,55.0,18.0,10.0,0.35750000000000004,0.5,0.0,0.0,0.0,0.0,0.0,0.0,0.0
829757,2015-04-26,2015,DC,RCB,Feroz Shah Kotla,0,-0.05871943371943372,0.19999999999999996,0.0,-0.24285714285714283,0.38461538461538464,-0.0463980463980464,-0.07092198581560283,0.55,0.45,-0.050000000000000044,170.0,0.5,0.5,1.0,-1.4340000000000002,-0.09999999999999998,-3,-0.5,-4.100000000000001,-0.5,-0.7999999999999972,-1.2000000000000028,-0.19999999999999996,-0.19999999999999996,0.4299999999999997,30.0,55.0,18.0,10.0,0.35750000000000004,0.5,0.0,0.0,0.0,-1.0,0.0,0.0,1.0
829759,2015-04-27,2015,PBKS,SRH,"Punjab Cricket Association Stadium, Mohali",0,0.040540540540540515,-0.2,0.0,-0.4516129032258065,0.5,0.01931818181818179,0.040100250626566414,0.55,0.45,0.050000000000000044,170.0,0.5,0.5,1.0,-0.21500000000000002,-0.20000000000000007,-1,0.0,-8.200000000000003,-9.099999999999994,-11.200000000000003,2.5,0.09999999999999987,0.0,-0.6199999999999992,30.0,55.0,18.0,10.0,0.35750000000000004,0.5,0.0,2.0,-2.0,0.0,-1.0,0.0,-2.0
829765,2015-04-28,2015,CSK,KKR,"MA Chidambaram Stadium, Chepauk",1,0.10290519877675841,0.20000000000000007,0.0,0.36434108527131787,0.6428571428571429,0.07411385606874321,0.14924160346695559,0.55,0.45,-0.050000000000000044,170.0,0.5,0.5,1.0,-0.19799999999999998,0.0,0,0.0,0.0,0.0,0.0,0.0,0.0,0.0,0.0,30.0,55.0,18.0,10.0,0.35750000000000004,0.5,0.0,0.0,0.0,0.0,0.0,0.0,0.0
829763,2015-04-29,2015,RCB,RR,M Chinnaswamy Stadium,0,-0.044805867814717404,-0.19999999999999996,0.0,-0.11162790697674418,0.5,-0.09861325115562403,0.00040916530278228835,0.55,0.45,-0.050000000000000044,170.0,0.5,0.5,1.0,0.5940000000000001,0.19999999999999996,1,0.5,1.1000000000000014,-3.700000000000003,-8.100000000000001,2.1000000000000014,-0.20000000000000018,0.10000000000000009,-0.6999999999999993,30.0,55.0,18.0,10.0,0.35750000000000004,0.5,0.0,1.0,-1.0,-1.0,0.0,-1.0,0.0
829723,2015-04-30,2015,KKR,CSK,Eden Gardens,1,-0.11074380165289266,-0.4,0.0,0.0535714285714286,0.3333333333333333,-0.08409570724841653,-0.15491452991452992,0.55,0.45,0.050000000000000044,170.0,0.5,0.5,1.0,0.19799999999999998,0.0,0,0.0,0.0,0.0,0.0,0.0,0.0,0.0,0.0,30.0,55.0,18.0,10.0,0.35750000000000004,0.5,0.0,0.0,0.0,0.0,0.0,0.0,0.0
829767,2015-05-01,2015,DC,PBKS,Feroz Shah Kotla,1,-0.0759323640960809,0.6,0.0,-0.31782945736434104,0.4,-0.07936507936507936,-0.09452201933404941,0.55,0.45,0.050000000000000044,170.0,0.5,0.5,1.0,-0.96,0.0,0,0.0,0.0,0.0,0.0,0.0,0.0,0.0,0.0,30.0,55.0,18.0,10.0,0.35750000000000004,0.5,0.0,0.0,0.0,0.0,0.0,0.0,0.0
829769,2015-05-01,2015,MI,RR,Wankhede Stadium,1,0.02876984126984128,0.0,0.0,0.23888888888888882,0.6,-0.0861635220125786,0.15865384615384615,0.55,0.45,-0.050000000000000044,170.0,0.5,0.5,1.0,-0.7729999999999999,0.09999999999999998,-2,0.0,-3.0,-4.200000000000003,-8.899999999999999,0.8999999999999986,-0.40000000000000013,-0.09999999999999987,-0.2699999999999996,30.0,55.0,18.0,10.0,0.35750000000000004,0.5,0.0,1.0,-1.0,-2.0,0.0,-1.0,1.0
829771,2015-05-02,2015,RCB,KKR,M Chinnaswamy Stadium,1,-0.031057373162636293,-0.19999999999999996,0.0,-0.022727272727272707,0.4666666666666667,-0.03081664098613257,-0.046474358974358976,0.55,0.45,0.050000000000000044,170.0,0.5,0.5,1.0,0.93,0.09999999999999998,3,0.5,4.100000000000001,0.5,0.7999999999999972,1.2000000000000028,0.19999999999999996,0.19999999999999996,-0.4299999999999997,30.0,55.0,18.0,10.0,0.35750000000000004,0.5,0.0,0.0,0.0,1.0,0.0,0.0,-1.0
829773,2015-05-02,2015,SRH,CSK,"Rajiv Gandhi International Stadium, Uppal",1,-0.14106988783434,-0.19999999999999996,0.0,-0.41666666666666663,0.2,-0.09056122448979587,-0.17995018679950187,0.55,0.45,-0.050000000000000044,170.0,0.5,0.5,1.0,0.869,0.20000000000000007,1,0.0,8.200000000000003,9.099999999999994,11.200000000000003,-2.5,-0.09999999999999987,0.0,0.6199999999999992,30.0,55.0,18.0,10.0,0.35750000000000004,0.5,2.0,0.0,2.0,0.0,1.0,0.0,2.0
829775,2015-05-03,2015,PBKS,MI,"Punjab Cricket Association Stadium, Mohali",0,-0.06809396372286647,-0.6,0.0,0.13124999999999998,0.5333333333333333,0.02425876010781669,-0.15543766578249335,0.55,0.45,0.04999999999999999,170.0,0.5,0.5,1.0,0.893,0.0,0,0.0,0.0,0.0,0.0,0.0,0.0,0.0,0.0,30.0,55.0,18.0,10.0,0.35750000000000004,0.5,0.0,0.0,0.0,0.0,0.0,0.0,0.0
829777,2015-05-03,2015,RR,DC,Brabourne Stadium,1,0.09734513274336287,-0.39999999999999997,0.0,0.0,0.6,0.12295081967213117,0.07731554160125592,0.55,0.45,-0.050000000000000044,170.0,0.5,0.5,1.0,0.8400000000000001,-0.09999999999999998,2,0.0,3.0,4.200000000000003,8.899999999999999,-0.8999999999999986,0.40000000000000013,0.09999999999999987,0.2699999999999996,30.0,55.0,18.0,10.0,0.35750000000000004,0.5,1.0,0.0,1.0,2.0,0.0,1.0,-1.0
829779,2015-05-04,2015,CSK,RCB,"MA Chidambaram Stadium, Chepauk",1,0.12279957582184514,0.0,0.0,0.4188311688311689,0.5882352941176471,0.08776119402985072,0.19320776255707767,0.55,0.45,-0.04999999999999999,170.0,0.5,0.5,1.0,-1.1280000000000001,-0.09999999999999998,-3,-0.5,-4.100000000000001,-0.5,-0.7999999999999972,-1.2000000000000028,-0.19999999999999996,-0.19999999999999996,0.4299999999999997,30.0,55.0,18.0,10.0,0.35750000000000004,0.5,0.0,0.0,0.0,-1.0,0.0,0.0,1.0
829781,2015-05-04,2015,KKR,SRH,Eden Gardens,1,0.021749084249084227,-0.19999999999999996,0.0,0.6341463414634146,0.6,0.013771186440677985,-0.000820344544708751,0.55,0.45,-0.050000000000000044,170.0,0.5,0.5,1.0,-0.671,-0.20000000000000007,-1,0.0,-8.200000000000003,-9.099999999999994,-11.200000000000003,2.5,0.09999999999999987,0.0,-0.6199999999999992,30.0,55.0,18.0,10.0,0.35750000000000004,0.5,0.0,2.0,-2.0,0.0,-1.0,0.0,-2.0
829783,2015-05-05,2015,MI,DC,Wankhede Stadium,1,0.14197257850508627,0.4,0.0,0.4486486486486487,0.4666666666666667,0.05486211901306237,0.24922696351267787,0.55,0.45,0.04999999999999999,170.0,0.5,0.5,1.0,0.06700000000000006,0.0,0,0.0,0.0,0.0,0.0,0.0,0.0,0.0,0.0,30.0,55.0,18.0,10.0,0.35750000000000004,0.5,0.0,0.0,0.0,0.0,0.0,0.0,0.0
829785,2015-05-06,2015,RCB,PBKS,M Chinnaswamy Stadium,1,-0.004197901049475261,0.6,0.0,-0.08253968253968252,0.35714285714285715,-0.01728586171310631,-0.01795977011494254,0.55,0.45,-0.050000000000000044,170.0,0.5,0.5,1.0,0.47400000000000003,0.09999999999999998,3,0.5,4.100000000000001,0.5,0.7999999999999972,1.2000000000000028,0.19999999999999996,0.19999999999999996,-0.4299999999999997,30.0,55.0,18.0,10.0,0.35750000000000004,0.5,0.0,0.0,0.0,1.0,0.0,0.0,-1.0
829787,2015-05-07,2015,RR,SRH,Brabourne Stadium,0,0.051315789473684204,-0.39999999999999997,0.0,0.025000000000000022,0.6666666666666666,0.09353905496624881,-0.019688269073010634,0.55,0.45,0.050000000000000044,170.0,0.5,0.5,1.0,-0.335,-0.30000000000000004,1,0.0,-5.200000000000003,-4.8999999999999915,-2.3000000000000043,1.6000000000000014,0.5,0.09999999999999987,-0.34999999999999964,30.0,55.0,18.0,10.0,0.35750000000000004,0.5,1.0,2.0,-1.0,2.0,-1.0,1.0,-3.0
829761,2015-05-07,2015,KKR,DC,Eden Gardens,1,0.0958830319353598,0.0,0.0,0.3928571428571429,0.5714285714285714,0.08396349413298565,0.12444444444444441,0.55,0.45,-0.04999999999999999,170.0,0.5,0.5,1.0,0.504,0.0,0,0.0,0.0,0.0,0.0,0.0,0.0,0.0,0.0,30.0,55.0,18.0,10.0,0.35750000000000004,0.5,0.0,0.0,0.0,0.0,0.0,0.0,0.0
829789,2015-05-08,2015,CSK,MI,"MA Chidambaram Stadium, Chepauk",0,0.04623655913978497,-0.20000000000000007,0.0,0.3111111111111111,0.5263157894736842,0.08444444444444443,0.018837018837018826,0.55,0.45,-0.04999999999999999,170.0,0.5,0.5,1.0,0.239,0.0,0,0.0,0.0,0.0,0.0,0.0,0.0,0.0,0.0,30.0,55.0,18.0,10.0,0.35750000000000004,0.5,0.0,0.0,0.0,0.0,0.0,0.0,0.0
829791,2015-05-09,2015,KKR,PBKS,Eden Gardens,1,0.03478523895946767,0.6,0.0,0.31782945736434115,0.625,0.02454704850964351,0.040752351097178674,0.55,0.45,0.04999999999999999,170.0,0.5,0.5,1.0,-0.45599999999999996,0.0,0,0.0,0.0,0.0,0.0,0.0,0.0,0.0,0.0,30.0,55.0,18.0,10.0,0.35750000000000004,0.5,0.0,0.0,0.0,0.0,0.0,0.0,0.0
829793,2015-05-09,2015,DC,SRH,Shaheed Veer Narayan Singh International Stadium,0,-0.07401177460050462,-0.39999999999999997,0.0,0.5121951219512195,0.2,-0.0445632798573975,-0.1383333333333333,0.55,0.45,0.04999999999999999,170.0,0.5,0.5,1.0,-1.175,-0.20000000000000007,-1,0.0,-8.200000000000003,-9.099999999999994,-11.200000000000003,2.5,0.09999999999999987,0.0,-0.6199999999999992,30.0,55.0,18.0,10.0,0.35750000000000004,0.5,0.0,2.0,-2.0,0.0,-1.0,0.0,-2.0
829795,2015-05-10,2015,MI,RCB,Wankhede Stadium,0,0.08306844670481034,0.4,0.0,0.2578947368421053,0.5625,0.01951871657754012,0.16759431045145334,0.55,0.45,0.04999999999999999,170.0,0.5,0.5,1.0,-1.367,-0.09999999999999998,-3,-0.5,-4.100000000000001,-0.5,-0.7999999999999972,-1.2000000000000028,-0.19999999999999996,-0.19999999999999996,0.4299999999999997,30.0,55.0,18.0,10.0,0.35750000000000004,0.5,0.0,0.0,0.0,-1.0,0.0,0.0,1.0
829797,2015-05-10,2015,CSK,RR,"MA Chidambaram Stadium, Chepauk",1,0.08626086956521739,0.2,0.0,0.49565217391304345,0.625,0.02709677419354839,0.17157232704402514,0.55,0.45,-0.04999999999999999,170.0,0.5,0.5,1.0,-0.534,0.09999999999999998,-2,0.0,-3.0,-4.200000000000003,-8.899999999999999,0.8999999999999986,-0.40000000000000013,-0.09999999999999987,-0.2699999999999996,30.0,55.0,18.0,10.0,0.35750000000000004,0.5,0.0,1.0,-1.0,-2.0,0.0,-1.0,1.0
829799,2015-05-11,2015,SRH,PBKS,"Rajiv Gandhi International Stadium, Uppal",1,0.021367521367521347,0.8,0.0,-0.18461538461538463,0.6,-0.022312373225152116,0.0732203389830508,0.55,0.45,-0.04999999999999999,170.0,0.5,0.5,1.0,0.21500000000000002,0.20000000000000007,1,0.0,8.200000000000003,9.099999999999994,11.200000000000003,-2.5,-0.09999999999999987,0.0,0.6199999999999992,30.0,55.0,18.0,10.0,0.35750000000000004,0.5,2.0,0.0,2.0,0.0,1.0,0.0,2.0
829801,2015-05-12,2015,DC,CSK,Shaheed Veer Narayan Singh International Stadium,1,-0.20085470085470092,-0.2,0.0,0.05555555555555547,0.26666666666666666,-0.16238805970149256,-0.2721052631578947,0.55,0.45,0.04999999999999999,170.0,0.5,0.5,1.0,-0.30600000000000005,0.0,0,0.0,0.0,0.0,0.0,0.0,0.0,0.0,0.0,30.0,55.0,18.0,10.0,0.35750000000000004,0.5,0.0,0.0,0.0,0.0,0.0,0.0,0.0
829803,2015-05-13,2015,PBKS,RCB,"Punjab Cricket Association Stadium, Mohali",1,-0.01694915254237289,-0.6,0.0,0.015151515151515138,0.6,-0.0017447657028912822,-0.013220338983050806,0.55,0.45,-0.050000000000000044,170.0,0.5,0.5,1.0,-0.47400000000000003,-0.09999999999999998,-3,-0.5,-4.100000000000001,-0.5,-0.7999999999999972,-1.2000000000000028,-0.19999999999999996,-0.19999999999999996,0.4299999999999997,30.0,55.0,18.0,10.0,0.35750000000000004,0.5,0.0,0.0,0.0,-1.0,0.0,0.0,1.0
829805,2015-05-14,2015,MI,KKR,Wankhede Stadium,1,0.043834640057020646,0.0,0.0,0.3910256410256411,0.6666666666666666,-0.029761904761904767,0.12121212121212127,0.55,0.45,-0.050000000000000044,170.0,0.5,0.5,1.0,-0.43699999999999994,0.0,0,0.0,0.0,0.0,0.0,0.0,0.0,0.0,0.0,30.0,55.0,18.0,10.0,0.35750000000000004,0.5,0.0,0.0,0.0,0.0,0.0,0.0,0.0
829807,2015-05-15,2015,SRH,RCB,"Rajiv Gandhi International Stadium, Uppal",0,0.02423294899355094,0.20000000000000007,0.0,0.4428571428571429,0.4,-0.006820119352088705,0.08000000000000002,0.55,0.45,-0.04999999999999999,170.0,0.5,0.5,1.0,-0.259,0.10000000000000009,-2,-0.5,4.100000000000001,8.599999999999994,10.400000000000006,-3.700000000000003,-0.2999999999999998,-0.19999999999999996,1.049999999999999,30.0,55.0,18.0,10.0,0.35750000000000004,0.5,2.0,0.0,2.0,-1.0,1.0,0.0,3.0
829809,2015-05-16,2015,PBKS,CSK,"Punjab Cricket Association Stadium, Mohali",0,-0.12730761595976975,-0.2,0.0,-0.13725490196078427,0.375,-0.09762711864406781,-0.1677489177489177,0.55,0.45,-0.04999999999999999,170.0,0.5,0.5,1.0,0.6539999999999999,0.0,0,0.0,0.0,0.0,0.0,0.0,0.0,0.0,0.0,30.0,55.0,18.0,10.0,0.35750000000000004,0.5,0.0,0.0,0.0,0.0,0.0,0.0,0.0
829811,2015-05-16,2015,RR,KKR,Brabourne Stadium,1,0.0,-0.39999999999999997,0.0,0.3333333333333333,0.42857142857142855,0.02940411137132448,-0.039451114922813,0.55,0.45,-0.04999999999999999,170.0,0.5,0.5,1.0,0.33599999999999997,-0.09999999999999998,2,0.0,3.0,4.200000000000003,8.899999999999999,-0.8999999999999986,0.40000000000000013,0.09999999999999987,0.2699999999999996,30.0,55.0,18.0,10.0,0.35750000000000004,0.5,1.0,0.0,1.0,2.0,0.0,1.0,-1.0
829813,2015-05-17,2015,RCB,DC,M Chinnaswamy Stadium,0,0.07641242937853104,0.39999999999999997,0.0,0.09999999999999998,0.5714285714285714,0.057563025210083996,0.09999999999999998,0.55,0.45,0.050000000000000044,170.0,0.5,0.5,1.0,1.4340000000000002,0.09999999999999998,3,0.5,4.100000000000001,0.5,0.7999999999999972,1.2000000000000028,0.19999999999999996,0.19999999999999996,-0.4299999999999997,30.0,55.0,18.0,10.0,0.35750000000000004,0.5,0.0,0.0,0.0,1.0,0.0,0.0,-1.0
829815,2015-05-17,2015,SRH,MI,"Rajiv Gandhi International Stadium, Uppal",0,-0.06910569105691056,-0.20000000000000007,0.0,-0.15000000000000002,0.4,-0.024159663865546244,-0.10060807075732453,0.55,0.45,-0.04999999999999999,170.0,0.5,0.5,1.0,1.108,0.20000000000000007,1,0.0,8.200000000000003,9.099999999999994,11.200000000000003,-2.5,-0.09999999999999987,0.0,0.6199999999999992,30.0,55.0,18.0,10.0,0.35750000000000004,0.5,2.0,0.0,2.0,0.0,1.0,0.0,2.0
829817,2015-05-19,2015,CSK,MI,Wankhede Stadium,0,0.03679435483870963,-0.20000000000000007,0.0,-0.2055555555555556,0.5,0.085655314757482,0.002326032176778403,0.55,0.45,0.04999999999999999,170.0,0.5,0.5,1.0,0.239,0.0,0,0.0,0.0,0.0,0.0,0.0,0.0,0.0,0.0,30.0,55.0,18.0,10.0,0.35750000000000004,0.5,0.0,0.0,0.0,0.0,0.0,0.0,0.0
829819,2015-05-20,2015,RCB,RR,Maharashtra Cricket Association Stadium,1,-0.03376421558239745,0.19999999999999996,0.0,-0.5123966942148761,0.4666666666666667,-0.06796333556896939,-0.005925925925925946,0.55,0.45,-0.04999999999999999,170.0,0.5,0.5,1.0,0.5940000000000001,0.19999999999999996,1,0.5,1.1000000000000014,-3.700000000000003,-8.100000000000001,2.1000000000000014,-0.20000000000000018,0.10000000000000009,-0.6999999999999993,30.0,55.0,18.0,10.0,0.35750000000000004,0.5,0.0,1.0,-1.0,-1.0,0.0,-1.0,0.0
829821,2015-05-22,2015,CSK,RCB,JSCA International Stadium Complex,1,0.11284788410217306,-0.19999999999999996,0.0,0.0,0.6111111111111112,0.09940411700975083,0.15304303539597652,0.55,0.45,0.050000000000000044,170.0,0.5,0.5,1.0,-1.1280000000000001,-0.09999999999999998,-3,-0.5,-4.100000000000001,-0.5,-0.7999999999999972,-1.2000000000000028,-0.19999999999999996,-0.19999999999999996,0.4299999999999997,30.0,55.0,18.0,10.0,0.35750000000000004,0.5,0.0,0.0,0.0,-1.0,0.0,0.0,1.0
829823,2015-05-24,2015,MI,CSK,Eden Gardens,1,-0.031692307692307686,0.20000000000000007,0.0,0.25,0.5238095238095238,-0.08010592519033433,0.0038197097020626902,0.55,0.45,-0.050000000000000044,170.0,0.5,0.5,1.0,-0.239,0.0,0,0.0,0.0,0.0,0.0,0.0,0.0,0.0,0.0,30.0,55.0,18.0,10.0,0.35750000000000004,0.5,0.0,0.0,0.0,0.0,0.0,0.0,0.0
980901,2016-04-09,2016,MI,RPS,Wankhede Stadium,0,0.07936507936507942,0.30000000000000004,0.0,0.1585365853658537,0.5,0.06140350877192979,0.09420289855072461,0.55,0.45,-0.04999999999999999,170.0,0.5,0.5,1.0,-0.584,0.0,0,0.0,0.0,0.0,0.0,0.0,0.0,0.0,0.0,30.0,55.0,18.0,10.0,0.35750000000000004,0.5,0.0,0.0,0.0,0.0,0.0,0.0,0.0
980903,2016-04-10,2016,KKR,DC,Eden Gardens,1,0.10105580693815985,0.39999999999999997,0.0,0.45909090909090905,0.6,0.0792220113851993,0.1408199643493761,0.55,0.45,0.050000000000000044,170.0,0.5,0.5,1.0,0.504,0.0,0,0.0,0.0,0.0,0.0,0.0,0.0,0.0,0.0,30.0,55.0,18.0,10.0,0.35750000000000004,0.5,0.0,0.0,0.0,0.0,0.0,0.0,0.0
980905,2016-04-11,2016,PBKS,GL,"Punjab Cricket Association IS Bindra Stadium, Mohali",0,-0.025000000000000022,-0.3,0.0,-0.025000000000000022,0.5,0.0423728813559322,-0.0901639344262295,0.55,0.45,-0.050000000000000044,170.0,0.5,0.5,1.0,0.309,0.0,0,0.0,0.0,0.0,0.0,0.0,0.0,0.0,0.0,30.0,55.0,18.0,10.0,0.35750000000000004,0.5,0.0,0.0,0.0,0.0,0.0,0.0,0.0
980907,2016-04-12,2016,RCB,SRH,M Chinnaswamy Stadium,1,-0.0010840108401083959,-0.19999999999999996,0.0,0.15602836879432624,0.5,0.0057995028997513964,-0.04120879120879123,0.55,0.45,-0.050000000000000044,170.0,0.5,0.5,1.0,0.259,-0.10000000000000009,2,0.5,-4.100000000000001,-8.599999999999994,-10.400000000000006,3.700000000000003,0.2999999999999998,0.19999999999999996,-1.049999999999999,30.0,55.0,18.0,10.0,0.35750000000000004,0.5,0.0,2.0,-2.0,1.0,-1.0,0.0,-3.0
980909,2016-04-13,2016,KKR,MI,Eden Gardens,0,-0.057853997063926355,-0.20000000000000007,0.0,-0.11111111111111116,0.3125,0.010025062656641603,-0.1311688311688312,0.55,0.45,-0.050000000000000044,170.0,0.5,0.5,1.0,0.43699999999999994,0.0,0,0.0,0.0,0.0,0.0,0.0,0.0,0.0,0.0,30.0,55.0,18.0,10.0,0.35750000000000004,0.5,0.0,0.0,0.0,0.0,0.0,0.0,0.0
980911,2016-04-14,2016,GL,RPS,Saurashtra Cricket Association Stadium,1,0.0,0.0,0.0,0.0,0.5,0.0,0.0,0.55,0.45,0.04999999999999999,170.0,0.5,0.5,1.0,0.0,0.0,0,0.0,0.0,0.0,0.0,0.0,0.0,0.0,0.0,30.0,55.0,18.0,10.0,0.35750000000000004,0.5,0.0,0.0,0.0,0.0,0.0,0.0,0.0
980913,2016-04-15,2016,DC,PBKS,Feroz Shah Kotla,1,-0.06274104683195592,0.0,0.0,-0.20779220779220775,0.4375,-0.05707876370887338,-0.09553349875930517,0.55,0.45,0.050000000000000044,170.0,0.5,0.5,1.0,-0.96,0.0,0,0.0,0.0,0.0,0.0,0.0,0.0,0.0,0.0,30.0,55.0,18.0,10.0,0.35750000000000004,0.5,0.0,0.0,0.0,0.0,0.0,0.0,0.0
980917,2016-04-16,2016,MI,GL,Wankhede Stadium,0,-0.421875,-0.19999999999999996,0.0,-0.3571428571428571,0.5,-0.43103448275862066,0.08571428571428574,0.55,0.45,-0.050000000000000044,170.0,0.5,0.5,1.0,-0.584,0.0,0,0.0,0.0,0.0,0.0,0.0,0.0,0.0,0.0,30.0,55.0,18.0,10.0,0.35750000000000004,0.5,0.0,0.0,0.0,0.0,0.0,0.0,0.0
980915,2016-04-16,2016,SRH,KKR,"Rajiv Gandhi International Stadium, Uppal",0,-0.03434417245158927,0.0,0.0,-0.1875,0.3333333333333333,-0.0714285714285714,0.01785714285714285,0.55,0.45,-0.04999999999999999,170.0,0.5,0.5,1.0,0.671,0.20000000000000007,1,0.0,8.200000000000003,9.099999999999994,11.200000000000003,-2.5,-0.09999999999999987,0.0,0.6199999999999992,30.0,55.0,18.0,10.0,0.35750000000000004,0.5,2.0,0.0,2.0,0.0,1.0,0.0,2.0
980919,2016-04-17,2016,PBKS,RPS,"Punjab Cricket Association IS Bindra Stadium, Mohali",1,-0.03278688524590162,-0.3,0.0,-0.5,0.5,-0.4576271186440678,0.3968253968253968,0.55,0.45,0.04999999999999999,170.0,0.5,0.5,1.0,0.309,0.0,0,0.0,0.0,0.0,0.0,0.0,0.0,0.0,0.0,30.0,55.0,18.0,10.0,0.35750000000000004,0.5,0.0,0.0,0.0,0.0,0.0,0.0,0.0
980921,2016-04-17,2016,RCB,DC,M Chinnaswamy Stadium,0,0.07871234337509997,0.19999999999999996,0.0,0.16666666666666669,0.5333333333333333,0.042457644417227935,0.1262699564586357,0.55,0.45,-0.050000000000000044,170.0,0.5,0.5,1.0,1.4340000000000002,0.09999999999999998,3,0.5,4.100000000000001,0.5,0.7999999999999972,1.2000000000000028,0.19999999999999996,0.19999999999999996,-0.4299999999999997,30.0,55.0,18.0,10.0,0.35750000000000004,0.5,0.0,0.0,0.0,1.0,0.0,0.0,-1.0
980923,2016-04-18,2016,SRH,MI,"Rajiv Gandhi International Stadium, Uppal",1,-0.10555830446973447,-0.39999999999999997,0.0,-0.2705882352941177,0.3333333333333333,-0.06896551724137934,-0.12918892666342885,0.55,0.45,0.050000000000000044,170.0,0.5,0.5,1.0,1.108,0.20000000000000007,1,0.0,8.200000000000003,9.099999999999994,11.200000000000003,-2.5,-0.09999999999999987,0.0,0.6199999999999992,30.0,55.0,18.0,10.0,0.35750000000000004,0.5,2.0,0.0,2.0,0.0,1.0,0.0,2.0
980925,2016-04-19,2016,PBKS,KKR,"Punjab Cricket Association IS Bindra Stadium, Mohali",0,-0.045121951219512235,0.0,0.0,-0.01666666666666672,0.35294117647058826,-0.028124999999999956,-0.04960317460317465,0.55,0.45,-0.050000000000000044,170.0,0.5,0.5,1.0,0.45599999999999996,0.0,0,0.0,0.0,0.0,0.0,0.0,0.0,0.0,0.0,30.0,55.0,18.0,10.0,0.35750000000000004,0.5,0.0,0.0,0.0,0.0,0.0,0.0,0.0
980927,2016-04-20,2016,MI,RCB,Wankhede Stadium,1,0.08123076923076922,0.0,0.0,0.12790697674418605,0.5294117647058824,0.03375424963574558,0.1435185185185185,0.55,0.45,0.050000000000000044,170.0,0.5,0.5,1.0,-1.367,-0.09999999999999998,-3,-0.5,-4.100000000000001,-0.5,-0.7999999999999972,-1.2000000000000028,-0.19999999999999996,-0.19999999999999996,0.4299999999999997,30.0,55.0,18.0,10.0,0.35750000000000004,0.5,0.0,0.0,0.0,-1.0,0.0,0.0,1.0
980929,2016-04-21,2016,GL,SRH,Saurashtra Cricket Association Stadium,0,0.5208333333333333,0.8,0.0,0.5208333333333333,0.5,0.4736842105263158,0.051724137931034475,0.55,0.45,-0.050000000000000044,170.0,0.5,0.5,1.0,-0.524,-0.20000000000000007,-1,0.0,-8.200000000000003,-9.099999999999994,-11.200000000000003,2.5,0.09999999999999987,0.0,-0.6199999999999992,30.0,55.0,18.0,10.0,0.35750000000000004,0.5,0.0,2.0,-2.0,0.0,-1.0,0.0,-2.0
980931,2016-04-22,2016,RPS,RCB,Maharashtra Cricket Association Stadium,0,-0.1507936507936508,-0.06666666666666671,0.0,-0.6666666666666667,0.5,0.46478873239436624,-0.41818181818181815,0.55,0.45,0.050000000000000044,170.0,0.5,0.5,1.0,-0.783,-0.09999999999999998,-3,-0.5,-4.100000000000001,-0.5,-0.7999999999999972,-1.2000000000000028,-0.19999999999999996,-0.19999999999999996,0.4299999999999997,30.0,55.0,18.0,10.0,0.35750000000000004,0.5,0.0,0.0,0.0,-1.0,0.0,0.0,1.0
980933,2016-04-23,2016,DC,MI,Feroz Shah Kotla,1,-0.15448629708421968,0.19999999999999996,0.0,0.09206349206349207,0.5,-0.07627118644067798,-0.2617521367521367,0.55,0.45,-0.050000000000000044,170.0,0.5,0.5,1.0,-0.06700000000000006,0.0,0,0.0,0.0,0.0,0.0,0.0,0.0,0.0,0.0,30.0,55.0,18.0,10.0,0.35750000000000004,0.5,0.0,0.0,0.0,0.0,0.0,0.0,0.0
980935,2016-04-23,2016,SRH,PBKS,"Rajiv Gandhi International Stadium, Uppal",1,0.022053982883475987,0.2,0.0,-0.11111111111111105,0.6666666666666666,0.0,0.057650862068965525,0.55,0.45,0.050000000000000044,170.0,0.5,0.5,1.0,0.21500000000000002,0.20000000000000007,1,0.0,8.200000000000003,9.099999999999994,11.200000000000003,-2.5,-0.09999999999999987,0.0,0.6199999999999992,30.0,55.0,18.0,10.0,0.35750000000000004,0.5,2.0,0.0,2.0,0.0,1.0,0.0,2.0
980937,2016-04-24,2016,GL,RCB,Saurashtra Cricket Association Stadium,1,0.2618110236220472,0.35,0.0,0.011811023622047223,0.5,0.46478873239436624,-0.42857142857142855,0.55,0.45,0.04999999999999999,170.0,0.5,0.5,1.0,-0.783,-0.09999999999999998,-3,-0.5,-4.100000000000001,-0.5,-0.7999999999999972,-1.2000000000000028,-0.19999999999999996,-0.19999999999999996,0.4299999999999997,30.0,55.0,18.0,10.0,0.35750000000000004,0.5,0.0,0.0,0.0,-1.0,0.0,0.0,1.0
980939,2016-04-24,2016,RPS,KKR,Maharashtra Cricket Association Stadium,0,-0.27066115702479343,-0.35,0.0,-1.0,0.5,-0.08461538461538465,-0.44642857142857145,0.55,0.45,-0.050000000000000044,170.0,0.5,0.5,1.0,0.147,0.0,0,0.0,0.0,0.0,0.0,0.0,0.0,0.0,0.0,30.0,55.0,18.0,10.0,0.35750000000000004,0.5,0.0,0.0,0.0,0.0,0.0,0.0,0.0
980941,2016-04-25,2016,PBKS,MI,"Punjab Cricket Association IS Bindra Stadium, Mohali",0,-0.10418181818181821,-0.2,0.0,-0.23484848484848492,0.5,-0.016666666666666607,-0.18482905982905978,0.55,0.45,0.050000000000000044,170.0,0.5,0.5,1.0,0.893,0.0,0,0.0,0.0,0.0,0.0,0.0,0.0,0.0,0.0,30.0,55.0,18.0,10.0,0.35750000000000004,0.5,0.0,0.0,0.0,0.0,0.0,0.0,0.0
980943,2016-04-26,2016,SRH,RPS,"Rajiv Gandhi International Stadium, Uppal",0,0.3,0.39999999999999997,0.0,0.37894736842105264,0.5,0.0714285714285714,0.4482758620689655,0.55,0.45,-0.050000000000000044,170.0,0.5,0.5,1.0,0.524,0.20000000000000007,1,0.0,8.200000000000003,9.099999999999994,11.200000000000003,-2.5,-0.09999999999999987,0.0,0.6199999999999992,30.0,55.0,18.0,10.0,0.35750000000000004,0.5,2.0,0.0,2.0,0.0,1.0,0.0,2.0
980945,2016-04-27,2016,DC,GL,Feroz Shah Kotla,0,-0.3772357723577236,-0.20000000000000007,0.0,-0.40869565217391307,0.5,-0.5,0.32075471698113206,0.55,0.45,0.050000000000000044,170.0,0.5,0.5,1.0,-0.651,0.0,0,0.0,0.0,0.0,0.0,0.0,0.0,0.0,0.0,30.0,55.0,18.0,10.0,0.35750000000000004,0.5,0.0,0.0,0.0,0.0,0.0,0.0,0.0
980947,2016-04-28,2016,MI,KKR,Wankhede Stadium,1,0.04683840749414514,-0.4,0.0,0.43636363636363634,0.7058823529411765,-0.024242424242424288,0.12891389432485317,0.55,0.45,0.050000000000000044,170.0,0.5,0.5,1.0,-0.43699999999999994,0.0,0,0.0,0.0,0.0,0.0,0.0,0.0,0.0,0.0,30.0,55.0,18.0,10.0,0.35750000000000004,0.5,0.0,0.0,0.0,0.0,0.0,0.0,0.0
980949,2016-04-29,2016,RPS,GL,Maharashtra Cricket Association Stadium,0,-0.5,-0.6000000000000001,0.0,-0.8333333333333334,0.0,-0.33333333333333337,-0.5,0.55,0.45,-0.050000000000000044,170.0,0.5,0.5,1.0,0.0,0.0,0,0.0,0.0,0.0,0.0,0.0,0.0,0.0,0.0,30.0,55.0,18.0,10.0,0.35750000000000004,0.5,0.0,0.0,0.0,0.0,0.0,0.0,0.0
980953,2016-04-30,2016,SRH,RCB,"Rajiv Gandhi International Stadium, Uppal",1,0.005821078431372528,0.19999999999999996,0.0,0.21666666666666673,0.2857142857142857,0.03621730382293764,0.012280701754386003,0.55,0.45,-0.050000000000000044,170.0,0.5,0.5,1.0,-0.259,0.10000000000000009,-2,-0.5,4.100000000000001,8.599999999999994,10.400000000000006,-3.700000000000003,-0.2999999999999998,-0.19999999999999996,1.049999999999999,30.0,55.0,18.0,10.0,0.35750000000000004,0.5,2.0,0.0,2.0,-1.0,1.0,0.0,3.0
980951,2016-04-30,2016,DC,KKR,Feroz Shah Kotla,1,-0.10097036454235514,0.0,0.0,-0.4170212765957447,0.375,-0.09795134443021769,-0.11784177424693809,0.55,0.45,-0.050000000000000044,170.0,0.5,0.5,1.0,-0.504,0.0,0,0.0,0.0,0.0,0.0,0.0,0.0,0.0,0.0,30.0,55.0,18.0,10.0,0.35750000000000004,0.5,0.0,0.0,0.0,0.0,0.0,0.0,0.0
980957,2016-05-01,2016,RPS,MI,Maharashtra Cricket Association Stadium,0,-0.2889125799573561,-0.39999999999999997,0.0,-0.5746268656716418,1.0,0.09289617486338797,-0.5753424657534246,0.55,0.45,-0.050000000000000044,170.0,0.5,0.5,1.0,0.584,0.0,0,0.0,0.0,0.0,0.0,0.0,0.0,0.0,0.0,30.0,55.0,18.0,10.0,0.35750000000000004,0.5,0.0,0.0,0.0,0.0,0.0,0.0,0.0
980955,2016-05-01,2016,GL,PBKS,Saurashtra Cricket Association Stadium,0,0.3968253968253968,0.6000000000000001,0.0,0.20634920634920634,1.0,0.4590163934426229,0.11538461538461536,0.55,0.45,0.050000000000000044,170.0,0.5,0.5,1.0,-0.309,0.0,0,0.0,0.0,0.0,0.0,0.0,0.0,0.0,0.0,30.0,55.0,18.0,10.0,0.35750000000000004,0.5,0.0,0.0,0.0,0.0,0.0,0.0,0.0
980959,2016-05-02,2016,RCB,KKR,M Chinnaswamy Stadium,0,-0.03550887721930479,-0.39999999999999997,0.0,0.06122448979591838,0.5,-0.054311774461028195,-0.017543859649122806,0.55,0.45,-0.050000000000000044,170.0,0.5,0.5,1.0,0.93,0.09999999999999998,3,0.5,4.100000000000001,0.5,0.7999999999999972,1.2000000000000028,0.19999999999999996,0.19999999999999996,-0.4299999999999997,30.0,55.0,18.0,10.0,0.35750000000000004,0.5,0.0,0.0,0.0,1.0,0.0,0.0,-1.0
980961,2016-05-03,2016,GL,DC,Saurashtra Cricket Association Stadium,0,0.326,-0.20000000000000007,0.0,0.07600000000000001,1.0,0.3403755868544601,0.16666666666666669,0.55,0.45,-0.050000000000000044,170.0,0.5,0.5,1.0,0.651,0.0,0,0.0,0.0,0.0,0.0,0.0,0.0,0.0,0.0,30.0,55.0,18.0,10.0,0.35750000000000004,0.5,0.0,0.0,0.0,0.0,0.0,0.0,0.0
980963,2016-05-04,2016,KKR,PBKS,Eden Gardens,1,0.05543307086614174,0.19999999999999996,0.0,0.36645962732919257,0.6666666666666666,0.047251687560269984,0.04465709728867623,0.55,0.45,-0.050000000000000044,170.0,0.5,0.5,1.0,-0.45599999999999996,0.0,0,0.0,0.0,0.0,0.0,0.0,0.0,0.0,0.0,30.0,55.0,18.0,10.0,0.35750000000000004,0.5,0.0,0.0,0.0,0.0,0.0,0.0,0.0
980965,2016-05-05,2016,DC,RPS,Feroz Shah Kotla,0,0.17857142857142855,0.6000000000000001,0.0,0.14583333333333331,0.5,-0.16666666666666663,0.3333333333333333,0.55,0.45,-0.050000000000000044,170.0,0.5,0.5,1.0,-0.651,0.0,0,0.0,0.0,0.0,0.0,0.0,0.0,0.0,0.0,30.0,55.0,18.0,10.0,0.35750000000000004,0.5,0.0,0.0,0.0,0.0,0.0,0.0,0.0
980967,2016-05-06,2016,SRH,GL,"Rajiv Gandhi International Stadium, Uppal",1,-0.16666666666666663,0.20000000000000007,0.0,-0.09523809523809523,1.0,-0.261904761904762,0.11827956989247312,0.55,0.45,0.050000000000000044,170.0,0.5,0.5,1.0,0.524,0.20000000000000007,1,0.0,8.200000000000003,9.099999999999994,11.200000000000003,-2.5,-0.09999999999999987,0.0,0.6199999999999992,30.0,55.0,18.0,10.0,0.35750000000000004,0.5,2.0,0.0,2.0,0.0,1.0,0.0,2.0
980969,2016-05-07,2016,RCB,RPS,M Chinnaswamy Stadium,1,0.14358974358974363,-0.2,0.0,0.14666666666666667,1.0,-0.2222222222222222,0.41379310344827586,0.55,0.45,0.050000000000000044,170.0,0.5,0.5,1.0,0.783,0.09999999999999998,3,0.5,4.100000000000001,0.5,0.7999999999999972,1.2000000000000028,0.19999999999999996,0.19999999999999996,-0.4299999999999997,30.0,55.0,18.0,10.0,0.35750000000000004,0.5,0.0,0.0,0.0,1.0,0.0,0.0,-1.0
980971,2016-05-07,2016,PBKS,DC,"Punjab Cricket Association IS Bindra Stadium, Mohali",1,0.03574064960629919,-0.39999999999999997,0.0,-0.1751968503937008,0.5294117647058824,0.032258064516129004,0.06666666666666665,0.55,0.45,-0.050000000000000044,170.0,0.5,0.5,1.0,0.96,0.0,0,0.0,0.0,0.0,0.0,0.0,0.0,0.0,0.0,30.0,55.0,18.0,10.0,0.35750000000000004,0.5,0.0,0.0,0.0,0.0,0.0,0.0,0.0
980975,2016-05-08,2016,KKR,GL,Eden Gardens,0,-0.07619047619047614,0.19999999999999996,0.0,0.05957446808510636,0.5,-0.2450980392156863,0.19827586206896552,0.55,0.45,-0.050000000000000044,170.0,0.5,0.5,1.0,-0.147,0.0,0,0.0,0.0,0.0,0.0,0.0,0.0,0.0,0.0,30.0,55.0,18.0,10.0,0.35750000000000004,0.5,0.0,0.0,0.0,0.0,0.0,0.0,0.0
980973,2016-05-08,2016,MI,SRH,Dr. Y.S. Rajasekhara Reddy ACA-VDCA Cricket Stadium,0,0.06834381551362678,0.0,0.0,0.6666666666666667,0.5714285714285714,-0.01026392961876832,0.12372956252761819,0.55,0.45,0.050000000000000044,170.0,0.5,0.5,1.0,-1.108,-0.20000000000000007,-1,0.0,-8.200000000000003,-9.099999999999994,-11.200000000000003,2.5,0.09999999999999987,0.0,-0.6199999999999992,30.0,55.0,18.0,10.0,0.35750000000000004,0.5,0.0,2.0,-2.0,0.0,-1.0,0.0,-2.0
980977,2016-05-09,2016,PBKS,RCB,"Punjab Cricket Association IS Bindra Stadium, Mohali",0,-0.015799751464583733,0.0,0.0,-0.08091603053435115,0.625,-0.0019885108263367757,-0.010808028821410187,0.55,0.45,0.050000000000000044,170.0,0.5,0.5,1.0,-0.47400000000000003,-0.09999999999999998,-3,-0.5,-4.100000000000001,-0.5,-0.7999999999999972,-1.2000000000000028,-0.19999999999999996,-0.19999999999999996,0.4299999999999997,30.0,55.0,18.0,10.0,0.35750000000000004,0.5,0.0,0.0,0.0,-1.0,0.0,0.0,1.0
980979,2016-05-10,2016,RPS,SRH,Dr. Y.S. Rajasekhara Reddy ACA-VDCA Cricket Stadium,0,-0.2185185185185185,-0.4,0.0,-0.2,1.0,0.15909090909090906,-0.46875,0.55,0.45,0.04999999999999999,170.0,0.5,0.5,1.0,-0.524,-0.20000000000000007,-1,0.0,-8.200000000000003,-9.099999999999994,-11.200000000000003,2.5,0.09999999999999987,0.0,-0.6199999999999992,30.0,55.0,18.0,10.0,0.35750000000000004,0.5,0.0,2.0,-2.0,0.0,-1.0,0.0,-2.0
980981,2016-05-11,2016,RCB,MI,M Chinnaswamy Stadium,0,-0.08868092691622098,-0.19999999999999996,0.0,-0.22408963585434177,0.4444444444444444,-0.03718199608610562,-0.1516136521941026,0.55,0.45,-0.050000000000000044,170.0,0.5,0.5,1.0,1.367,0.09999999999999998,3,0.5,4.100000000000001,0.5,0.7999999999999972,1.2000000000000028,0.19999999999999996,0.19999999999999996,-0.4299999999999997,30.0,55.0,18.0,10.0,0.35750000000000004,0.5,0.0,0.0,0.0,1.0,0.0,0.0,-1.0
980983,2016-05-12,2016,SRH,DC,"Rajiv Gandhi International Stadium, Uppal",0,0.10539772727272723,0.4,0.0,-0.15909090909090906,0.8333333333333334,0.09775840597758412,0.1575757575757576,0.55,0.45,-0.050000000000000044,170.0,0.5,0.5,1.0,1.175,0.20000000000000007,1,0.0,8.200000000000003,9.099999999999994,11.200000000000003,-2.5,-0.09999999999999987,0.0,0.6199999999999992,30.0,55.0,18.0,10.0,0.35750000000000004,0.5,2.0,0.0,2.0,0.0,1.0,0.0,2.0
980985,2016-05-13,2016,MI,PBKS,Dr. Y.S. Rajasekhara Reddy ACA-VDCA Cricket Stadium,0,0.11510387422796176,0.4,0.0,0.038461538461538436,0.5294117647058824,0.054315476190476164,0.17235739112655896,0.55,0.45,-0.04999999999999999,170.0,0.5,0.5,1.0,-0.893,0.0,0,0.0,0.0,0.0,0.0,0.0,0.0,0.0,0.0,30.0,55.0,18.0,10.0,0.35750000000000004,0.5,0.0,0.0,0.0,0.0,0.0,0.0,0.0
980987,2016-05-14,2016,RCB,GL,M Chinnaswamy Stadium,1,-0.1551606288448394,0.0,0.0,-0.15559440559440557,0.0,-0.3228962818003913,0.16666666666666669,0.55,0.45,-0.050000000000000044,170.0,0.5,0.5,1.0,0.783,0.09999999999999998,3,0.5,4.100000000000001,0.5,0.7999999999999972,1.2000000000000028,0.19999999999999996,0.19999999999999996,-0.4299999999999997,30.0,55.0,18.0,10.0,0.35750000000000004,0.5,0.0,0.0,0.0,1.0,0.0,0.0,-1.0
980989,2016-05-14,2016,KKR,RPS,Eden Gardens,1,0.246957766642806,0.2,0.0,0.37310606060606066,1.0,-0.0117647058823529,0.4406779661016949,0.55,0.45,0.04999999999999999,170.0,0.5,0.5,1.0,-0.147,0.0,0,0.0,0.0,0.0,0.0,0.0,0.0,0.0,0.0,30.0,55.0,18.0,10.0,0.35750000000000004,0.5,0.0,0.0,0.0,0.0,0.0,0.0,0.0
980991,2016-05-15,2016,PBKS,SRH,"Punjab Cricket Association IS Bindra Stadium, Mohali",0,-0.052208287895310845,-0.20000000000000007,0.0,-0.1845238095238096,0.2857142857142857,-0.05965909090909094,-0.06760316066725197,0.55,0.45,-0.04999999999999999,170.0,0.5,0.5,1.0,-0.21500000000000002,-0.20000000000000007,-1,0.0,-8.200000000000003,-9.099999999999994,-11.200000000000003,2.5,0.09999999999999987,0.0,-0.6199999999999992,30.0,55.0,18.0,10.0,0.35750000000000004,0.5,0.0,2.0,-2.0,0.0,-1.0,0.0,-2.0
980993,2016-05-15,2016,MI,DC,Dr. Y.S. Rajasekhara Reddy ACA-VDCA Cricket Stadium,1,0.14610717896865522,0.0,0.0,-0.6666666666666667,0.47058823529411764,0.078125,0.24029484029484027,0.55,0.45,-0.050000000000000044,170.0,0.5,0.5,1.0,0.06700000000000006,0.0,0,0.0,0.0,0.0,0.0,0.0,0.0,0.0,0.0,30.0,55.0,18.0,10.0,0.35750000000000004,0.5,0.0,0.0,0.0,0.0,0.0,0.0,0.0
980995,2016-05-16,2016,KKR,RCB,Eden Gardens,0,0.038362873134328346,0.0,0.0,0.31972789115646255,0.5294117647058824,0.05995632320825883,0.014448457904973622,0.55,0.45,-0.050000000000000044,170.0,0.5,0.5,1.0,-0.93,-0.09999999999999998,-3,-0.5,-4.100000000000001,-0.5,-0.7999999999999972,-1.2000000000000028,-0.19999999999999996,-0.19999999999999996,0.4299999999999997,30.0,55.0,18.0,10.0,0.35750000000000004,0.5,0.0,0.0,0.0,-1.0,0.0,0.0,1.0
980997,2016-05-17,2016,RPS,DC,Dr. Y.S. Rajasekhara Reddy ACA-VDCA Cricket Stadium,1,-0.17307692307692307,-0.2,0.0,-0.5,1.0,0.10666666666666663,-0.32727272727272727,0.55,0.45,0.050000000000000044,170.0,0.5,0.5,1.0,0.651,0.0,0,0.0,0.0,0.0,0.0,0.0,0.0,0.0,0.0,30.0,55.0,18.0,10.0,0.35750000000000004,0.5,0.0,0.0,0.0,0.0,0.0,0.0,0.0
980999,2016-05-18,2016,RCB,PBKS,M Chinnaswamy Stadium,1,0.026767676767676774,0.4,0.0,-0.009433962264150941,0.4117647058823529,0.00929054054054057,0.029170684667309543,0.55,0.45,-0.050000000000000044,170.0,0.5,0.5,1.0,0.47400000000000003,0.09999999999999998,3,0.5,4.100000000000001,0.5,0.7999999999999972,1.2000000000000028,0.19999999999999996,0.19999999999999996,-0.4299999999999997,30.0,55.0,18.0,10.0,0.35750000000000004,0.5,0.0,0.0,0.0,1.0,0.0,0.0,-1.0
981001,2016-05-19,2016,GL,KKR,Green Park,1,0.06395348837209303,-0.39999999999999997,0.0,0.06395348837209303,1.0,0.1557971014492754,-0.18333333333333335,0.55,0.45,0.050000000000000044,170.0,0.5,0.5,1.0,0.147,0.0,0,0.0,0.0,0.0,0.0,0.0,0.0,0.0,0.0,30.0,55.0,18.0,10.0,0.35750000000000004,0.5,0.0,0.0,0.0,0.0,0.0,0.0,0.0
981003,2016-05-20,2016,DC,SRH,Shaheed Veer Narayan Singh International Stadium,1,-0.1064684612294094,-0.6000000000000001,0.0,-0.25,0.2857142857142857,-0.11536231884057974,-0.1491596638655462,0.55,0.45,0.050000000000000044,170.0,0.5,0.5,1.0,-1.175,-0.20000000000000007,-1,0.0,-8.200000000000003,-9.099999999999994,-11.200000000000003,2.5,0.09999999999999987,0.0,-0.6199999999999992,30.0,55.0,18.0,10.0,0.35750000000000004,0.5,0.0,2.0,-2.0,0.0,-1.0,0.0,-2.0
981005,2016-05-21,2016,RPS,PBKS,Dr. Y.S. Rajasekhara Reddy ACA-VDCA Cricket Stadium,1,-0.15095430884904565,0.0,0.0,-0.5,0.0,0.14358974358974352,-0.39705882352941174,0.55,0.45,0.04999999999999999,170.0,0.5,0.5,1.0,-0.309,0.0,0,0.0,0.0,0.0,0.0,0.0,0.0,0.0,0.0,30.0,55.0,18.0,10.0,0.35750000000000004,0.5,0.0,0.0,0.0,0.0,0.0,0.0,0.0
981007,2016-05-21,2016,GL,MI,Green Park,1,0.0398450470392917,-0.19999999999999996,0.0,0.4244604316546763,1.0,0.1996527777777778,-0.32333333333333336,0.55,0.45,0.050000000000000044,170.0,0.5,0.5,1.0,0.584,0.0,0,0.0,0.0,0.0,0.0,0.0,0.0,0.0,0.0,30.0,55.0,18.0,10.0,0.35750000000000004,0.5,0.0,0.0,0.0,0.0,0.0,0.0,0.0
981009,2016-05-22,2016,KKR,SRH,Eden Gardens,1,-0.001856763925729532,-0.19999999999999996,0.0,0.64,0.7142857142857143,-0.01449275362318847,-0.030913348946135843,0.55,0.45,-0.050000000000000044,170.0,0.5,0.5,1.0,-0.671,-0.20000000000000007,-1,0.0,-8.200000000000003,-9.099999999999994,-11.200000000000003,2.5,0.09999999999999987,0.0,-0.6199999999999992,30.0,55.0,18.0,10.0,0.35750000000000004,0.5,0.0,2.0,-2.0,0.0,-1.0,0.0,-2.0
981011,2016-05-22,2016,DC,RCB,Shaheed Veer Narayan Singh International Stadium,0,-0.06840463458110518,-0.4,0.0,0.3073529411764706,0.375,-0.04054054054054057,-0.11405529953917048,0.55,0.45,-0.050000000000000044,170.0,0.5,0.5,1.0,-1.4340000000000002,-0.09999999999999998,-3,-0.5,-4.100000000000001,-0.5,-0.7999999999999972,-1.2000000000000028,-0.19999999999999996,-0.19999999999999996,0.4299999999999997,30.0,55.0,18.0,10.0,0.35750000000000004,0.5,0.0,0.0,0.0,-1.0,0.0,0.0,1.0
981013,2016-05-24,2016,GL,RCB,M Chinnaswamy Stadium,0,0.14650677789363925,-0.20000000000000007,0.0,-0.5,0.5,0.2533333333333334,-0.18548387096774194,0.55,0.45,-0.050000000000000044,170.0,0.5,0.5,1.0,-0.783,-0.09999999999999998,-3,-0.5,-4.100000000000001,-0.5,-0.7999999999999972,-1.2000000000000028,-0.19999999999999996,-0.19999999999999996,0.4299999999999997,30.0,55.0,18.0,10.0,0.35750000000000004,0.5,0.0,0.0,0.0,-1.0,0.0,0.0,1.0
981015,2016-05-25,2016,SRH,KKR,Feroz Shah Kotla,1,-0.010609393194462413,0.0,0.0,0.0,0.25,-0.010869565217391242,0.02165898617511519,0.55,0.45,-0.050000000000000044,170.0,0.5,0.5,1.0,0.671,0.20000000000000007,1,0.0,8.200000000000003,9.099999999999994,11.200000000000003,-2.5,-0.09999999999999987,0.0,0.6199999999999992,30.0,55.0,18.0,10.0,0.35750000000000004,0.5,2.0,0.0,2.0,0.0,1.0,0.0,2.0
981017,2016-05-27,2016,GL,SRH,Feroz Shah Kotla,0,0.08333333333333326,0.19999999999999996,0.0,0.25,0.0,0.21666666666666667,-0.2722222222222222,0.55,0.45,-0.050000000000000044,170.0,0.5,0.5,1.0,-0.524,-0.20000000000000007,-1,0.0,-8.200000000000003,-9.099999999999994,-11.200000000000003,2.5,0.09999999999999987,0.0,-0.6199999999999992,30.0,55.0,18.0,10.0,0.35750000000000004,0.5,0.0,2.0,-2.0,0.0,-1.0,0.0,-2.0
981019,2016-05-29,2016,RCB,SRH,M Chinnaswamy Stadium,0,-0.024590163934426257,0.4,0.0,0.25909090909090904,0.5,-0.047368421052631504,-0.03673835125448027,0.55,0.45,0.04999999999999999,170.0,0.5,0.5,1.0,0.259,-0.10000000000000009,2,0.5,-4.100000000000001,-8.599999999999994,-10.400000000000006,3.700000000000003,0.2999999999999998,0.19999999999999996,-1.049999999999999,30.0,55.0,18.0,10.0,0.35750000000000004,0.5,0.0,2.0,-2.0,1.0,-1.0,0.0,-3.0
1082591,2017-04-05,2017,SRH,RCB,"Rajiv Gandhi International Stadium, Uppal",1,0.035855186818287255,-0.20000000000000007,0.0,0.2795031055900621,0.4444444444444444,0.054545454545454564,0.051002615518744576,0.55,0.45,-0.050000000000000044,170.0,0.5,0.5,1.0,-0.259,0.10000000000000009,-2,-0.5,4.100000000000001,8.599999999999994,10.400000000000006,-3.700000000000003,-0.2999999999999998,-0.19999999999999996,1.049999999999999,30.0,55.0,18.0,10.0,0.35750000000000004,0.5,2.0,0.0,2.0,-1.0,1.0,0.0,3.0
1082592,2017-04-06,2017,RPS,MI,Maharashtra Cricket Association Stadium,1,-0.21428571428571425,0.0,0.0,-1.0,0.5,0.1361607142857143,-0.5657894736842105,0.55,0.45,0.050000000000000044,170.0,0.5,0.5,1.0,0.584,0.0,0,0.0,0.0,0.0,0.0,0.0,0.0,0.0,0.0,30.0,55.0,18.0,10.0,0.35750000000000004,0.5,0.0,0.0,0.0,0.0,0.0,0.0,0.0
1082593,2017-04-07,2017,GL,KKR,Saurashtra Cricket Association Stadium,0,0.04734848484848486,0.0,0.0,-0.11515151515151512,1.0,0.2142857142857143,-0.26881720430107525,0.55,0.45,-0.050000000000000044,170.0,0.5,0.5,1.0,0.147,0.0,0,0.0,0.0,0.0,0.0,0.0,0.0,0.0,0.0,30.0,55.0,18.0,10.0,0.35750000000000004,0.5,0.0,0.0,0.0,0.0,0.0,0.0,0.0
1082594,2017-04-08,2017,PBKS,RPS,Holkar Cricket Stadium,1,0.055223880597014885,-0.39999999999999997,0.0,0.6,0.5,-0.2269230769230769,0.391304347826087,0.55,0.45,0.050000000000000044,170.0,0.5,0.5,1.0,0.309,0.0,0,0.0,0.0,0.0,0.0,0.0,0.0,0.0,0.0,30.0,55.0,18.0,10.0,0.35750000000000004,0.5,0.0,0.0,0.0,0.0,0.0,0.0,0.0
1082595,2017-04-08,2017,RCB,DC,M.Chinnaswamy Stadium,1,0.07180451127819554,0.19999999999999996,0.0,0.07142857142857145,0.5294117647058824,0.038461538461538436,0.11969439728353143,0.55,0.45,-0.04999999999999999,170.0,0.5,0.5,1.0,1.4340000000000002,0.09999999999999998,3,0.5,4.100000000000001,0.5,0.7999999999999972,1.2000000000000028,0.19999999999999996,0.19999999999999996,-0.4299999999999997,30.0,55.0,18.0,10.0,0.35750000000000004,0.5,0.0,0.0,0.0,1.0,0.0,0.0,-1.0
1082596,2017-04-09,2017,SRH,GL,"Rajiv Gandhi International Stadium, Uppal",1,0.010270774976657293,0.4,0.0,0.5833333333333334,1.0,-0.20000000000000007,0.35714285714285715,0.55,0.45,0.050000000000000044,170.0,0.5,0.5,1.0,0.524,0.20000000000000007,1,0.0,8.200000000000003,9.099999999999994,11.200000000000003,-2.5,-0.09999999999999987,0.0,0.6199999999999992,30.0,55.0,18.0,10.0,0.35750000000000004,0.5,2.0,0.0,2.0,0.0,1.0,0.0,2.0
1082597,2017-04-09,2017,MI,KKR,Wankhede Stadium,1,0.0485788940436197,0.0,0.0,0.47777777777777786,0.7222222222222222,-0.013424295774647876,0.12295768747381647,0.55,0.45,0.050000000000000044,170.0,0.5,0.5,1.0,-0.43699999999999994,0.0,0,0.0,0.0,0.0,0.0,0.0,0.0,0.0,0.0,30.0,55.0,18.0,10.0,0.35750000000000004,0.5,0.0,0.0,0.0,0.0,0.0,0.0,0.0
1082598,2017-04-10,2017,PBKS,RCB,Holkar Cricket Stadium,1,-0.0371946414499606,-0.19999999999999996,0.0,0.5035460992907801,0.5555555555555556,-0.00815850815850816,-0.053140096618357446,0.55,0.45,0.04999999999999999,170.0,0.5,0.5,1.0,-0.47400000000000003,-0.09999999999999998,-3,-0.5,-4.100000000000001,-0.5,-0.7999999999999972,-1.2000000000000028,-0.19999999999999996,-0.19999999999999996,0.4299999999999997,30.0,55.0,18.0,10.0,0.35750000000000004,0.5,0.0,0.0,0.0,-1.0,0.0,0.0,1.0
1082599,2017-04-11,2017,RPS,DC,Maharashtra Cricket Association Stadium,0,-0.042910447761194015,0.39999999999999997,0.0,-0.8,1.0,0.2564935064935065,-0.3157894736842105,0.55,0.45,0.050000000000000044,170.0,0.5,0.5,1.0,0.651,0.0,0,0.0,0.0,0.0,0.0,0.0,0.0,0.0,0.0,30.0,55.0,18.0,10.0,0.35750000000000004,0.5,0.0,0.0,0.0,0.0,0.0,0.0,0.0
1082600,2017-04-12,2017,MI,SRH,Wankhede Stadium,1,0.023547535211267623,-0.6,0.0,0.6521739130434783,0.5,-0.03076923076923077,0.058441558441558406,0.55,0.45,0.050000000000000044,170.0,0.5,0.5,1.0,-1.108,-0.20000000000000007,-1,0.0,-8.200000000000003,-9.099999999999994,-11.200000000000003,2.5,0.09999999999999987,0.0,-0.6199999999999992,30.0,55.0,18.0,10.0,0.35750000000000004,0.5,0.0,2.0,-2.0,0.0,-1.0,0.0,-2.0
1082601,2017-04-13,2017,KKR,PBKS,Eden Gardens,1,0.05169007901668132,0.0,0.0,0.3970588235294118,0.6842105263157895,0.054235862938826984,0.037267080745341574,0.55,0.45,0.050000000000000044,170.0,0.5,0.5,1.0,-0.45599999999999996,0.0,0,0.0,0.0,0.0,0.0,0.0,0.0,0.0,0.0,30.0,55.0,18.0,10.0,0.35750000000000004,0.5,0.0,0.0,0.0,0.0,0.0,0.0,0.0
1082602,2017-04-14,2017,RCB,MI,M Chinnaswamy Stadium,0,-0.08046882694770019,-0.19999999999999996,0.0,-0.25,0.42105263157894735,-0.0524475524475525,-0.1209415584415584,0.55,0.45,-0.050000000000000044,170.0,0.5,0.5,1.0,1.367,0.09999999999999998,3,0.5,4.100000000000001,0.5,0.7999999999999972,1.2000000000000028,0.19999999999999996,0.19999999999999996,-0.4299999999999997,30.0,55.0,18.0,10.0,0.35750000000000004,0.5,0.0,0.0,0.0,1.0,0.0,0.0,-1.0
1082603,2017-04-14,2017,GL,RPS,Saurashtra Cricket Association Stadium,1,0.14705882352941174,-0.39999999999999997,0.0,0.3333333333333333,1.0,0.13333333333333341,0.125,0.55,0.45,0.050000000000000044,170.0,0.5,0.5,1.0,0.0,0.0,0,0.0,0.0,0.0,0.0,0.0,0.0,0.0,0.0,30.0,55.0,18.0,10.0,0.35750000000000004,0.5,0.0,0.0,0.0,0.0,0.0,0.0,0.0
1082604,2017-04-15,2017,KKR,SRH,Eden Gardens,1,-0.019943019943019946,-0.20000000000000007,0.0,0.6538461538461539,0.6666666666666666,-0.01816239316239321,-0.05860805860805862,0.55,0.45,-0.050000000000000044,170.0,0.5,0.5,1.0,-0.671,-0.20000000000000007,-1,0.0,-8.200000000000003,-9.099999999999994,-11.200000000000003,2.5,0.09999999999999987,0.0,-0.6199999999999992,30.0,55.0,18.0,10.0,0.35750000000000004,0.5,0.0,2.0,-2.0,0.0,-1.0,0.0,-2.0
1082605,2017-04-15,2017,DC,PBKS,Feroz Shah Kotla,1,-0.03763179237631792,0.0,0.0,-0.11224489795918369,0.4444444444444444,-0.04380693932932739,-0.05812807881773402,0.55,0.45,-0.04999999999999999,170.0,0.5,0.5,1.0,-0.96,0.0,0,0.0,0.0,0.0,0.0,0.0,0.0,0.0,0.0,30.0,55.0,18.0,10.0,0.35750000000000004,0.5,0.0,0.0,0.0,0.0,0.0,0.0,0.0
1082606,2017-04-16,2017,MI,GL,Wankhede Stadium,1,0.05007309941520466,0.39999999999999997,0.0,-0.34042553191489366,0.0,-0.22116689280868396,0.4334415584415584,0.55,0.45,0.050000000000000044,170.0,0.5,0.5,1.0,-0.584,0.0,0,0.0,0.0,0.0,0.0,0.0,0.0,0.0,0.0,30.0,55.0,18.0,10.0,0.35750000000000004,0.5,0.0,0.0,0.0,0.0,0.0,0.0,0.0
1082607,2017-04-16,2017,RCB,RPS,M Chinnaswamy Stadium,0,0.15617715617715622,-0.2,0.0,0.49122807017543857,1.0,-0.1282051282051282,0.4307692307692308,0.55,0.45,0.050000000000000044,170.0,0.5,0.5,1.0,0.783,0.09999999999999998,3,0.5,4.100000000000001,0.5,0.7999999999999972,1.2000000000000028,0.19999999999999996,0.19999999999999996,-0.4299999999999997,30.0,55.0,18.0,10.0,0.35750000000000004,0.5,0.0,0.0,0.0,1.0,0.0,0.0,-1.0
1082609,2017-04-17,2017,SRH,PBKS,"Rajiv Gandhi International Stadium, Uppal",1,0.07378129117259552,0.19999999999999996,0.0,0.02857142857142858,0.75,0.0631808278867102,0.10146520146520144,0.55,0.45,-0.050000000000000044,170.0,0.5,0.5,1.0,0.21500000000000002,0.20000000000000007,1,0.0,8.200000000000003,9.099999999999994,11.200000000000003,-2.5,-0.09999999999999987,0.0,0.6199999999999992,30.0,55.0,18.0,10.0,0.35750000000000004,0.5,2.0,0.0,2.0,0.0,1.0,0.0,2.0
1082608,2017-04-17,2017,DC,KKR,Feroz Shah Kotla,0,-0.0955882352941177,0.0,0.0,-0.17142857142857137,0.4117647058823529,-0.1037157287157287,-0.09851694915254239,0.55,0.45,-0.04999999999999999,170.0,0.5,0.5,1.0,-0.504,0.0,0,0.0,0.0,0.0,0.0,0.0,0.0,0.0,0.0,30.0,55.0,18.0,10.0,0.35750000000000004,0.5,0.0,0.0,0.0,0.0,0.0,0.0,0.0
1082610,2017-04-18,2017,GL,RCB,Saurashtra Cricket Association Stadium,0,0.013888888888888895,0.0,0.0,0.42857142857142855,0.3333333333333333,0.2865362485615651,-0.3196581196581197,0.55,0.45,0.050000000000000044,170.0,0.5,0.5,1.0,-0.783,-0.09999999999999998,-3,-0.5,-4.100000000000001,-0.5,-0.7999999999999972,-1.2000000000000028,-0.19999999999999996,-0.19999999999999996,0.4299999999999997,30.0,55.0,18.0,10.0,0.35750000000000004,0.5,0.0,0.0,0.0,-1.0,0.0,0.0,1.0
1082611,2017-04-19,2017,SRH,DC,"Rajiv Gandhi International Stadium, Uppal",1,0.11395576860224427,0.19999999999999996,0.0,-0.18461538461538463,0.625,0.09908609908609906,0.16666666666666669,0.55,0.45,-0.04999999999999999,170.0,0.5,0.5,1.0,1.175,0.20000000000000007,1,0.0,8.200000000000003,9.099999999999994,11.200000000000003,-2.5,-0.09999999999999987,0.0,0.6199999999999992,30.0,55.0,18.0,10.0,0.35750000000000004,0.5,2.0,0.0,2.0,0.0,1.0,0.0,2.0
1082612,2017-04-20,2017,PBKS,MI,Holkar Cricket Stadium,0,-0.1260729347556438,-0.4,0.0,0.42068965517241375,0.5,-0.08120204603580561,-0.17272727272727267,0.55,0.45,-0.050000000000000044,170.0,0.5,0.5,1.0,0.893,0.0,0,0.0,0.0,0.0,0.0,0.0,0.0,0.0,0.0,30.0,55.0,18.0,10.0,0.35750000000000004,0.5,0.0,0.0,0.0,0.0,0.0,0.0,0.0
1082613,2017-04-21,2017,KKR,GL,Eden Gardens,0,0.04935696906499831,0.6000000000000001,0.0,-0.339622641509434,0.3333333333333333,-0.14726027397260277,0.3263888888888889,0.55,0.45,-0.050000000000000044,170.0,0.5,0.5,1.0,-0.147,0.0,0,0.0,0.0,0.0,0.0,0.0,0.0,0.0,0.0,30.0,55.0,18.0,10.0,0.35750000000000004,0.5,0.0,0.0,0.0,0.0,0.0,0.0,0.0
1082615,2017-04-22,2017,RPS,SRH,Maharashtra Cricket Association Stadium,1,-0.17569659442724456,-0.19999999999999996,0.0,-0.8333333333333334,0.5,0.07407407407407407,-0.41219512195121955,0.55,0.45,0.050000000000000044,170.0,0.5,0.5,1.0,-0.524,-0.20000000000000007,-1,0.0,-8.200000000000003,-9.099999999999994,-11.200000000000003,2.5,0.09999999999999987,0.0,-0.6199999999999992,30.0,55.0,18.0,10.0,0.35750000000000004,0.5,0.0,2.0,-2.0,0.0,-1.0,0.0,-2.0
1082614,2017-04-22,2017,MI,DC,Wankhede Stadium,1,0.16190192574945406,0.6,0.0,0.5,0.5,0.12151616499442591,0.2251082251082251,0.55,0.45,-0.050000000000000044,170.0,0.5,0.5,1.0,0.06700000000000006,0.0,0,0.0,0.0,0.0,0.0,0.0,0.0,0.0,0.0,30.0,55.0,18.0,10.0,0.35750000000000004,0.5,0.0,0.0,0.0,0.0,0.0,0.0,0.0
1082616,2017-04-23,2017,GL,PBKS,Saurashtra Cricket Association Stadium,0,0.04999999999999999,0.2,0.0,-0.625,0.5,0.24749163879598668,-0.26917057902973396,0.55,0.45,0.050000000000000044,170.0,0.5,0.5,1.0,-0.309,0.0,0,0.0,0.0,0.0,0.0,0.0,0.0,0.0,0.0,30.0,55.0,18.0,10.0,0.35750000000000004,0.5,0.0,0.0,0.0,0.0,0.0,0.0,0.0
1082617,2017-04-23,2017,KKR,RCB,Eden Gardens,1,0.03208395802098951,0.19999999999999996,0.0,0.2195767195767196,0.5,0.07109415640714412,-0.008624708624708599,0.55,0.45,-0.050000000000000044,170.0,0.5,0.5,1.0,-0.93,-0.09999999999999998,-3,-0.5,-4.100000000000001,-0.5,-0.7999999999999972,-1.2000000000000028,-0.19999999999999996,-0.19999999999999996,0.4299999999999997,30.0,55.0,18.0,10.0,0.35750000000000004,0.5,0.0,0.0,0.0,-1.0,0.0,0.0,1.0
1082618,2017-04-24,2017,MI,RPS,Wankhede Stadium,0,0.18503401360544214,0.6,0.0,-0.326530612244898,0.3333333333333333,-0.09130434782608687,0.4641025641025641,0.55,0.45,0.050000000000000044,170.0,0.5,0.5,1.0,-0.584,0.0,0,0.0,0.0,0.0,0.0,0.0,0.0,0.0,0.0,30.0,55.0,18.0,10.0,0.35750000000000004,0.5,0.0,0.0,0.0,0.0,0.0,0.0,0.0
1082620,2017-04-26,2017,RPS,KKR,Maharashtra Cricket Association Stadium,0,-0.09660842754367932,-0.20000000000000007,0.0,-0.7142857142857143,0.0,0.09726027397260273,-0.25757575757575757,0.55,0.45,-0.050000000000000044,170.0,0.5,0.5,1.0,0.147,0.0,0,0.0,0.0,0.0,0.0,0.0,0.0,0.0,0.0,30.0,55.0,18.0,10.0,0.35750000000000004,0.5,0.0,0.0,0.0,0.0,0.0,0.0,0.0
1082621,2017-04-27,2017,RCB,GL,M Chinnaswamy Stadium,0,0.008040500297796294,-0.2,0.0,0.4827586206896552,0.75,-0.18928571428571428,0.3282828282828283,0.55,0.45,-0.050000000000000044,170.0,0.5,0.5,1.0,0.783,0.09999999999999998,3,0.5,4.100000000000001,0.5,0.7999999999999972,1.2000000000000028,0.19999999999999996,0.19999999999999996,-0.4299999999999997,30.0,55.0,18.0,10.0,0.35750000000000004,0.5,0.0,0.0,0.0,1.0,0.0,0.0,-1.0
1082622,2017-04-28,2017,KKR,DC,Eden Gardens,1,0.11130524152106885,0.4,0.0,0.4878787878787879,0.6111111111111112,0.12709544988026,0.10606060606060608,0.55,0.45,0.050000000000000044,170.0,0.5,0.5,1.0,0.504,0.0,0,0.0,0.0,0.0,0.0,0.0,0.0,0.0,0.0,30.0,55.0,18.0,10.0,0.35750000000000004,0.5,0.0,0.0,0.0,0.0,0.0,0.0,0.0
1082623,2017-04-28,2017,PBKS,SRH,"Punjab Cricket Association IS Bindra Stadium, Mohali",0,-0.08233117483811292,-0.2,0.0,-0.7142857142857143,0.2222222222222222,-0.07085346215780997,-0.1111111111111111,0.55,0.45,0.050000000000000044,170.0,0.5,0.5,1.0,-0.21500000000000002,-0.20000000000000007,-1,0.0,-8.200000000000003,-9.099999999999994,-11.200000000000003,2.5,0.09999999999999987,0.0,-0.6199999999999992,30.0,55.0,18.0,10.0,0.35750000000000004,0.5,0.0,2.0,-2.0,0.0,-1.0,0.0,-2.0
1082624,2017-04-29,2017,RPS,RCB,Maharashtra Cricket Association Stadium,1,-0.07390228818800243,0.39999999999999997,0.0,-0.75,0.3333333333333333,0.17499999999999993,-0.2661691542288557,0.55,0.45,-0.050000000000000044,170.0,0.5,0.5,1.0,-0.783,-0.09999999999999998,-3,-0.5,-4.100000000000001,-0.5,-0.7999999999999972,-1.2000000000000028,-0.19999999999999996,-0.19999999999999996,0.4299999999999997,30.0,55.0,18.0,10.0,0.35750000000000004,0.5,0.0,0.0,0.0,-1.0,0.0,0.0,1.0
1082625,2017-04-29,2017,GL,MI,Saurashtra Cricket Association Stadium,0,-0.08108108108108103,-0.4,0.0,-0.24774774774774772,0.6666666666666666,0.1333333333333333,-0.452991452991453,0.55,0.45,-0.04999999999999999,170.0,0.5,0.5,1.0,0.584,0.0,0,0.0,0.0,0.0,0.0,0.0,0.0,0.0,0.0,30.0,55.0,18.0,10.0,0.35750000000000004,0.5,0.0,0.0,0.0,0.0,0.0,0.0,0.0
1082626,2017-04-30,2017,PBKS,DC,"Punjab Cricket Association IS Bindra Stadium, Mohali",1,0.036418511066398374,0.0,0.0,0.25,0.5263157894736842,0.033273056057866124,0.061020036429872526,0.55,0.45,0.050000000000000044,170.0,0.5,0.5,1.0,0.96,0.0,0,0.0,0.0,0.0,0.0,0.0,0.0,0.0,0.0,30.0,55.0,18.0,10.0,0.35750000000000004,0.5,0.0,0.0,0.0,0.0,0.0,0.0,0.0
1082627,2017-04-30,2017,SRH,KKR,"Rajiv Gandhi International Stadium, Uppal",1,0.010942249240121549,-0.20000000000000007,0.0,-0.1703703703703704,0.3,-0.020740740740740726,0.07223396758280481,0.55,0.45,-0.050000000000000044,170.0,0.5,0.5,1.0,0.671,0.20000000000000007,1,0.0,8.200000000000003,9.099999999999994,11.200000000000003,-2.5,-0.09999999999999987,0.0,0.6199999999999992,30.0,55.0,18.0,10.0,0.35750000000000004,0.5,2.0,0.0,2.0,0.0,1.0,0.0,2.0
1082628,2017-05-01,2017,MI,RCB,Wankhede Stadium,1,0.09745147832396162,0.39999999999999997,0.0,0.23142857142857148,0.6,0.07303077725612939,0.13126674320704174,0.55,0.45,0.04999999999999999,170.0,0.5,0.5,1.0,-1.367,-0.09999999999999998,-3,-0.5,-4.100000000000001,-0.5,-0.7999999999999972,-1.2000000000000028,-0.19999999999999996,-0.19999999999999996,0.4299999999999997,30.0,55.0,18.0,10.0,0.35750000000000004,0.5,0.0,0.0,0.0,-1.0,0.0,0.0,1.0
1082629,2017-05-01,2017,RPS,GL,Maharashtra Cricket Association Stadium,1,-0.04521739130434782,0.4,0.0,-0.6666666666666667,0.0,-0.033333333333333326,0.13076923076923078,0.55,0.45,0.050000000000000044,170.0,0.5,0.5,1.0,0.0,0.0,0,0.0,0.0,0.0,0.0,0.0,0.0,0.0,0.0,30.0,55.0,18.0,10.0,0.35750000000000004,0.5,0.0,0.0,0.0,0.0,0.0,0.0,0.0
1082630,2017-05-02,2017,DC,SRH,Feroz Shah Kotla,1,-0.13794825691739093,-0.8,0.0,-0.407843137254902,0.3333333333333333,-0.11157993436474445,-0.2001466275659824,0.55,0.45,0.050000000000000044,170.0,0.5,0.5,1.0,-1.175,-0.20000000000000007,-1,0.0,-8.200000000000003,-9.099999999999994,-11.200000000000003,2.5,0.09999999999999987,0.0,-0.6199999999999992,30.0,55.0,18.0,10.0,0.35750000000000004,0.5,0.0,2.0,-2.0,0.0,-1.0,0.0,-2.0
1082631,2017-05-03,2017,KKR,RPS,Eden Gardens,0,0.06983568075117369,-0.20000000000000007,0.0,0.6607142857142857,1.0,-0.12200956937799046,0.2086247086247086,0.55,0.45,-0.050000000000000044,170.0,0.5,0.5,1.0,-0.147,0.0,0,0.0,0.0,0.0,0.0,0.0,0.0,0.0,0.0,30.0,55.0,18.0,10.0,0.35750000000000004,0.5,0.0,0.0,0.0,0.0,0.0,0.0,0.0
1082632,2017-05-04,2017,DC,GL,Feroz Shah Kotla,1,-0.04604550379198269,-0.2,0.0,-0.09615384615384615,0.5,-0.2458333333333333,0.2316715542521994,0.55,0.45,0.050000000000000044,170.0,0.5,0.5,1.0,-0.651,0.0,0,0.0,0.0,0.0,0.0,0.0,0.0,0.0,0.0,30.0,55.0,18.0,10.0,0.35750000000000004,0.5,0.0,0.0,0.0,0.0,0.0,0.0,0.0
1082633,2017-05-05,2017,RCB,PBKS,M Chinnaswamy Stadium,0,0.021964612568639408,-0.2,0.0,0.03013182674199627,0.42105263157894735,-0.002608242044861764,0.037581699346405206,0.55,0.45,0.050000000000000044,170.0,0.5,0.5,1.0,0.47400000000000003,0.09999999999999998,3,0.5,4.100000000000001,0.5,0.7999999999999972,1.2000000000000028,0.19999999999999996,0.19999999999999996,-0.4299999999999997,30.0,55.0,18.0,10.0,0.35750000000000004,0.5,0.0,0.0,0.0,1.0,0.0,0.0,-1.0
1082634,2017-05-06,2017,SRH,RPS,"Rajiv Gandhi International Stadium, Uppal",0,0.06166666666666665,-0.20000000000000007,0.0,-0.3571428571428571,0.3333333333333333,-0.15740740740740744,0.2803418803418803,0.55,0.45,0.050000000000000044,170.0,0.5,0.5,1.0,0.524,0.20000000000000007,1,0.0,8.200000000000003,9.099999999999994,11.200000000000003,-2.5,-0.09999999999999987,0.0,0.6199999999999992,30.0,55.0,18.0,10.0,0.35750000000000004,0.5,2.0,0.0,2.0,0.0,1.0,0.0,2.0
1082635,2017-05-06,2017,DC,MI,Feroz Shah Kotla,0,-0.16041958041958038,-0.19999999999999996,0.0,0.16509433962264153,0.47368421052631576,-0.10339506172839508,-0.24152191894127378,0.55,0.45,0.050000000000000044,170.0,0.5,0.5,1.0,-0.06700000000000006,0.0,0,0.0,0.0,0.0,0.0,0.0,0.0,0.0,0.0,30.0,55.0,18.0,10.0,0.35750000000000004,0.5,0.0,0.0,0.0,0.0,0.0,0.0,0.0
1082636,2017-05-07,2017,RCB,KKR,M Chinnaswamy Stadium,0,-0.05114219114219115,-0.6,0.0,-0.033333333333333326,0.47368421052631576,-0.09306803594351731,-0.006365232660228259,0.55,0.45,-0.050000000000000044,170.0,0.5,0.5,1.0,0.93,0.09999999999999998,3,0.5,4.100000000000001,0.5,0.7999999999999972,1.2000000000000028,0.19999999999999996,0.19999999999999996,-0.4299999999999997,30.0,55.0,18.0,10.0,0.35750000000000004,0.5,0.0,0.0,0.0,1.0,0.0,0.0,-1.0
1082637,2017-05-07,2017,PBKS,GL,"Punjab Cricket Association IS Bindra Stadium, Mohali",0,0.013888888888888895,0.39999999999999997,0.0,-0.6666666666666667,0.6666666666666666,-0.21220657276995303,0.3139269406392694,0.55,0.45,-0.050000000000000044,170.0,0.5,0.5,1.0,0.309,0.0,0,0.0,0.0,0.0,0.0,0.0,0.0,0.0,0.0,30.0,55.0,18.0,10.0,0.35750000000000004,0.5,0.0,0.0,0.0,0.0,0.0,0.0,0.0
1082638,2017-05-08,2017,SRH,MI,"Rajiv Gandhi International Stadium, Uppal",1,-0.048534881611176584,-0.19999999999999996,0.0,-0.04597701149425282,0.4444444444444444,-0.025793650793650813,-0.05850914205344593,0.55,0.45,0.04999999999999999,170.0,0.5,0.5,1.0,1.108,0.20000000000000007,1,0.0,8.200000000000003,9.099999999999994,11.200000000000003,-2.5,-0.09999999999999987,0.0,0.6199999999999992,30.0,55.0,18.0,10.0,0.35750000000000004,0.5,2.0,0.0,2.0,0.0,1.0,0.0,2.0
1082639,2017-05-09,2017,PBKS,KKR,"Punjab Cricket Association IS Bindra Stadium, Mohali",1,-0.07260536398467432,0.0,0.0,-0.7,0.3,-0.08926284982623012,-0.040943929003630475,0.55,0.45,-0.050000000000000044,170.0,0.5,0.5,1.0,0.45599999999999996,0.0,0,0.0,0.0,0.0,0.0,0.0,0.0,0.0,0.0,30.0,55.0,18.0,10.0,0.35750000000000004,0.5,0.0,0.0,0.0,0.0,0.0,0.0,0.0
1082640,2017-05-10,2017,GL,DC,Green Park,0,0.047619047619047616,0.0,0.0,0.5833333333333333,0.3333333333333333,0.2621951219512195,-0.239247311827957,0.55,0.45,-0.050000000000000044,170.0,0.5,0.5,1.0,0.651,0.0,0,0.0,0.0,0.0,0.0,0.0,0.0,0.0,0.0,30.0,55.0,18.0,10.0,0.35750000000000004,0.5,0.0,0.0,0.0,0.0,0.0,0.0,0.0
1082641,2017-05-11,2017,MI,PBKS,Wankhede Stadium,0,0.12004325883201156,-0.19999999999999996,0.0,0.16666666666666663,0.5263157894736842,0.07609546165884196,0.16249999999999998,0.55,0.45,0.050000000000000044,170.0,0.5,0.5,1.0,-0.893,0.0,0,0.0,0.0,0.0,0.0,0.0,0.0,0.0,0.0,30.0,55.0,18.0,10.0,0.35750000000000004,0.5,0.0,0.0,0.0,0.0,0.0,0.0,0.0
1082642,2017-05-12,2017,DC,RPS,Feroz Shah Kotla,1,-0.0793103448275862,-0.20000000000000007,0.0,-0.5925925925925926,0.3333333333333333,-0.2560240963855422,0.036866359447004615,0.55,0.45,-0.04999999999999999,170.0,0.5,0.5,1.0,-0.651,0.0,0,0.0,0.0,0.0,0.0,0.0,0.0,0.0,0.0,30.0,55.0,18.0,10.0,0.35750000000000004,0.5,0.0,0.0,0.0,0.0,0.0,0.0,0.0
1082643,2017-05-13,2017,GL,SRH,Green Park,0,-0.09226467847157505,-0.39999999999999997,0.0,0.12612612612612606,0.0,0.1637931034482759,-0.43418803418803414,0.55,0.45,-0.050000000000000044,170.0,0.5,0.5,1.0,-0.524,-0.20000000000000007,-1,0.0,-8.200000000000003,-9.099999999999994,-11.200000000000003,2.5,0.09999999999999987,0.0,-0.6199999999999992,30.0,55.0,18.0,10.0,0.35750000000000004,0.5,0.0,2.0,-2.0,0.0,-1.0,0.0,-2.0
1082644,2017-05-13,2017,KKR,MI,Eden Gardens,0,-0.051025467658327606,0.0,0.0,-0.15087719298245617,0.2631578947368421,0.013523006673691551,-0.12966417910447764,0.55,0.45,0.050000000000000044,170.0,0.5,0.5,1.0,0.43699999999999994,0.0,0,0.0,0.0,0.0,0.0,0.0,0.0,0.0,0.0,30.0,55.0,18.0,10.0,0.35750000000000004,0.5,0.0,0.0,0.0,0.0,0.0,0.0,0.0
1082645,2017-05-14,2017,RPS,PBKS,Maharashtra Cricket Association Stadium,1,0.018896447467876,0.0,0.0,0.4,0.3333333333333333,0.17118093174431204,-0.12218045112781956,0.55,0.45,0.050000000000000044,170.0,0.5,0.5,1.0,-0.309,0.0,0,0.0,0.0,0.0,0.0,0.0,0.0,0.0,0.0,30.0,55.0,18.0,10.0,0.35750000000000004,0.5,0.0,0.0,0.0,0.0,0.0,0.0,0.0
1082646,2017-05-14,2017,DC,RCB,Feroz Shah Kotla,0,-0.04554114125011344,0.8,0.0,-0.24848484848484848,0.3333333333333333,-0.01821921833676171,-0.08695652173913043,0.55,0.45,0.04999999999999999,170.0,0.5,0.5,1.0,-1.4340000000000002,-0.09999999999999998,-3,-0.5,-4.100000000000001,-0.5,-0.7999999999999972,-1.2000000000000028,-0.19999999999999996,-0.19999999999999996,0.4299999999999997,30.0,55.0,18.0,10.0,0.35750000000000004,0.5,0.0,0.0,0.0,-1.0,0.0,0.0,1.0
1082647,2017-05-16,2017,MI,RPS,Wankhede Stadium,0,0.07792207792207795,-0.20000000000000007,0.0,-0.34615384615384615,0.25,-0.12524461839530332,0.2821869488536155,0.55,0.45,0.050000000000000044,170.0,0.5,0.5,1.0,-0.584,0.0,0,0.0,0.0,0.0,0.0,0.0,0.0,0.0,0.0,30.0,55.0,18.0,10.0,0.35750000000000004,0.5,0.0,0.0,0.0,0.0,0.0,0.0,0.0
1082648,2017-05-17,2017,SRH,KKR,M Chinnaswamy Stadium,0,0.02611872146118721,0.39999999999999997,0.0,-0.15555555555555556,0.36363636363636365,0.005063291139240533,0.07827529021558871,0.55,0.45,-0.050000000000000044,170.0,0.5,0.5,1.0,0.671,0.20000000000000007,1,0.0,8.200000000000003,9.099999999999994,11.200000000000003,-2.5,-0.09999999999999987,0.0,0.6199999999999992,30.0,55.0,18.0,10.0,0.35750000000000004,0.5,2.0,0.0,2.0,0.0,1.0,0.0,2.0
1082649,2017-05-19,2017,MI,KKR,M Chinnaswamy Stadium,1,0.05038402457757296,0.0,0.0,0.1777777777777778,0.75,-0.018918918918918948,0.13506541367237884,0.55,0.45,0.050000000000000044,170.0,0.5,0.5,1.0,-0.43699999999999994,0.0,0,0.0,0.0,0.0,0.0,0.0,0.0,0.0,0.0,30.0,55.0,18.0,10.0,0.35750000000000004,0.5,0.0,0.0,0.0,0.0,0.0,0.0,0.0
1082650,2017-05-21,2017,MI,RPS,"Rajiv Gandhi International Stadium, Uppal",1,0.05968169761273201,-0.4,0.0,-0.4285714285714286,0.2,-0.12761904761904763,0.2345679012345679,0.55,0.45,-0.04999999999999999,170.0,0.5,0.5,1.0,-0.584,0.0,0,0.0,0.0,0.0,0.0,0.0,0.0,0.0,0.0,30.0,55.0,18.0,10.0,0.35750000000000004,0.5,0.0,0.0,0.0,0.0,0.0,0.0,0.0
1136561,2018-04-07,2018,MI,CSK,Wankhede Stadium,0,-0.02343560071959938,0.19999999999999996,0.0,0.2415094339622641,0.5454545454545454,-0.04296296296296298,-0.011244852708267361,0.55,0.45,-0.050000000000000044,170.0,0.5,0.5,1.0,-0.239,0.0,0,0.0,0.0,0.0,0.0,0.0,0.0,0.0,0.0,30.0,55.0,18.0,10.0,0.35750000000000004,0.5,0.0,0.0,0.0,0.0,0.0,0.0,0.0
1136563,2018-04-08,2018,RCB,KKR,Eden Gardens,0,-0.04658605974395452,-0.2,0.0,-0.2629310344827587,0.45,-0.08780487804878045,0.0021008403361344463,0.55,0.45,-0.050000000000000044,170.0,0.5,0.5,1.0,0.93,0.09999999999999998,3,0.5,4.100000000000001,0.5,0.7999999999999972,1.2000000000000028,0.19999999999999996,0.19999999999999996,-0.4299999999999997,30.0,55.0,18.0,10.0,0.35750000000000004,0.5,0.0,0.0,0.0,1.0,0.0,0.0,-1.0
1136562,2018-04-08,2018,DC,PBKS,Punjab Cricket Association IS Bindra Stadium,0,-0.037690751976466264,0.0,0.0,-0.36363636363636365,0.45,-0.03303152246814217,-0.0692640692640693,0.55,0.45,-0.050000000000000044,170.0,0.5,0.5,1.0,-0.96,0.0,0,0.0,0.0,0.0,0.0,0.0,0.0,0.0,0.0,30.0,55.0,18.0,10.0,0.35750000000000004,0.5,0.0,0.0,0.0,0.0,0.0,0.0,0.0
1136564,2018-04-09,2018,RR,SRH,Rajiv Gandhi International Stadium,0,-0.02252453166815349,0.0,0.0,-0.1333333333333333,0.5714285714285714,-0.006249999999999978,-0.07407407407407407,0.55,0.45,-0.050000000000000044,170.0,0.5,0.5,1.0,-0.335,-0.30000000000000004,1,0.0,-5.200000000000003,-4.8999999999999915,-2.3000000000000043,1.6000000000000014,0.5,0.09999999999999987,-0.34999999999999964,30.0,55.0,18.0,10.0,0.35750000000000004,0.5,1.0,2.0,-1.0,2.0,-1.0,1.0,-3.0
1136565,2018-04-10,2018,KKR,CSK,MA Chidambaram Stadium,0,-0.08257067317470002,-0.19999999999999996,0.0,-0.4164133738601824,0.375,-0.03142536475869806,-0.1579449961802903,0.55,0.45,-0.050000000000000044,170.0,0.5,0.5,1.0,0.19799999999999998,0.0,0,0.0,0.0,0.0,0.0,0.0,0.0,0.0,0.0,30.0,55.0,18.0,10.0,0.35750000000000004,0.5,0.0,0.0,0.0,0.0,0.0,0.0,0.0
1136566,2018-04-11,2018,RR,DC,Sawai Mansingh Stadium,1,0.09368612309788776,-0.2,0.0,0.4772727272727273,0.625,0.10565476190476192,0.09005681818181815,0.55,0.45,-0.050000000000000044,170.0,0.5,0.5,1.0,0.8400000000000001,-0.09999999999999998,2,0.0,3.0,4.200000000000003,8.899999999999999,-0.8999999999999986,0.40000000000000013,0.09999999999999987,0.2699999999999996,30.0,55.0,18.0,10.0,0.35750000000000004,0.5,1.0,0.0,1.0,2.0,0.0,1.0,-1.0
1136567,2018-04-12,2018,MI,SRH,Rajiv Gandhi International Stadium,0,0.03049482163406214,0.0,0.0,-0.020161290322580627,0.5,-0.026236559139784954,0.0662650602409639,0.55,0.45,-0.050000000000000044,170.0,0.5,0.5,1.0,-1.108,-0.20000000000000007,-1,0.0,-8.200000000000003,-9.099999999999994,-11.200000000000003,2.5,0.09999999999999987,0.0,-0.6199999999999992,30.0,55.0,18.0,10.0,0.35750000000000004,0.5,0.0,2.0,-2.0,0.0,-1.0,0.0,-2.0
1136568,2018-04-13,2018,PBKS,RCB,M.Chinnaswamy Stadium,0,-0.007500986971969992,0.39999999999999997,0.0,0.03225806451612906,0.6,0.015582655826558267,-0.019937808670203006,0.55,0.45,-0.050000000000000044,170.0,0.5,0.5,1.0,-0.47400000000000003,-0.09999999999999998,-3,-0.5,-4.100000000000001,-0.5,-0.7999999999999972,-1.2000000000000028,-0.19999999999999996,-0.19999999999999996,0.4299999999999997,30.0,55.0,18.0,10.0,0.35750000000000004,0.5,0.0,0.0,0.0,-1.0,0.0,0.0,1.0
1136569,2018-04-14,2018,MI,DC,Wankhede Stadium,0,0.15621966147482164,0.0,0.0,0.4867724867724868,0.55,0.10431372549019607,0.23139880952380953,0.55,0.45,-0.050000000000000044,170.0,0.5,0.5,1.0,0.06700000000000006,0.0,0,0.0,0.0,0.0,0.0,0.0,0.0,0.0,0.0,30.0,55.0,18.0,10.0,0.35750000000000004,0.5,0.0,0.0,0.0,0.0,0.0,0.0,0.0
1136570,2018-04-14,2018,KKR,SRH,Eden Gardens,0,-0.031282051282051304,-0.4,0.0,0.6440677966101694,0.6666666666666666,-0.020061728395061706,-0.07971014492753625,0.55,0.45,-0.050000000000000044,170.0,0.5,0.5,1.0,-0.671,-0.20000000000000007,-1,0.0,-8.200000000000003,-9.099999999999994,-11.200000000000003,2.5,0.09999999999999987,0.0,-0.6199999999999992,30.0,55.0,18.0,10.0,0.35750000000000004,0.5,0.0,2.0,-2.0,0.0,-1.0,0.0,-2.0
1136571,2018-04-15,2018,RR,RCB,M.Chinnaswamy Stadium,1,0.0426406926406927,0.0,0.0,0.023809523809523836,0.4375,0.07567771084337349,0.006036217303822922,0.55,0.45,-0.050000000000000044,170.0,0.5,0.5,1.0,-0.5940000000000001,-0.19999999999999996,-1,-0.5,-1.1000000000000014,3.700000000000003,8.100000000000001,-2.1000000000000014,0.20000000000000018,-0.10000000000000009,0.6999999999999993,30.0,55.0,18.0,10.0,0.35750000000000004,0.5,1.0,0.0,1.0,1.0,0.0,1.0,0.0
1136572,2018-04-15,2018,PBKS,CSK,Punjab Cricket Association IS Bindra Stadium,1,-0.14902255639097745,0.0,0.0,-0.19235588972431078,0.35294117647058826,-0.11507936507936511,-0.18697968697968698,0.55,0.45,-0.050000000000000044,170.0,0.5,0.5,1.0,0.6539999999999999,0.0,0,0.0,0.0,0.0,0.0,0.0,0.0,0.0,0.0,30.0,55.0,18.0,10.0,0.35750000000000004,0.5,0.0,0.0,0.0,0.0,0.0,0.0,0.0
1136573,2018-04-16,2018,KKR,DC,Eden Gardens,1,0.09655629139072847,0.0,0.0,0.49047619047619045,0.631578947368421,0.1165661785816825,0.08616071428571431,0.55,0.45,-0.050000000000000044,170.0,0.5,0.5,1.0,0.504,0.0,0,0.0,0.0,0.0,0.0,0.0,0.0,0.0,0.0,30.0,55.0,18.0,10.0,0.35750000000000004,0.5,0.0,0.0,0.0,0.0,0.0,0.0,0.0
1136574,2018-04-17,2018,MI,RCB,Wankhede Stadium,1,0.09778225806451613,0.0,0.0,0.24318181818181817,0.6190476190476191,0.07476190476190481,0.13040596520298264,0.55,0.45,-0.050000000000000044,170.0,0.5,0.5,1.0,-1.367,-0.09999999999999998,-3,-0.5,-4.100000000000001,-0.5,-0.7999999999999972,-1.2000000000000028,-0.19999999999999996,-0.19999999999999996,0.4299999999999997,30.0,55.0,18.0,10.0,0.35750000000000004,0.5,0.0,0.0,0.0,-1.0,0.0,0.0,1.0
1136575,2018-04-18,2018,RR,KKR,Sawai Mansingh Stadium,0,0.0009243149195302669,0.19999999999999996,0.0,0.4852941176470589,0.4666666666666667,-0.011188271604938294,0.016061279960464525,0.55,0.45,-0.050000000000000044,170.0,0.5,0.5,1.0,0.33599999999999997,-0.09999999999999998,2,0.0,3.0,4.200000000000003,8.899999999999999,-0.8999999999999986,0.40000000000000013,0.09999999999999987,0.2699999999999996,30.0,55.0,18.0,10.0,0.35750000000000004,0.5,1.0,0.0,1.0,2.0,0.0,1.0,-1.0
1136576,2018-04-19,2018,PBKS,SRH,Punjab Cricket Association IS Bindra Stadium,1,-0.09338586637605834,-0.20000000000000007,0.0,-0.5384615384615384,0.2,-0.10858585858585856,-0.0949367088607595,0.55,0.45,-0.04999999999999999,170.0,0.5,0.5,1.0,-0.21500000000000002,-0.20000000000000007,-1,0.0,-8.200000000000003,-9.099999999999994,-11.200000000000003,2.5,0.09999999999999987,0.0,-0.6199999999999992,30.0,55.0,18.0,10.0,0.35750000000000004,0.5,0.0,2.0,-2.0,0.0,-1.0,0.0,-2.0
1136577,2018-04-20,2018,CSK,RR,Maharashtra Cricket Association Stadium,1,0.08808416931734764,0.19999999999999996,0.0,0.10447761194029848,0.6470588235294118,0.03782894736842102,0.15338110165696373,0.55,0.45,-0.050000000000000044,170.0,0.5,0.5,1.0,-0.534,0.09999999999999998,-2,0.0,-3.0,-4.200000000000003,-8.899999999999999,0.8999999999999986,-0.40000000000000013,-0.09999999999999987,-0.2699999999999996,30.0,55.0,18.0,10.0,0.35750000000000004,0.5,0.0,1.0,-1.0,-2.0,0.0,-1.0,1.0
1136578,2018-04-21,2018,KKR,PBKS,Eden Gardens,0,0.055770553835569336,0.0,0.0,0.4171220400728598,0.6666666666666666,0.0819783197831978,0.010035211267605648,0.55,0.45,-0.050000000000000044,170.0,0.5,0.5,1.0,-0.45599999999999996,0.0,0,0.0,0.0,0.0,0.0,0.0,0.0,0.0,0.0,30.0,55.0,18.0,10.0,0.35750000000000004,0.5,0.0,0.0,0.0,0.0,0.0,0.0,0.0
1136579,2018-04-21,2018,DC,RCB,M.Chinnaswamy Stadium,0,-0.050730174902360314,-0.2,0.0,-0.09375,0.3157894736842105,-0.023123732251521256,-0.09441021126760563,0.55,0.45,-0.050000000000000044,170.0,0.5,0.5,1.0,-1.4340000000000002,-0.09999999999999998,-3,-0.5,-4.100000000000001,-0.5,-0.7999999999999972,-1.2000000000000028,-0.19999999999999996,-0.19999999999999996,0.4299999999999997,30.0,55.0,18.0,10.0,0.35750000000000004,0.5,0.0,0.0,0.0,-1.0,0.0,0.0,1.0
1136580,2018-04-22,2018,CSK,SRH,Rajiv Gandhi International Stadium,1,0.05740740740740735,0.0,0.0,0.01041666666666663,0.6666666666666666,0.01393188854489158,0.08974358974358976,0.55,0.45,-0.050000000000000044,170.0,0.5,0.5,1.0,-0.869,-0.20000000000000007,-1,0.0,-8.200000000000003,-9.099999999999994,-11.200000000000003,2.5,0.09999999999999987,0.0,-0.6199999999999992,30.0,55.0,18.0,10.0,0.35750000000000004,0.5,0.0,2.0,-2.0,0.0,-1.0,0.0,-2.0
1136581,2018-04-22,2018,MI,RR,Sawai Mansingh Stadium,0,0.059233449477351874,0.0,0.0,-0.3142857142857143,0.625,0.002051282051282022,0.12710505212510026,0.55,0.45,-0.04999999999999999,170.0,0.5,0.5,1.0,-0.7729999999999999,0.09999999999999998,-2,0.0,-3.0,-4.200000000000003,-8.899999999999999,0.8999999999999986,-0.40000000000000013,-0.09999999999999987,-0.2699999999999996,30.0,55.0,18.0,10.0,0.35750000000000004,0.5,0.0,1.0,-1.0,-2.0,0.0,-1.0,1.0
1136582,2018-04-23,2018,PBKS,DC,Arun Jaitley Stadium,1,0.05611455108359131,0.6000000000000001,0.0,0.05611455108359131,0.5714285714285714,0.051487954652810586,0.08942307692307688,0.55,0.45,-0.050000000000000044,170.0,0.5,0.5,1.0,0.96,0.0,0,0.0,0.0,0.0,0.0,0.0,0.0,0.0,0.0,30.0,55.0,18.0,10.0,0.35750000000000004,0.5,0.0,0.0,0.0,0.0,0.0,0.0,0.0
1136583,2018-04-24,2018,SRH,MI,Wankhede Stadium,1,-0.024691358024691357,0.39999999999999997,0.0,-0.625,0.5454545454545454,0.013333333333333308,-0.051724137931034475,0.55,0.45,-0.050000000000000044,170.0,0.5,0.5,1.0,1.108,0.20000000000000007,1,0.0,8.200000000000003,9.099999999999994,11.200000000000003,-2.5,-0.09999999999999987,0.0,0.6199999999999992,30.0,55.0,18.0,10.0,0.35750000000000004,0.5,2.0,0.0,2.0,0.0,1.0,0.0,2.0
1136584,2018-04-25,2018,RCB,CSK,M.Chinnaswamy Stadium,0,-0.13895653802922447,-0.4,0.0,-0.09450549450549445,0.3684210526315789,-0.11995104039167681,-0.17240149759315382,0.55,0.45,-0.050000000000000044,170.0,0.5,0.5,1.0,1.1280000000000001,0.09999999999999998,3,0.5,4.100000000000001,0.5,0.7999999999999972,1.2000000000000028,0.19999999999999996,0.19999999999999996,-0.4299999999999997,30.0,55.0,18.0,10.0,0.35750000000000004,0.5,0.0,0.0,0.0,1.0,0.0,0.0,-1.0
1136585,2018-04-26,2018,SRH,PBKS,Rajiv Gandhi International Stadium,1,0.07475451377890407,-0.20000000000000007,0.0,0.13636363636363635,0.7272727272727273,0.0657534246575342,0.09088521145258732,0.55,0.45,-0.050000000000000044,170.0,0.5,0.5,1.0,0.21500000000000002,0.20000000000000007,1,0.0,8.200000000000003,9.099999999999994,11.200000000000003,-2.5,-0.09999999999999987,0.0,0.6199999999999992,30.0,55.0,18.0,10.0,0.35750000000000004,0.5,2.0,0.0,2.0,0.0,1.0,0.0,2.0
1136586,2018-04-27,2018,DC,KKR,Arun Jaitley Stadium,1,-0.10771581359816651,-0.2,0.0,-0.5194805194805194,0.35,-0.1324833702882483,-0.09358974358974359,0.55,0.45,-0.050000000000000044,170.0,0.5,0.5,1.0,-0.504,0.0,0,0.0,0.0,0.0,0.0,0.0,0.0,0.0,0.0,30.0,55.0,18.0,10.0,0.35750000000000004,0.5,0.0,0.0,0.0,0.0,0.0,0.0,0.0
1136587,2018-04-28,2018,CSK,MI,Maharashtra Cricket Association Stadium,0,0.0487215082172765,0.6000000000000001,0.0,0.5,0.4782608695652174,0.05898366606170602,0.04321257092972497,0.55,0.45,-0.050000000000000044,170.0,0.5,0.5,1.0,0.239,0.0,0,0.0,0.0,0.0,0.0,0.0,0.0,0.0,0.0,30.0,55.0,18.0,10.0,0.35750000000000004,0.5,0.0,0.0,0.0,0.0,0.0,0.0,0.0
1136588,2018-04-29,2018,SRH,RR,Sawai Mansingh Stadium,1,0.038087835211815024,0.0,0.0,-0.7222222222222222,0.5,0.009090909090909038,0.08979885057471271,0.55,0.45,-0.04999999999999999,170.0,0.5,0.5,1.0,0.335,0.30000000000000004,-1,0.0,5.200000000000003,4.8999999999999915,2.3000000000000043,-1.6000000000000014,-0.5,-0.09999999999999987,0.34999999999999964,30.0,55.0,18.0,10.0,0.35750000000000004,0.5,2.0,1.0,1.0,-2.0,1.0,-1.0,3.0
1136589,2018-04-29,2018,RCB,KKR,M.Chinnaswamy Stadium,0,-0.04777460187831767,0.0,0.0,-0.07575757575757569,0.42857142857142855,-0.09078173157747271,0.0,0.55,0.45,-0.050000000000000044,170.0,0.5,0.5,1.0,0.93,0.09999999999999998,3,0.5,4.100000000000001,0.5,0.7999999999999972,1.2000000000000028,0.19999999999999996,0.19999999999999996,-0.4299999999999997,30.0,55.0,18.0,10.0,0.35750000000000004,0.5,0.0,0.0,0.0,1.0,0.0,0.0,-1.0
1136590,2018-04-30,2018,CSK,DC,Maharashtra Cricket Association Stadium,1,0.19311123658949747,0.19999999999999996,0.0,-0.5,0.6875,0.16065830721003138,0.2541666666666667,0.55,0.45,-0.050000000000000044,170.0,0.5,0.5,1.0,0.30600000000000005,0.0,0,0.0,0.0,0.0,0.0,0.0,0.0,0.0,0.0,30.0,55.0,18.0,10.0,0.35750000000000004,0.5,0.0,0.0,0.0,0.0,0.0,0.0,0.0
1136591,2018-05-01,2018,RCB,MI,M.Chinnaswamy Stadium,1,-0.10166436570026072,-0.2,0.0,-0.33731343283582094,0.36363636363636365,-0.07278767743884018,-0.14076523382144546,0.55,0.45,-0.050000000000000044,170.0,0.5,0.5,1.0,1.367,0.09999999999999998,3,0.5,4.100000000000001,0.5,0.7999999999999972,1.2000000000000028,0.19999999999999996,0.19999999999999996,-0.4299999999999997,30.0,55.0,18.0,10.0,0.35750000000000004,0.5,0.0,0.0,0.0,1.0,0.0,0.0,-1.0
1136592,2018-05-02,2018,DC,RR,Arun Jaitley Stadium,1,-0.0990967741935484,-0.2,0.0,-0.01200000000000001,0.35294117647058826,-0.11017943987925544,-0.09770114942528735,0.55,0.45,-0.050000000000000044,170.0,0.5,0.5,1.0,-0.8400000000000001,0.09999999999999998,-2,0.0,-3.0,-4.200000000000003,-8.899999999999999,0.8999999999999986,-0.40000000000000013,-0.09999999999999987,-0.2699999999999996,30.0,55.0,18.0,10.0,0.35750000000000004,0.5,0.0,1.0,-1.0,-2.0,0.0,-1.0,1.0
1136593,2018-05-03,2018,CSK,KKR,Eden Gardens,0,0.09228002213613717,0.20000000000000007,0.0,-0.1845878136200717,0.6470588235294118,0.03078817733990158,0.17592592592592587,0.55,0.45,-0.050000000000000044,170.0,0.5,0.5,1.0,-0.19799999999999998,0.0,0,0.0,0.0,0.0,0.0,0.0,0.0,0.0,0.0,30.0,55.0,18.0,10.0,0.35750000000000004,0.5,0.0,0.0,0.0,0.0,0.0,0.0,0.0
1136594,2018-05-04,2018,PBKS,MI,Holkar Cricket Stadium,0,-0.09266862170087975,0.4,0.0,-0.25,0.5,-0.0498960498960499,-0.1319710515112814,0.55,0.45,-0.050000000000000044,170.0,0.5,0.5,1.0,0.893,0.0,0,0.0,0.0,0.0,0.0,0.0,0.0,0.0,0.0,30.0,55.0,18.0,10.0,0.35750000000000004,0.5,0.0,0.0,0.0,0.0,0.0,0.0,0.0
1136595,2018-05-05,2018,RCB,CSK,Maharashtra Cricket Association Stadium,0,-0.1383928571428571,-0.19999999999999996,0.0,0.0,0.35,-0.12630312750601447,-0.16644693473961764,0.55,0.45,-0.050000000000000044,170.0,0.5,0.5,1.0,1.1280000000000001,0.09999999999999998,3,0.5,4.100000000000001,0.5,0.7999999999999972,1.2000000000000028,0.19999999999999996,0.19999999999999996,-0.4299999999999997,30.0,55.0,18.0,10.0,0.35750000000000004,0.5,0.0,0.0,0.0,1.0,0.0,0.0,-1.0
1136596,2018-05-05,2018,DC,SRH,Rajiv Gandhi International Stadium,0,-0.14285714285714285,-0.19999999999999996,0.0,0.019607843137254832,0.4,-0.12808988764044943,-0.187328662808407,0.55,0.45,-0.04999999999999999,170.0,0.5,0.5,1.0,-1.175,-0.20000000000000007,-1,0.0,-8.200000000000003,-9.099999999999994,-11.200000000000003,2.5,0.09999999999999987,0.0,-0.6199999999999992,30.0,55.0,18.0,10.0,0.35750000000000004,0.5,0.0,2.0,-2.0,0.0,-1.0,0.0,-2.0
1136597,2018-05-06,2018,MI,KKR,Wankhede Stadium,1,0.04397206661039066,-0.19999999999999996,0.0,0.4711779448621554,0.7619047619047619,-0.029486224869694766,0.1350574712643678,0.55,0.45,-0.050000000000000044,170.0,0.5,0.5,1.0,-0.43699999999999994,0.0,0,0.0,0.0,0.0,0.0,0.0,0.0,0.0,0.0,30.0,55.0,18.0,10.0,0.35750000000000004,0.5,0.0,0.0,0.0,0.0,0.0,0.0,0.0
1136598,2018-05-06,2018,RR,PBKS,Holkar Cricket Stadium,0,0.03998778998778996,-0.39999999999999997,0.0,-0.6,0.6,0.04650238473767887,0.01640033641715727,0.55,0.45,-0.050000000000000044,170.0,0.5,0.5,1.0,-0.12,-0.09999999999999998,2,0.0,3.0,4.200000000000003,8.899999999999999,-0.8999999999999986,0.40000000000000013,0.09999999999999987,0.2699999999999996,30.0,55.0,18.0,10.0,0.35750000000000004,0.5,1.0,0.0,1.0,2.0,0.0,1.0,-1.0
1136599,2018-05-07,2018,SRH,RCB,Rajiv Gandhi International Stadium,1,0.09886737303617099,0.4,0.0,0.40714285714285714,0.5,0.09948320413436695,0.11727891156462589,0.55,0.45,-0.050000000000000044,170.0,0.5,0.5,1.0,-0.259,0.10000000000000009,-2,-0.5,4.100000000000001,8.599999999999994,10.400000000000006,-3.700000000000003,-0.2999999999999998,-0.19999999999999996,1.049999999999999,30.0,55.0,18.0,10.0,0.35750000000000004,0.5,2.0,0.0,2.0,-1.0,1.0,0.0,3.0
1136600,2018-05-08,2018,RR,PBKS,Sawai Mansingh Stadium,1,0.03259942825618134,-0.39999999999999997,0.0,0.7027027027027027,0.5625,0.04019607843137252,0.00909466721785862,0.55,0.45,-0.04999999999999999,170.0,0.5,0.5,1.0,-0.12,-0.09999999999999998,2,0.0,3.0,4.200000000000003,8.899999999999999,-0.8999999999999986,0.40000000000000013,0.09999999999999987,0.2699999999999996,30.0,55.0,18.0,10.0,0.35750000000000004,0.5,1.0,0.0,1.0,2.0,0.0,1.0,-1.0
1136601,2018-05-09,2018,MI,KKR,Eden Gardens,1,0.04987493367694995,0.19999999999999996,0.0,0.18326118326118335,0.7727272727272727,-0.022372681778039416,0.14015151515151508,0.55,0.45,-0.050000000000000044,170.0,0.5,0.5,1.0,-0.43699999999999994,0.0,0,0.0,0.0,0.0,0.0,0.0,0.0,0.0,0.0,30.0,55.0,18.0,10.0,0.35750000000000004,0.5,0.0,0.0,0.0,0.0,0.0,0.0,0.0
1136602,2018-05-10,2018,DC,SRH,Arun Jaitley Stadium,0,-0.15575470300696193,-0.6,0.0,0.0968992248062015,0.36363636363636365,-0.1392009987515606,-0.20176470588235296,0.55,0.45,-0.04999999999999999,170.0,0.5,0.5,1.0,-1.175,-0.20000000000000007,-1,0.0,-8.200000000000003,-9.099999999999994,-11.200000000000003,2.5,0.09999999999999987,0.0,-0.6199999999999992,30.0,55.0,18.0,10.0,0.35750000000000004,0.5,0.0,2.0,-2.0,0.0,-1.0,0.0,-2.0
1136603,2018-05-11,2018,CSK,RR,Sawai Mansingh Stadium,0,0.10211657801418439,0.19999999999999996,0.0,-0.21052631578947367,0.6666666666666666,0.0705383848454636,0.1520325203252032,0.55,0.45,-0.04999999999999999,170.0,0.5,0.5,1.0,-0.534,0.09999999999999998,-2,0.0,-3.0,-4.200000000000003,-8.899999999999999,0.8999999999999986,-0.40000000000000013,-0.09999999999999987,-0.2699999999999996,30.0,55.0,18.0,10.0,0.35750000000000004,0.5,0.0,1.0,-1.0,-2.0,0.0,-1.0,1.0
1136605,2018-05-12,2018,DC,RCB,Arun Jaitley Stadium,0,-0.0515705578996718,0.2,0.0,0.037037037037037035,0.3,-0.03383701407723111,-0.08000000000000002,0.55,0.45,-0.050000000000000044,170.0,0.5,0.5,1.0,-1.4340000000000002,-0.09999999999999998,-3,-0.5,-4.100000000000001,-0.5,-0.7999999999999972,-1.2000000000000028,-0.19999999999999996,-0.19999999999999996,0.4299999999999997,30.0,55.0,18.0,10.0,0.35750000000000004,0.5,0.0,0.0,0.0,-1.0,0.0,0.0,1.0
1136604,2018-05-12,2018,KKR,PBKS,Holkar Cricket Stadium,1,0.047368840060504736,0.0,0.0,-0.15094339622641506,0.6363636363636364,0.07138535995160322,0.002032520325203291,0.55,0.45,-0.050000000000000044,170.0,0.5,0.5,1.0,-0.45599999999999996,0.0,0,0.0,0.0,0.0,0.0,0.0,0.0,0.0,0.0,30.0,55.0,18.0,10.0,0.35750000000000004,0.5,0.0,0.0,0.0,0.0,0.0,0.0,0.0
1136606,2018-05-13,2018,SRH,CSK,Maharashtra Cricket Association Stadium,0,-0.030921159138740495,0.6,0.0,-0.25,0.2857142857142857,-0.02244617498854784,-0.03831325301204813,0.55,0.45,-0.050000000000000044,170.0,0.5,0.5,1.0,0.869,0.20000000000000007,1,0.0,8.200000000000003,9.099999999999994,11.200000000000003,-2.5,-0.09999999999999987,0.0,0.6199999999999992,30.0,55.0,18.0,10.0,0.35750000000000004,0.5,2.0,0.0,2.0,0.0,1.0,0.0,2.0
1136607,2018-05-13,2018,MI,RR,Wankhede Stadium,0,0.05980066445182719,0.4,0.0,0.2873563218390805,0.5882352941176471,0.0025683360851219694,0.12846441947565546,0.55,0.45,-0.050000000000000044,170.0,0.5,0.5,1.0,-0.7729999999999999,0.09999999999999998,-2,0.0,-3.0,-4.200000000000003,-8.899999999999999,0.8999999999999986,-0.40000000000000013,-0.09999999999999987,-0.2699999999999996,30.0,55.0,18.0,10.0,0.35750000000000004,0.5,0.0,1.0,-1.0,-2.0,0.0,-1.0,1.0
1136608,2018-05-14,2018,PBKS,RCB,Holkar Cricket Stadium,0,-0.0008488636802098659,-0.2,0.0,0.5714285714285714,0.5714285714285714,0.008116883116883078,0.001300813008130064,0.55,0.45,-0.050000000000000044,170.0,0.5,0.5,1.0,-0.47400000000000003,-0.09999999999999998,-3,-0.5,-4.100000000000001,-0.5,-0.7999999999999972,-1.2000000000000028,-0.19999999999999996,-0.19999999999999996,0.4299999999999997,30.0,55.0,18.0,10.0,0.35750000000000004,0.5,0.0,0.0,0.0,-1.0,0.0,0.0,1.0
1136609,2018-05-15,2018,RR,KKR,Eden Gardens,0,-0.0033653846153847145,0.0,0.0,-0.45833333333333337,0.4375,-0.01198686371100166,0.00867579908675803,0.55,0.45,-0.050000000000000044,170.0,0.5,0.5,1.0,0.33599999999999997,-0.09999999999999998,2,0.0,3.0,4.200000000000003,8.899999999999999,-0.8999999999999986,0.40000000000000013,0.09999999999999987,0.2699999999999996,30.0,55.0,18.0,10.0,0.35750000000000004,0.5,1.0,0.0,1.0,2.0,0.0,1.0,-1.0
1136610,2018-05-16,2018,MI,PBKS,Wankhede Stadium,1,0.1055473372781065,0.39999999999999997,0.0,0.05461393596986819,0.5238095238095238,0.06279796153213879,0.14591700133868812,0.55,0.45,-0.050000000000000044,170.0,0.5,0.5,1.0,-0.893,0.0,0,0.0,0.0,0.0,0.0,0.0,0.0,0.0,0.0,30.0,55.0,18.0,10.0,0.35750000000000004,0.5,0.0,0.0,0.0,0.0,0.0,0.0,0.0
1136611,2018-05-17,2018,RCB,SRH,M.Chinnaswamy Stadium,1,-0.09866962305986704,-0.20000000000000007,0.0,0.13725490196078433,0.36363636363636365,-0.1047676890373519,-0.11607843137254903,0.55,0.45,-0.050000000000000044,170.0,0.5,0.5,1.0,0.259,-0.10000000000000009,2,0.5,-4.100000000000001,-8.599999999999994,-10.400000000000006,3.700000000000003,0.2999999999999998,0.19999999999999996,-1.049999999999999,30.0,55.0,18.0,10.0,0.35750000000000004,0.5,0.0,2.0,-2.0,1.0,-1.0,0.0,-3.0
1136612,2018-05-18,2018,DC,CSK,Arun Jaitley Stadium,1,-0.19958657694506754,-0.39999999999999997,0.0,-0.20839160839160842,0.29411764705882354,-0.17808988764044947,-0.2497418244406196,0.55,0.45,-0.050000000000000044,170.0,0.5,0.5,1.0,-0.30600000000000005,0.0,0,0.0,0.0,0.0,0.0,0.0,0.0,0.0,0.0,30.0,55.0,18.0,10.0,0.35750000000000004,0.5,0.0,0.0,0.0,0.0,0.0,0.0,0.0
1136613,2018-05-19,2018,RR,RCB,Sawai Mansingh Stadium,1,0.03872310895211656,0.0,0.0,0.11794871794871797,0.47058823529411764,0.06886035313001604,0.00517687661777394,0.55,0.45,-0.04999999999999999,170.0,0.5,0.5,1.0,-0.5940000000000001,-0.19999999999999996,-1,-0.5,-1.1000000000000014,3.700000000000003,8.100000000000001,-2.1000000000000014,0.20000000000000018,-0.10000000000000009,0.6999999999999993,30.0,55.0,18.0,10.0,0.35750000000000004,0.5,1.0,0.0,1.0,1.0,0.0,1.0,0.0
1136614,2018-05-19,2018,SRH,KKR,Rajiv Gandhi International Stadium,0,0.04005862237420621,0.0,0.0,0.0,0.38461538461538464,0.0029904306220095433,0.10475423045930704,0.55,0.45,-0.04999999999999999,170.0,0.5,0.5,1.0,0.671,0.20000000000000007,1,0.0,8.200000000000003,9.099999999999994,11.200000000000003,-2.5,-0.09999999999999987,0.0,0.6199999999999992,30.0,55.0,18.0,10.0,0.35750000000000004,0.5,2.0,0.0,2.0,0.0,1.0,0.0,2.0
1136615,2018-05-20,2018,DC,MI,Arun Jaitley Stadium,1,-0.15808823529411764,-0.4,0.0,-0.07058823529411762,0.47619047619047616,-0.11036836865310767,-0.22241139142547595,0.55,0.45,-0.04999999999999999,170.0,0.5,0.5,1.0,-0.06700000000000006,0.0,0,0.0,0.0,0.0,0.0,0.0,0.0,0.0,0.0,30.0,55.0,18.0,10.0,0.35750000000000004,0.5,0.0,0.0,0.0,0.0,0.0,0.0,0.0
1136616,2018-05-20,2018,PBKS,CSK,Maharashtra Cricket Association Stadium,0,-0.14453933747412007,-0.2,0.0,-0.8,0.3888888888888889,-0.12652374947456924,-0.1686746987951807,0.55,0.45,-0.050000000000000044,170.0,0.5,0.5,1.0,0.6539999999999999,0.0,0,0.0,0.0,0.0,0.0,0.0,0.0,0.0,0.0,30.0,55.0,18.0,10.0,0.35750000000000004,0.5,0.0,0.0,0.0,0.0,0.0,0.0,0.0
1136617,2018-05-22,2018,SRH,CSK,Wankhede Stadium,0,-0.05134099616858234,-0.19999999999999996,0.0,-0.20454545454545453,0.25,-0.03989813242784379,-0.059082483781278894,0.55,0.45,-0.050000000000000044,170.0,0.5,0.5,1.0,0.869,0.20000000000000007,1,0.0,8.200000000000003,9.099999999999994,11.200000000000003,-2.5,-0.09999999999999987,0.0,0.6199999999999992,30.0,55.0,18.0,10.0,0.35750000000000004,0.5,2.0,0.0,2.0,0.0,1.0,0.0,2.0
1136618,2018-05-23,2018,KKR,RR,Eden Gardens,1,0.009539842873176219,-0.20000000000000007,0.0,0.4879120879120879,0.47058823529411764,0.02102728731942216,-0.010826336721166618,0.55,0.45,-0.050000000000000044,170.0,0.5,0.5,1.0,-0.33599999999999997,0.09999999999999998,-2,0.0,-3.0,-4.200000000000003,-8.899999999999999,0.8999999999999986,-0.40000000000000013,-0.09999999999999987,-0.2699999999999996,30.0,55.0,18.0,10.0,0.35750000000000004,0.5,0.0,1.0,-1.0,-2.0,0.0,-1.0,1.0
1136619,2018-05-25,2018,SRH,KKR,Eden Gardens,1,0.02184318748735936,-0.6000000000000001,0.0,-0.4696969696969697,0.35714285714285715,-0.0014784151389710676,0.07700152983171848,0.55,0.45,-0.050000000000000044,170.0,0.5,0.5,1.0,0.671,0.20000000000000007,1,0.0,8.200000000000003,9.099999999999994,11.200000000000003,-2.5,-0.09999999999999987,0.0,0.6199999999999992,30.0,55.0,18.0,10.0,0.35750000000000004,0.5,2.0,0.0,2.0,0.0,1.0,0.0,2.0
1136620,2018-05-27,2018,SRH,CSK,Wankhede Stadium,0,-0.055241215008933864,-0.39999999999999997,0.0,-0.3,0.2222222222222222,-0.04553049289891398,-0.05979473449352968,0.55,0.45,-0.050000000000000044,170.0,0.5,0.5,1.0,0.869,0.20000000000000007,1,0.0,8.200000000000003,9.099999999999994,11.200000000000003,-2.5,-0.09999999999999987,0.0,0.6199999999999992,30.0,55.0,18.0,10.0,0.35750000000000004,0.5,2.0,0.0,2.0,0.0,1.0,0.0,2.0
1175356,2019-03-23,2019,RCB,CSK,MA Chidambaram Stadium,0,-0.14236537988689452,-0.20000000000000007,0.0,-0.45833333333333337,0.3333333333333333,-0.14513888888888893,-0.15726062143310082,0.55,0.45,-0.050000000000000044,170.0,0.5,0.5,1.0,1.1280000000000001,0.09999999999999998,3,0.5,4.100000000000001,0.5,0.7999999999999972,1.2000000000000028,0.19999999999999996,0.19999999999999996,-0.4299999999999997,30.0,55.0,18.0,10.0,0.35750000000000004,0.5,0.0,0.0,0.0,1.0,0.0,0.0,-1.0
1175357,2019-03-24,2019,SRH,KKR,Eden Gardens,0,0.02399685287175446,-0.6000000000000001,0.0,-0.3411513859275054,0.4,0.0052631578947368585,0.07665847665847658,0.55,0.45,-0.050000000000000044,170.0,0.5,0.5,1.0,0.671,0.20000000000000007,1,0.0,8.200000000000003,9.099999999999994,11.200000000000003,-2.5,-0.09999999999999987,0.0,0.6199999999999992,30.0,55.0,18.0,10.0,0.35750000000000004,0.5,2.0,0.0,2.0,0.0,1.0,0.0,2.0
1175358,2019-03-24,2019,DC,MI,Wankhede Stadium,1,-0.15110239366532274,-0.19999999999999996,0.0,-0.3666666666666667,0.5,-0.1030898876404494,-0.21321733821733824,0.55,0.45,-0.050000000000000044,170.0,0.5,0.5,1.0,-0.06700000000000006,0.0,0,0.0,0.0,0.0,0.0,0.0,0.0,0.0,0.0,30.0,55.0,18.0,10.0,0.35750000000000004,0.5,0.0,0.0,0.0,0.0,0.0,0.0,0.0
1175359,2019-03-25,2019,PBKS,RR,Sawai Mansingh Stadium,1,-0.05448807203193168,-0.6,0.0,-0.725,0.35294117647058826,-0.0646442759118816,-0.03072196620583717,0.55,0.45,-0.050000000000000044,170.0,0.5,0.5,1.0,0.12,0.09999999999999998,-2,0.0,-3.0,-4.200000000000003,-8.899999999999999,0.8999999999999986,-0.40000000000000013,-0.09999999999999987,-0.2699999999999996,30.0,55.0,18.0,10.0,0.35750000000000004,0.5,0.0,1.0,-1.0,-2.0,0.0,-1.0,1.0
1175360,2019-03-26,2019,DC,CSK,Arun Jaitley Stadium,0,-0.19511177844511185,-0.20000000000000007,0.0,0.5714285714285714,0.3333333333333333,-0.18962834917891097,-0.22214886945040435,0.55,0.45,-0.04999999999999999,170.0,0.5,0.5,1.0,-0.30600000000000005,0.0,0,0.0,0.0,0.0,0.0,0.0,0.0,0.0,0.0,30.0,55.0,18.0,10.0,0.35750000000000004,0.5,0.0,0.0,0.0,0.0,0.0,0.0,0.0
1175361,2019-03-27,2019,KKR,PBKS,Eden Gardens,1,0.06715002788622415,0.6000000000000001,0.0,0.3323529411764706,0.6521739130434783,0.09157509157509158,0.020667726550079535,0.55,0.45,-0.050000000000000044,170.0,0.5,0.5,1.0,-0.45599999999999996,0.0,0,0.0,0.0,0.0,0.0,0.0,0.0,0.0,0.0,30.0,55.0,18.0,10.0,0.35750000000000004,0.5,0.0,0.0,0.0,0.0,0.0,0.0,0.0
1175362,2019-03-28,2019,MI,RCB,M.Chinnaswamy Stadium,1,0.09688762010861995,-0.19999999999999996,0.0,0.2490118577075099,0.6086956521739131,0.05679012345679013,0.14485514485514484,0.55,0.45,-0.050000000000000044,170.0,0.5,0.5,1.0,-1.367,-0.09999999999999998,-3,-0.5,-4.100000000000001,-0.5,-0.7999999999999972,-1.2000000000000028,-0.19999999999999996,-0.19999999999999996,0.4299999999999997,30.0,55.0,18.0,10.0,0.35750000000000004,0.5,0.0,0.0,0.0,-1.0,0.0,0.0,1.0
1175363,2019-03-29,2019,RR,SRH,Rajiv Gandhi International Stadium,0,-0.03509050492219745,0.2,0.0,-0.24864864864864866,0.4444444444444444,-0.035818713450292416,-0.06451612903225806,0.55,0.45,-0.04999999999999999,170.0,0.5,0.5,1.0,-0.335,-0.30000000000000004,1,0.0,-5.200000000000003,-4.8999999999999915,-2.3000000000000043,1.6000000000000014,0.5,0.09999999999999987,-0.34999999999999964,30.0,55.0,18.0,10.0,0.35750000000000004,0.5,1.0,2.0,-1.0,2.0,-1.0,1.0,-3.0
1175364,2019-03-30,2019,MI,PBKS,Punjab Cricket Association IS Bindra Stadium,0,0.10915691526857468,0.2,0.0,0.5,0.5454545454545454,0.061572120643850536,0.15345268542199486,0.55,0.45,-0.050000000000000044,170.0,0.5,0.5,1.0,-0.893,0.0,0,0.0,0.0,0.0,0.0,0.0,0.0,0.0,0.0,30.0,55.0,18.0,10.0,0.35750000000000004,0.5,0.0,0.0,0.0,0.0,0.0,0.0,0.0
1175365,2019-03-30,2019,KKR,DC,Arun Jaitley Stadium,0,0.11294256781728146,0.20000000000000007,0.0,-0.5,0.6190476190476191,0.1324854920360538,0.08864864864864863,0.55,0.45,-0.050000000000000044,170.0,0.5,0.5,1.0,0.504,0.0,0,0.0,0.0,0.0,0.0,0.0,0.0,0.0,0.0,30.0,55.0,18.0,10.0,0.35750000000000004,0.5,0.0,0.0,0.0,0.0,0.0,0.0,0.0
1175366,2019-03-31,2019,SRH,RCB,Rajiv Gandhi International Stadium,1,0.08308270676691731,0.0,0.0,0.4356725146198831,0.5,0.10989010989010994,0.08441558441558439,0.55,0.45,-0.050000000000000044,170.0,0.5,0.5,1.0,-0.259,0.10000000000000009,-2,-0.5,4.100000000000001,8.599999999999994,10.400000000000006,-3.700000000000003,-0.2999999999999998,-0.19999999999999996,1.049999999999999,30.0,55.0,18.0,10.0,0.35750000000000004,0.5,2.0,0.0,2.0,-1.0,1.0,0.0,3.0
1175367,2019-03-31,2019,CSK,RR,MA Chidambaram Stadium,1,0.11374596072582654,0.8,0.0,0.5476190476190477,0.631578947368421,0.09722222222222221,0.14974182444061962,0.55,0.45,-0.050000000000000044,170.0,0.5,0.5,1.0,-0.534,0.09999999999999998,-2,0.0,-3.0,-4.200000000000003,-8.899999999999999,0.8999999999999986,-0.40000000000000013,-0.09999999999999987,-0.2699999999999996,30.0,55.0,18.0,10.0,0.35750000000000004,0.5,0.0,1.0,-1.0,-2.0,0.0,-1.0,1.0
1175368,2019-04-01,2019,PBKS,DC,Punjab Cricket Association IS Bindra Stadium,1,0.045971914264597236,-0.19999999999999996,0.0,0.5333333333333333,0.5909090909090909,0.04583333333333328,0.06041335453100155,0.55,0.45,-0.050000000000000044,170.0,0.5,0.5,1.0,0.96,0.0,0,0.0,0.0,0.0,0.0,0.0,0.0,0.0,0.0,30.0,55.0,18.0,10.0,0.35750000000000004,0.5,0.0,0.0,0.0,0.0,0.0,0.0,0.0
1175369,2019-04-02,2019,RCB,RR,Sawai Mansingh Stadium,0,-0.038461538461538436,0.0,0.0,-0.20731707317073167,0.4444444444444444,-0.06164383561643838,-0.012987012987012936,0.55,0.45,-0.050000000000000044,170.0,0.5,0.5,1.0,0.5940000000000001,0.19999999999999996,1,0.5,1.1000000000000014,-3.700000000000003,-8.100000000000001,2.1000000000000014,-0.20000000000000018,0.10000000000000009,-0.6999999999999993,30.0,55.0,18.0,10.0,0.35750000000000004,0.5,0.0,1.0,-1.0,-1.0,0.0,-1.0,0.0
1175370,2019-04-03,2019,MI,CSK,Wankhede Stadium,1,-0.056781609195402316,-0.6,0.0,0.0680958385876419,0.5416666666666666,-0.09876543209876543,-0.024193548387096864,0.55,0.45,-0.050000000000000044,170.0,0.5,0.5,1.0,-0.239,0.0,0,0.0,0.0,0.0,0.0,0.0,0.0,0.0,0.0,30.0,55.0,18.0,10.0,0.35750000000000004,0.5,0.0,0.0,0.0,0.0,0.0,0.0,0.0
1175371,2019-04-04,2019,DC,SRH,Arun Jaitley Stadium,0,-0.13996212121212126,-0.19999999999999996,0.0,-0.5555555555555556,0.3333333333333333,-0.15384615384615385,-0.15742057847321006,0.55,0.45,-0.050000000000000044,170.0,0.5,0.5,1.0,-1.175,-0.20000000000000007,-1,0.0,-8.200000000000003,-9.099999999999994,-11.200000000000003,2.5,0.09999999999999987,0.0,-0.6199999999999992,30.0,55.0,18.0,10.0,0.35750000000000004,0.5,0.0,2.0,-2.0,0.0,-1.0,0.0,-2.0
1175372,2019-04-05,2019,RCB,KKR,M.Chinnaswamy Stadium,0,-0.0681225783726665,-0.6,0.0,-0.11190476190476195,0.4090909090909091,-0.10439560439560436,-0.02395411605937925,0.55,0.45,-0.050000000000000044,170.0,0.5,0.5,1.0,0.93,0.09999999999999998,3,0.5,4.100000000000001,0.5,0.7999999999999972,1.2000000000000028,0.19999999999999996,0.19999999999999996,-0.4299999999999997,30.0,55.0,18.0,10.0,0.35750000000000004,0.5,0.0,0.0,0.0,1.0,0.0,0.0,-1.0
1178393,2019-04-06,2019,CSK,PBKS,MA Chidambaram Stadium,1,0.1520386180483524,0.20000000000000007,0.0,0.52,0.5789473684210527,0.14421641791044781,0.16472868217054265,0.55,0.45,-0.04999999999999999,170.0,0.5,0.5,1.0,-0.6539999999999999,0.0,0,0.0,0.0,0.0,0.0,0.0,0.0,0.0,0.0,30.0,55.0,18.0,10.0,0.35750000000000004,0.5,0.0,0.0,0.0,0.0,0.0,0.0,0.0
1178394,2019-04-06,2019,MI,SRH,Rajiv Gandhi International Stadium,1,0.009013254786450653,-0.19999999999999996,0.0,-0.11111111111111105,0.4166666666666667,-0.0570987654320988,0.055057857409481104,0.55,0.45,-0.050000000000000044,170.0,0.5,0.5,1.0,-1.108,-0.20000000000000007,-1,0.0,-8.200000000000003,-9.099999999999994,-11.200000000000003,2.5,0.09999999999999987,0.0,-0.6199999999999992,30.0,55.0,18.0,10.0,0.35750000000000004,0.5,0.0,2.0,-2.0,0.0,-1.0,0.0,-2.0
1178396,2019-04-07,2019,RR,KKR,Sawai Mansingh Stadium,0,-0.026112269725408366,-0.39999999999999997,0.0,0.3142857142857143,0.3888888888888889,-0.04112808460634554,-0.005639097744360944,0.55,0.45,-0.050000000000000044,170.0,0.5,0.5,1.0,0.33599999999999997,-0.09999999999999998,2,0.0,3.0,4.200000000000003,8.899999999999999,-0.8999999999999986,0.40000000000000013,0.09999999999999987,0.2699999999999996,30.0,55.0,18.0,10.0,0.35750000000000004,0.5,1.0,0.0,1.0,2.0,0.0,1.0,-1.0
1178395,2019-04-07,2019,RCB,DC,M.Chinnaswamy Stadium,0,0.0465017966603255,-0.2,0.0,0.13145539906103287,0.6190476190476191,0.038461538461538436,0.05839662447257382,0.55,0.45,-0.050000000000000044,170.0,0.5,0.5,1.0,1.4340000000000002,0.09999999999999998,3,0.5,4.100000000000001,0.5,0.7999999999999972,1.2000000000000028,0.19999999999999996,0.19999999999999996,-0.4299999999999997,30.0,55.0,18.0,10.0,0.35750000000000004,0.5,0.0,0.0,0.0,1.0,0.0,0.0,-1.0
1178397,2019-04-08,2019,SRH,PBKS,Punjab Cricket Association IS Bindra Stadium,0,0.08994256385188798,0.0,0.0,0.10416666666666663,0.75,0.10358325805480273,0.09016727866177071,0.55,0.45,-0.050000000000000044,170.0,0.5,0.5,1.0,0.21500000000000002,0.20000000000000007,1,0.0,8.200000000000003,9.099999999999994,11.200000000000003,-2.5,-0.09999999999999987,0.0,0.6199999999999992,30.0,55.0,18.0,10.0,0.35750000000000004,0.5,2.0,0.0,2.0,0.0,1.0,0.0,2.0
1178398,2019-04-09,2019,KKR,CSK,MA Chidambaram Stadium,0,-0.08587667393335408,0.0,0.0,-0.47549019607843135,0.3888888888888889,-0.043813192103996146,-0.1540247678018576,0.55,0.45,-0.050000000000000044,170.0,0.5,0.5,1.0,0.19799999999999998,0.0,0,0.0,0.0,0.0,0.0,0.0,0.0,0.0,0.0,30.0,55.0,18.0,10.0,0.35750000000000004,0.5,0.0,0.0,0.0,0.0,0.0,0.0,0.0
1178399,2019-04-10,2019,PBKS,MI,Wankhede Stadium,0,-0.10389610389610393,0.0,0.0,-0.11290322580645162,0.4782608695652174,-0.05570611261668168,-0.14981640146878822,0.55,0.45,-0.050000000000000044,170.0,0.5,0.5,1.0,0.893,0.0,0,0.0,0.0,0.0,0.0,0.0,0.0,0.0,0.0,30.0,55.0,18.0,10.0,0.35750000000000004,0.5,0.0,0.0,0.0,0.0,0.0,0.0,0.0
1178400,2019-04-11,2019,RR,CSK,Sawai Mansingh Stadium,0,-0.12091503267973858,-0.6000000000000001,0.0,0.29767441860465116,0.35,-0.09419713831478538,-0.16636029411764708,0.55,0.45,-0.050000000000000044,170.0,0.5,0.5,1.0,0.534,-0.09999999999999998,2,0.0,3.0,4.200000000000003,8.899999999999999,-0.8999999999999986,0.40000000000000013,0.09999999999999987,0.2699999999999996,30.0,55.0,18.0,10.0,0.35750000000000004,0.5,1.0,0.0,1.0,2.0,0.0,1.0,-1.0
1178401,2019-04-12,2019,KKR,DC,Eden Gardens,0,0.1162381120112716,0.39999999999999997,0.0,0.5126811594202898,0.5909090909090909,0.14551192145862551,0.08190476190476187,0.55,0.45,-0.050000000000000044,170.0,0.5,0.5,1.0,0.504,0.0,0,0.0,0.0,0.0,0.0,0.0,0.0,0.0,0.0,30.0,55.0,18.0,10.0,0.35750000000000004,0.5,0.0,0.0,0.0,0.0,0.0,0.0,0.0
1178402,2019-04-13,2019,MI,RR,Wankhede Stadium,0,0.07421859122871188,0.6000000000000001,0.0,0.19047619047619052,0.5555555555555556,0.005603164139749484,0.15303643724696353,0.55,0.45,-0.050000000000000044,170.0,0.5,0.5,1.0,-0.7729999999999999,0.09999999999999998,-2,0.0,-3.0,-4.200000000000003,-8.899999999999999,0.8999999999999986,-0.40000000000000013,-0.09999999999999987,-0.2699999999999996,30.0,55.0,18.0,10.0,0.35750000000000004,0.5,0.0,1.0,-1.0,-2.0,0.0,-1.0,1.0
1178403,2019-04-13,2019,PBKS,RCB,Punjab Cricket Association IS Bindra Stadium,0,0.008050089445438335,0.6,0.0,-0.4117647058823529,0.5454545454545454,0.012195121951219523,0.013793103448275834,0.55,0.45,-0.050000000000000044,170.0,0.5,0.5,1.0,-0.47400000000000003,-0.09999999999999998,-3,-0.5,-4.100000000000001,-0.5,-0.7999999999999972,-1.2000000000000028,-0.19999999999999996,-0.19999999999999996,0.4299999999999997,30.0,55.0,18.0,10.0,0.35750000000000004,0.5,0.0,0.0,0.0,-1.0,0.0,0.0,1.0
1178404,2019-04-14,2019,KKR,CSK,Eden Gardens,0,-0.09706083390293918,-0.4,0.0,0.22857142857142854,0.3684210526315789,-0.053763440860215006,-0.165158371040724,0.55,0.45,-0.050000000000000044,170.0,0.5,0.5,1.0,0.19799999999999998,0.0,0,0.0,0.0,0.0,0.0,0.0,0.0,0.0,0.0,30.0,55.0,18.0,10.0,0.35750000000000004,0.5,0.0,0.0,0.0,0.0,0.0,0.0,0.0
1178405,2019-04-14,2019,DC,SRH,Rajiv Gandhi International Stadium,1,-0.12878787878787873,-0.19999999999999996,0.0,-0.07857142857142863,0.3076923076923077,-0.1366378179910831,-0.15333333333333332,0.55,0.45,-0.050000000000000044,170.0,0.5,0.5,1.0,-1.175,-0.20000000000000007,-1,0.0,-8.200000000000003,-9.099999999999994,-11.200000000000003,2.5,0.09999999999999987,0.0,-0.6199999999999992,30.0,55.0,18.0,10.0,0.35750000000000004,0.5,0.0,2.0,-2.0,0.0,-1.0,0.0,-2.0
1178406,2019-04-15,2019,RCB,MI,Wankhede Stadium,0,-0.11076833149314808,-0.39999999999999997,0.0,-0.2760416666666667,0.375,-0.06779438762129553,-0.16249999999999998,0.55,0.45,-0.050000000000000044,170.0,0.5,0.5,1.0,1.367,0.09999999999999998,3,0.5,4.100000000000001,0.5,0.7999999999999972,1.2000000000000028,0.19999999999999996,0.19999999999999996,-0.4299999999999997,30.0,55.0,18.0,10.0,0.35750000000000004,0.5,0.0,0.0,0.0,1.0,0.0,0.0,-1.0
1178407,2019-04-16,2019,PBKS,RR,Punjab Cricket Association IS Bindra Stadium,1,-0.041176470588235314,0.0,0.0,0.05555555555555558,0.3888888888888889,-0.06113821138211384,-0.0062937062937062915,0.55,0.45,-0.050000000000000044,170.0,0.5,0.5,1.0,0.12,0.09999999999999998,-2,0.0,-3.0,-4.200000000000003,-8.899999999999999,0.8999999999999986,-0.40000000000000013,-0.09999999999999987,-0.2699999999999996,30.0,55.0,18.0,10.0,0.35750000000000004,0.5,0.0,1.0,-1.0,-2.0,0.0,-1.0,1.0
1178408,2019-04-17,2019,CSK,SRH,Rajiv Gandhi International Stadium,0,0.08580645161290323,0.4,0.0,0.11585365853658536,0.8,0.07619047619047614,0.08823529411764708,0.55,0.45,-0.04999999999999999,170.0,0.5,0.5,1.0,-0.869,-0.20000000000000007,-1,0.0,-8.200000000000003,-9.099999999999994,-11.200000000000003,2.5,0.09999999999999987,0.0,-0.6199999999999992,30.0,55.0,18.0,10.0,0.35750000000000004,0.5,0.0,2.0,-2.0,0.0,-1.0,0.0,-2.0
1178409,2019-04-18,2019,MI,DC,Arun Jaitley Stadium,1,0.14971405903937057,0.20000000000000007,0.0,-0.4,0.4782608695652174,0.10519497344215567,0.20723684210526316,0.55,0.45,-0.04999999999999999,170.0,0.5,0.5,1.0,0.06700000000000006,0.0,0,0.0,0.0,0.0,0.0,0.0,0.0,0.0,0.0,30.0,55.0,18.0,10.0,0.35750000000000004,0.5,0.0,0.0,0.0,0.0,0.0,0.0,0.0
1178410,2019-04-19,2019,RCB,KKR,Eden Gardens,1,-0.06923282544774129,-0.2,0.0,-0.28638497652582157,0.391304347826087,-0.10752688172043012,-0.02265979059228007,0.55,0.45,-0.050000000000000044,170.0,0.5,0.5,1.0,0.93,0.09999999999999998,3,0.5,4.100000000000001,0.5,0.7999999999999972,1.2000000000000028,0.19999999999999996,0.19999999999999996,-0.4299999999999997,30.0,55.0,18.0,10.0,0.35750000000000004,0.5,0.0,0.0,0.0,1.0,0.0,0.0,-1.0
1178411,2019-04-20,2019,MI,RR,Sawai Mansingh Stadium,0,0.07576832151300233,0.4,0.0,-0.34848484848484845,0.5263157894736842,0.012523779327837659,0.1516256938937351,0.55,0.45,-0.050000000000000044,170.0,0.5,0.5,1.0,-0.7729999999999999,0.09999999999999998,-2,0.0,-3.0,-4.200000000000003,-8.899999999999999,0.8999999999999986,-0.40000000000000013,-0.09999999999999987,-0.2699999999999996,30.0,55.0,18.0,10.0,0.35750000000000004,0.5,0.0,1.0,-1.0,-2.0,0.0,-1.0,1.0
1178412,2019-04-20,2019,PBKS,DC,Arun Jaitley Stadium,0,0.0443412452700378,-0.19999999999999996,0.0,0.6363636363636364,0.6086956521739131,0.04411001556824079,0.060467179183914865,0.55,0.45,-0.050000000000000044,170.0,0.5,0.5,1.0,0.96,0.0,0,0.0,0.0,0.0,0.0,0.0,0.0,0.0,0.0,30.0,55.0,18.0,10.0,0.35750000000000004,0.5,0.0,0.0,0.0,0.0,0.0,0.0,0.0
1178413,2019-04-21,2019,KKR,SRH,Rajiv Gandhi International Stadium,0,-0.024323241572712262,-0.2,0.0,0.0714285714285714,0.625,0.0017318159327066596,-0.08227848101265822,0.55,0.45,-0.050000000000000044,170.0,0.5,0.5,1.0,-0.671,-0.20000000000000007,-1,0.0,-8.200000000000003,-9.099999999999994,-11.200000000000003,2.5,0.09999999999999987,0.0,-0.6199999999999992,30.0,55.0,18.0,10.0,0.35750000000000004,0.5,0.0,2.0,-2.0,0.0,-1.0,0.0,-2.0
1178414,2019-04-21,2019,RCB,CSK,M.Chinnaswamy Stadium,1,-0.16465201465201468,-0.4,0.0,-0.16666666666666669,0.3181818181818182,-0.16605222734254987,-0.1789563244469654,0.55,0.45,-0.050000000000000044,170.0,0.5,0.5,1.0,1.1280000000000001,0.09999999999999998,3,0.5,4.100000000000001,0.5,0.7999999999999972,1.2000000000000028,0.19999999999999996,0.19999999999999996,-0.4299999999999997,30.0,55.0,18.0,10.0,0.35750000000000004,0.5,0.0,0.0,0.0,1.0,0.0,0.0,-1.0
1178415,2019-04-22,2019,RR,DC,Sawai Mansingh Stadium,0,0.07894736842105265,-0.4,0.0,0.4888888888888889,0.6111111111111112,0.09774436090225563,0.06012145748987857,0.55,0.45,-0.050000000000000044,170.0,0.5,0.5,1.0,0.8400000000000001,-0.09999999999999998,2,0.0,3.0,4.200000000000003,8.899999999999999,-0.8999999999999986,0.40000000000000013,0.09999999999999987,0.2699999999999996,30.0,55.0,18.0,10.0,0.35750000000000004,0.5,1.0,0.0,1.0,2.0,0.0,1.0,-1.0
1178416,2019-04-23,2019,SRH,CSK,MA Chidambaram Stadium,0,-0.06881478706132127,-0.19999999999999996,0.0,-0.7307692307692307,0.2727272727272727,-0.04833546734955185,-0.08139534883720934,0.55,0.45,-0.050000000000000044,170.0,0.5,0.5,1.0,0.869,0.20000000000000007,1,0.0,8.200000000000003,9.099999999999994,11.200000000000003,-2.5,-0.09999999999999987,0.0,0.6199999999999992,30.0,55.0,18.0,10.0,0.35750000000000004,0.5,2.0,0.0,2.0,0.0,1.0,0.0,2.0
1178417,2019-04-24,2019,RCB,PBKS,M.Chinnaswamy Stadium,1,0.000924947145877375,0.19999999999999996,0.0,0.01120797011207969,0.4782608695652174,-0.006818777865198022,-0.0014725568942436373,0.55,0.45,-0.050000000000000044,170.0,0.5,0.5,1.0,0.47400000000000003,0.09999999999999998,3,0.5,4.100000000000001,0.5,0.7999999999999972,1.2000000000000028,0.19999999999999996,0.19999999999999996,-0.4299999999999997,30.0,55.0,18.0,10.0,0.35750000000000004,0.5,0.0,0.0,0.0,1.0,0.0,0.0,-1.0
1178418,2019-04-25,2019,KKR,RR,Eden Gardens,0,0.02073788280684835,-0.4,0.0,0.48611111111111116,0.5263157894736842,0.0349544072948329,0.0034090909090908617,0.55,0.45,-0.050000000000000044,170.0,0.5,0.5,1.0,-0.33599999999999997,0.09999999999999998,-2,0.0,-3.0,-4.200000000000003,-8.899999999999999,0.8999999999999986,-0.40000000000000013,-0.09999999999999987,-0.2699999999999996,30.0,55.0,18.0,10.0,0.35750000000000004,0.5,0.0,1.0,-1.0,-2.0,0.0,-1.0,1.0
1178419,2019-04-26,2019,MI,CSK,MA Chidambaram Stadium,1,-0.051192391076299026,0.0,0.0,-0.23584905660377353,0.56,-0.08835341365461846,-0.02017085904129101,0.55,0.45,-0.050000000000000044,170.0,0.5,0.5,1.0,-0.239,0.0,0,0.0,0.0,0.0,0.0,0.0,0.0,0.0,0.0,30.0,55.0,18.0,10.0,0.35750000000000004,0.5,0.0,0.0,0.0,0.0,0.0,0.0,0.0
1178420,2019-04-27,2019,SRH,RR,Sawai Mansingh Stadium,0,0.043689320388349495,-0.19999999999999996,0.0,-0.17391304347826086,0.6,0.036713286713286775,0.08243451463790447,0.55,0.45,-0.050000000000000044,170.0,0.5,0.5,1.0,0.335,0.30000000000000004,-1,0.0,5.200000000000003,4.8999999999999915,2.3000000000000043,-1.6000000000000014,-0.5,-0.09999999999999987,0.34999999999999964,30.0,55.0,18.0,10.0,0.35750000000000004,0.5,2.0,1.0,1.0,-2.0,1.0,-1.0,3.0
1178421,2019-04-28,2019,DC,RCB,Arun Jaitley Stadium,1,-0.03885823150702933,0.0,0.0,-0.5833333333333333,0.3181818181818182,-0.026209677419354815,-0.06140350877192985,0.55,0.45,-0.04999999999999999,170.0,0.5,0.5,1.0,-1.4340000000000002,-0.09999999999999998,-3,-0.5,-4.100000000000001,-0.5,-0.7999999999999972,-1.2000000000000028,-0.19999999999999996,-0.19999999999999996,0.4299999999999997,30.0,55.0,18.0,10.0,0.35750000000000004,0.5,0.0,0.0,0.0,-1.0,0.0,0.0,1.0
1178422,2019-04-28,2019,KKR,MI,Eden Gardens,1,-0.05714285714285716,-0.6,0.0,-0.23059360730593614,0.21739130434782608,0.02806972571135613,-0.15824915824915825,0.55,0.45,-0.050000000000000044,170.0,0.5,0.5,1.0,0.43699999999999994,0.0,0,0.0,0.0,0.0,0.0,0.0,0.0,0.0,0.0,30.0,55.0,18.0,10.0,0.35750000000000004,0.5,0.0,0.0,0.0,0.0,0.0,0.0,0.0
1178423,2019-04-29,2019,SRH,PBKS,Rajiv Gandhi International Stadium,1,0.0818141396176078,0.2,0.0,0.20671834625323005,0.6923076923076923,0.10761226725082151,0.07222222222222224,0.55,0.45,-0.050000000000000044,170.0,0.5,0.5,1.0,0.21500000000000002,0.20000000000000007,1,0.0,8.200000000000003,9.099999999999994,11.200000000000003,-2.5,-0.09999999999999987,0.0,0.6199999999999992,30.0,55.0,18.0,10.0,0.35750000000000004,0.5,2.0,0.0,2.0,0.0,1.0,0.0,2.0
1178424,2019-04-30,2019,RCB,RR,M.Chinnaswamy Stadium,0,-0.04277411855869817,0.0,0.0,-0.09845559845559843,0.42105263157894735,-0.08227848101265822,0.007575757575757569,0.55,0.45,-0.050000000000000044,170.0,0.5,0.5,1.0,0.5940000000000001,0.19999999999999996,1,0.5,1.1000000000000014,-3.700000000000003,-8.100000000000001,2.1000000000000014,-0.20000000000000018,0.10000000000000009,-0.6999999999999993,30.0,55.0,18.0,10.0,0.35750000000000004,0.5,0.0,1.0,-1.0,-1.0,0.0,-1.0,0.0
1178425,2019-05-01,2019,CSK,DC,MA Chidambaram Stadium,1,0.1886065365179772,-0.4,0.0,0.4365079365079365,0.6842105263157895,0.17836757990867574,0.2177589852008457,0.55,0.45,-0.050000000000000044,170.0,0.5,0.5,1.0,0.30600000000000005,0.0,0,0.0,0.0,0.0,0.0,0.0,0.0,0.0,0.0,30.0,55.0,18.0,10.0,0.35750000000000004,0.5,0.0,0.0,0.0,0.0,0.0,0.0,0.0
1178426,2019-05-02,2019,MI,SRH,Wankhede Stadium,0,0.025448868071818898,0.0,0.0,0.4487179487179488,0.46153846153846156,-0.04220779220779225,0.07385328696804105,0.55,0.45,-0.04999999999999999,170.0,0.5,0.5,1.0,-1.108,-0.20000000000000007,-1,0.0,-8.200000000000003,-9.099999999999994,-11.200000000000003,2.5,0.09999999999999987,0.0,-0.6199999999999992,30.0,55.0,18.0,10.0,0.35750000000000004,0.5,0.0,2.0,-2.0,0.0,-1.0,0.0,-2.0
1178427,2019-05-03,2019,PBKS,KKR,Punjab Cricket Association IS Bindra Stadium,0,-0.06302246603970746,0.0,0.0,0.07894736842105265,0.3333333333333333,-0.1063829787234043,-0.0035230352303523005,0.55,0.45,-0.050000000000000044,170.0,0.5,0.5,1.0,0.45599999999999996,0.0,0,0.0,0.0,0.0,0.0,0.0,0.0,0.0,0.0,30.0,55.0,18.0,10.0,0.35750000000000004,0.5,0.0,0.0,0.0,0.0,0.0,0.0,0.0
1178428,2019-05-04,2019,RR,DC,Arun Jaitley Stadium,0,0.07471264367816094,0.0,0.0,-0.46153846153846156,0.5789473684210527,0.10077319587628863,0.04545454545454547,0.55,0.45,-0.04999999999999999,170.0,0.5,0.5,1.0,0.8400000000000001,-0.09999999999999998,2,0.0,3.0,4.200000000000003,8.899999999999999,-0.8999999999999986,0.40000000000000013,0.09999999999999987,0.2699999999999996,30.0,55.0,18.0,10.0,0.35750000000000004,0.5,1.0,0.0,1.0,2.0,0.0,1.0,-1.0
1178429,2019-05-04,2019,SRH,RCB,M.Chinnaswamy Stadium,0,0.07963529039738587,-0.19999999999999996,0.0,-0.18095238095238098,0.5384615384615384,0.09999999999999998,0.08003857280617166,0.55,0.45,-0.050000000000000044,170.0,0.5,0.5,1.0,-0.259,0.10000000000000009,-2,-0.5,4.100000000000001,8.599999999999994,10.400000000000006,-3.700000000000003,-0.2999999999999998,-0.19999999999999996,1.049999999999999,30.0,55.0,18.0,10.0,0.35750000000000004,0.5,2.0,0.0,2.0,-1.0,1.0,0.0,3.0
1178431,2019-05-05,2019,KKR,MI,Wankhede Stadium,0,-0.04544338000491277,0.0,0.0,-0.4810606060606061,0.25,0.0390977443609023,-0.14536585365853666,0.55,0.45,-0.050000000000000044,170.0,0.5,0.5,1.0,0.43699999999999994,0.0,0,0.0,0.0,0.0,0.0,0.0,0.0,0.0,0.0,30.0,55.0,18.0,10.0,0.35750000000000004,0.5,0.0,0.0,0.0,0.0,0.0,0.0,0.0
1178430,2019-05-05,2019,CSK,PBKS,Punjab Cricket Association IS Bindra Stadium,0,0.16732142857142862,0.2,0.0,-0.55,0.6,0.15753424657534243,0.1796134899583175,0.55,0.45,-0.050000000000000044,170.0,0.5,0.5,1.0,-0.6539999999999999,0.0,0,0.0,0.0,0.0,0.0,0.0,0.0,0.0,0.0,30.0,55.0,18.0,10.0,0.35750000000000004,0.5,0.0,0.0,0.0,0.0,0.0,0.0,0.0
1181764,2019-05-07,2019,CSK,MI,MA Chidambaram Stadium,0,0.04733926473056915,0.0,0.0,0.1558441558441559,0.4230769230769231,0.08106365834004836,0.019545454545454533,0.55,0.45,-0.04999999999999999,170.0,0.5,0.5,1.0,0.239,0.0,0,0.0,0.0,0.0,0.0,0.0,0.0,0.0,0.0,30.0,55.0,18.0,10.0,0.35750000000000004,0.5,0.0,0.0,0.0,0.0,0.0,0.0,0.0
1181766,2019-05-08,2019,SRH,DC,Dr. Y.S. Rajasekhara Reddy ACA-VDCA Cricket Stadium,0,0.10413885180240318,-0.6000000000000001,0.0,0.26666666666666666,0.6428571428571429,0.12040816326530612,0.12023460410557185,0.55,0.45,-0.050000000000000044,170.0,0.5,0.5,1.0,1.175,0.20000000000000007,1,0.0,8.200000000000003,9.099999999999994,11.200000000000003,-2.5,-0.09999999999999987,0.0,0.6199999999999992,30.0,55.0,18.0,10.0,0.35750000000000004,0.5,2.0,0.0,2.0,0.0,1.0,0.0,2.0
1181767,2019-05-10,2019,DC,CSK,Dr. Y.S. Rajasekhara Reddy ACA-VDCA Cricket Stadium,0,-0.17929292929292934,0.4,0.0,-0.5,0.3,-0.17268576172685757,-0.20939734422880485,0.55,0.45,-0.050000000000000044,170.0,0.5,0.5,1.0,-0.30600000000000005,0.0,0,0.0,0.0,0.0,0.0,0.0,0.0,0.0,0.0,30.0,55.0,18.0,10.0,0.35750000000000004,0.5,0.0,0.0,0.0,0.0,0.0,0.0,0.0
1181768,2019-05-12,2019,MI,CSK,Rajiv Gandhi International Stadium,1,-0.043604459397057815,0.19999999999999996,0.0,0.0,0.5925925925925926,-0.08076681332495284,-0.013033707865168442,0.55,0.45,-0.04999999999999999,170.0,0.5,0.5,1.0,-0.239,0.0,0,0.0,0.0,0.0,0.0,0.0,0.0,0.0,0.0,30.0,55.0,18.0,10.0,0.35750000000000004,0.5,0.0,0.0,0.0,0.0,0.0,0.0,0.0
1216492,2020-09-19,2020/21,MI,CSK,Sheikh Zayed Stadium,0,-0.037563584191991684,0.19999999999999996,0.0,-0.5,0.6071428571428571,-0.07193798449612399,-0.008677272221604193,0.55,0.45,-0.050000000000000044,170.0,0.5,0.5,1.0,-0.239,0.0,0,0.0,0.0,0.0,0.0,0.0,0.0,0.0,0.0,30.0,55.0,18.0,10.0,0.35750000000000004,0.5,0.0,0.0,0.0,0.0,0.0,0.0,0.0
1216493,2020-09-20,2020/21,DC,PBKS,Dubai International Cricket Stadium,0,-0.025166923472008218,0.39999999999999997,0.0,-0.5,0.4166666666666667,-0.021033868092691588,-0.047619047619047616,0.55,0.45,-0.050000000000000044,170.0,0.5,0.5,1.0,-0.96,0.0,0,0.0,0.0,0.0,0.0,0.0,0.0,0.0,0.0,30.0,55.0,18.0,10.0,0.35750000000000004,0.5,0.0,0.0,0.0,0.0,0.0,0.0,0.0
1216534,2020-09-21,2020/21,RCB,SRH,Dubai International Cricket Stadium,1,-0.06666666666666665,0.39999999999999997,0.0,-0.5,0.42857142857142855,-0.09473684210526312,-0.06442577030812324,0.55,0.45,-0.050000000000000044,170.0,0.5,0.5,1.0,0.259,-0.10000000000000009,2,0.5,-4.100000000000001,-8.599999999999994,-10.400000000000006,3.700000000000003,0.2999999999999998,0.19999999999999996,-1.049999999999999,30.0,55.0,18.0,10.0,0.35750000000000004,0.5,0.0,2.0,-2.0,1.0,-1.0,0.0,-3.0
1216496,2020-09-22,2020/21,RR,CSK,Sharjah Cricket Stadium,1,-0.11552257266542976,0.0,0.0,-1.0,0.3333333333333333,-0.08289473684210535,-0.17004863323830283,0.55,0.45,-0.050000000000000044,170.0,0.5,0.5,1.0,0.534,-0.09999999999999998,2,0.0,3.0,4.200000000000003,8.899999999999999,-0.8999999999999986,0.40000000000000013,0.09999999999999987,0.2699999999999996,30.0,55.0,18.0,10.0,0.35750000000000004,0.5,1.0,0.0,1.0,2.0,0.0,1.0,-1.0
1216508,2020-09-23,2020/21,MI,KKR,Sheikh Zayed Stadium,1,0.05229500358594308,0.19999999999999996,0.0,-0.3333333333333333,0.76,-0.02913096695226436,0.14918497519489726,0.55,0.45,-0.050000000000000044,170.0,0.5,0.5,1.0,-0.43699999999999994,0.0,0,0.0,0.0,0.0,0.0,0.0,0.0,0.0,0.0,30.0,55.0,18.0,10.0,0.35750000000000004,0.5,0.0,0.0,0.0,0.0,0.0,0.0,0.0
1216510,2020-09-24,2020/21,PBKS,RCB,Dubai International Cricket Stadium,1,-0.012110996660111728,-0.39999999999999997,0.0,-0.16666666666666663,0.5,-0.0052631578947368585,-0.012011244569384127,0.55,0.45,-0.050000000000000044,170.0,0.5,0.5,1.0,-0.47400000000000003,-0.09999999999999998,-3,-0.5,-4.100000000000001,-0.5,-0.7999999999999972,-1.2000000000000028,-0.19999999999999996,-0.19999999999999996,0.4299999999999997,30.0,55.0,18.0,10.0,0.35750000000000004,0.5,0.0,0.0,0.0,-1.0,0.0,0.0,1.0
1216539,2020-09-25,2020/21,DC,CSK,Dubai International Cricket Stadium,1,-0.1814674428049276,0.0,0.0,-0.6666666666666667,0.2857142857142857,-0.16450216450216448,-0.21860332811833305,0.55,0.45,-0.050000000000000044,170.0,0.5,0.5,1.0,-0.30600000000000005,0.0,0,0.0,0.0,0.0,0.0,0.0,0.0,0.0,0.0,30.0,55.0,18.0,10.0,0.35750000000000004,0.5,0.0,0.0,0.0,0.0,0.0,0.0,0.0
1216545,2020-09-26,2020/21,SRH,KKR,Sheikh Zayed Stadium,0,0.008969299369586348,-0.2,0.0,-0.25,0.4117647058823529,-0.017210144927536142,0.06655192197360871,0.55,0.45,-0.04999999999999999,170.0,0.5,0.5,1.0,0.671,0.20000000000000007,1,0.0,8.200000000000003,9.099999999999994,11.200000000000003,-2.5,-0.09999999999999987,0.0,0.6199999999999992,30.0,55.0,18.0,10.0,0.35750000000000004,0.5,2.0,0.0,2.0,0.0,1.0,0.0,2.0
1216527,2020-09-27,2020/21,PBKS,RR,Sharjah Cricket Stadium,0,-0.0449438202247191,-0.19999999999999996,0.0,0.5,0.42105263157894735,-0.07499999999999996,0.001278772378516646,0.55,0.45,-0.050000000000000044,170.0,0.5,0.5,1.0,0.12,0.09999999999999998,-2,0.0,-3.0,-4.200000000000003,-8.899999999999999,0.8999999999999986,-0.40000000000000013,-0.09999999999999987,-0.2699999999999996,30.0,55.0,18.0,10.0,0.35750000000000004,0.5,0.0,1.0,-1.0,-2.0,0.0,-1.0,1.0
1216547,2020-09-28,2020/21,RCB,MI,Dubai International Cricket Stadium,0,-0.10989010989010983,-0.4,0.0,0.5,0.36,-0.08139534883720934,-0.1445021449537141,0.55,0.45,-0.050000000000000044,170.0,0.5,0.5,1.0,1.367,0.09999999999999998,3,0.5,4.100000000000001,0.5,0.7999999999999972,1.2000000000000028,0.19999999999999996,0.19999999999999996,-0.4299999999999997,30.0,55.0,18.0,10.0,0.35750000000000004,0.5,0.0,0.0,0.0,1.0,0.0,0.0,-1.0
1216532,2020-09-29,2020/21,SRH,DC,Sheikh Zayed Stadium,1,0.08801422041645507,-0.6,0.0,0.0,0.6,0.10210803689064563,0.10625000000000001,0.55,0.45,-0.050000000000000044,170.0,0.5,0.5,1.0,1.175,0.20000000000000007,1,0.0,8.200000000000003,9.099999999999994,11.200000000000003,-2.5,-0.09999999999999987,0.0,0.6199999999999992,30.0,55.0,18.0,10.0,0.35750000000000004,0.5,2.0,0.0,2.0,0.0,1.0,0.0,2.0
1216504,2020-09-30,2020/21,KKR,RR,Dubai International Cricket Stadium,1,0.01331096196868009,0.0,0.0,0.0,0.5,0.028000509100165383,-0.002126151665485465,0.55,0.45,-0.050000000000000044,170.0,0.5,0.5,1.0,-0.33599999999999997,0.09999999999999998,-2,0.0,-3.0,-4.200000000000003,-8.899999999999999,0.8999999999999986,-0.40000000000000013,-0.09999999999999987,-0.2699999999999996,30.0,55.0,18.0,10.0,0.35750000000000004,0.5,0.0,1.0,-1.0,-2.0,0.0,-1.0,1.0
1216503,2020-10-01,2020/21,MI,PBKS,Sheikh Zayed Stadium,1,0.11590708615113199,0.19999999999999996,0.0,-0.6666666666666667,0.5416666666666666,0.07471264367816088,0.1545046455788704,0.55,0.45,-0.050000000000000044,170.0,0.5,0.5,1.0,-0.893,0.0,0,0.0,0.0,0.0,0.0,0.0,0.0,0.0,0.0,30.0,55.0,18.0,10.0,0.35750000000000004,0.5,0.0,0.0,0.0,0.0,0.0,0.0,0.0
1216516,2020-10-02,2020/21,SRH,CSK,Dubai International Cricket Stadium,1,-0.08226789663915413,-0.2,0.0,0.0,0.25,-0.05406911928651059,-0.09611063094209155,0.55,0.45,-0.04999999999999999,170.0,0.5,0.5,1.0,0.869,0.20000000000000007,1,0.0,8.200000000000003,9.099999999999994,11.200000000000003,-2.5,-0.09999999999999987,0.0,0.6199999999999992,30.0,55.0,18.0,10.0,0.35750000000000004,0.5,2.0,0.0,2.0,0.0,1.0,0.0,2.0
1216515,2020-10-03,2020/21,DC,KKR,Sharjah Cricket Stadium,1,-0.09155923879680788,-0.19999999999999996,0.0,-0.5,0.391304347826087,-0.12824742268041234,-0.054166666666666696,0.55,0.45,-0.050000000000000044,170.0,0.5,0.5,1.0,-0.504,0.0,0,0.0,0.0,0.0,0.0,0.0,0.0,0.0,0.0,30.0,55.0,18.0,10.0,0.35750000000000004,0.5,0.0,0.0,0.0,0.0,0.0,0.0,0.0
1216514,2020-10-03,2020/21,RR,RCB,Sheikh Zayed Stadium,0,0.04098360655737704,0.0,0.0,0.6666666666666666,0.5,0.07317073170731703,-0.0020283975659229347,0.55,0.45,-0.04999999999999999,170.0,0.5,0.5,1.0,-0.5940000000000001,-0.19999999999999996,-1,-0.5,-1.1000000000000014,3.700000000000003,8.100000000000001,-2.1000000000000014,0.20000000000000018,-0.10000000000000009,0.6999999999999993,30.0,55.0,18.0,10.0,0.35750000000000004,0.5,1.0,0.0,1.0,1.0,0.0,1.0,0.0
1216538,2020-10-04,2020/21,MI,SRH,Sharjah Cricket Stadium,1,0.043894913986537,0.19999999999999996,0.0,0.0,0.42857142857142855,-0.012243878060969604,0.08245920745920743,0.55,0.45,-0.04999999999999999,170.0,0.5,0.5,1.0,-1.108,-0.20000000000000007,-1,0.0,-8.200000000000003,-9.099999999999994,-11.200000000000003,2.5,0.09999999999999987,0.0,-0.6199999999999992,30.0,55.0,18.0,10.0,0.35750000000000004,0.5,0.0,2.0,-2.0,0.0,-1.0,0.0,-2.0
1216513,2020-10-04,2020/21,PBKS,CSK,Dubai International Cricket Stadium,0,-0.15119047619047615,0.2,0.0,0.16666666666666663,0.38095238095238093,-0.13865851884184494,-0.16443155732753406,0.55,0.45,-0.04999999999999999,170.0,0.5,0.5,1.0,0.6539999999999999,0.0,0,0.0,0.0,0.0,0.0,0.0,0.0,0.0,0.0,30.0,55.0,18.0,10.0,0.35750000000000004,0.5,0.0,0.0,0.0,0.0,0.0,0.0,0.0
1216519,2020-10-05,2020/21,DC,RCB,Dubai International Cricket Stadium,1,-0.031017295219793406,-0.19999999999999996,0.0,0.09999999999999998,0.34782608695652173,-0.02515463917525773,-0.043422733077905507,0.55,0.45,-0.050000000000000044,170.0,0.5,0.5,1.0,-1.4340000000000002,-0.09999999999999998,-3,-0.5,-4.100000000000001,-0.5,-0.7999999999999972,-1.2000000000000028,-0.19999999999999996,-0.19999999999999996,0.4299999999999997,30.0,55.0,18.0,10.0,0.35750000000000004,0.5,0.0,0.0,0.0,-1.0,0.0,0.0,1.0
1216511,2020-10-06,2020/21,MI,RR,Sheikh Zayed Stadium,1,0.07622792494481234,0.19999999999999996,0.0,0.0,0.5,0.0015419119708438567,0.165631469979296,0.55,0.45,-0.04999999999999999,170.0,0.5,0.5,1.0,-0.7729999999999999,0.09999999999999998,-2,0.0,-3.0,-4.200000000000003,-8.899999999999999,0.8999999999999986,-0.40000000000000013,-0.09999999999999987,-0.2699999999999996,30.0,55.0,18.0,10.0,0.35750000000000004,0.5,0.0,1.0,-1.0,-2.0,0.0,-1.0,1.0
1216501,2020-10-07,2020/21,KKR,CSK,Sheikh Zayed Stadium,1,-0.0870667793744716,0.0,0.0,-0.2666666666666666,0.35,-0.03545918367346934,-0.1563670411985018,0.55,0.45,-0.04999999999999999,170.0,0.5,0.5,1.0,0.19799999999999998,0.0,0,0.0,0.0,0.0,0.0,0.0,0.0,0.0,0.0,30.0,55.0,18.0,10.0,0.35750000000000004,0.5,0.0,0.0,0.0,0.0,0.0,0.0,0.0
1216542,2020-10-08,2020/21,SRH,PBKS,Dubai International Cricket Stadium,1,0.07461008165061361,0.2,0.0,0.25,0.7142857142857143,0.08021521154316463,0.08059316569954872,0.55,0.45,-0.04999999999999999,170.0,0.5,0.5,1.0,0.21500000000000002,0.20000000000000007,1,0.0,8.200000000000003,9.099999999999994,11.200000000000003,-2.5,-0.09999999999999987,0.0,0.6199999999999992,30.0,55.0,18.0,10.0,0.35750000000000004,0.5,2.0,0.0,2.0,0.0,1.0,0.0,2.0
1216500,2020-10-09,2020/21,DC,RR,Sharjah Cricket Stadium,1,-0.05935511856564485,0.19999999999999996,0.0,0.0,0.45,-0.08626506024096392,-0.027748320961470507,0.55,0.45,-0.050000000000000044,170.0,0.5,0.5,1.0,-0.8400000000000001,0.09999999999999998,-2,0.0,-3.0,-4.200000000000003,-8.899999999999999,0.8999999999999986,-0.40000000000000013,-0.09999999999999987,-0.2699999999999996,30.0,55.0,18.0,10.0,0.35750000000000004,0.5,0.0,1.0,-1.0,-2.0,0.0,-1.0,1.0
1216525,2020-10-10,2020/21,RCB,CSK,Dubai International Cricket Stadium,1,-0.1405405405405405,0.2,0.0,-0.26666666666666666,0.34782608695652173,-0.12962962962962965,-0.15924060441689264,0.55,0.45,-0.04999999999999999,170.0,0.5,0.5,1.0,1.1280000000000001,0.09999999999999998,3,0.5,4.100000000000001,0.5,0.7999999999999972,1.2000000000000028,0.19999999999999996,0.19999999999999996,-0.4299999999999997,30.0,55.0,18.0,10.0,0.35750000000000004,0.5,0.0,0.0,0.0,1.0,0.0,0.0,-1.0
1216523,2020-10-10,2020/21,KKR,PBKS,Sheikh Zayed Stadium,1,0.07407073800516428,0.39999999999999997,0.0,-0.16666666666666663,0.68,0.11340445269016697,0.019274092615769733,0.55,0.45,-0.04999999999999999,170.0,0.5,0.5,1.0,-0.45599999999999996,0.0,0,0.0,0.0,0.0,0.0,0.0,0.0,0.0,0.0,30.0,55.0,18.0,10.0,0.35750000000000004,0.5,0.0,0.0,0.0,0.0,0.0,0.0,0.0
1216507,2020-10-11,2020/21,SRH,RR,Dubai International Cricket Stadium,0,0.03611971104231165,0.39999999999999997,0.0,0.8,0.5454545454545454,0.014944275582573496,0.08674021198356041,0.55,0.45,-0.04999999999999999,170.0,0.5,0.5,1.0,0.335,0.30000000000000004,-1,0.0,5.200000000000003,4.8999999999999915,2.3000000000000043,-1.6000000000000014,-0.5,-0.09999999999999987,0.34999999999999964,30.0,55.0,18.0,10.0,0.35750000000000004,0.5,2.0,1.0,1.0,-2.0,1.0,-1.0,3.0
1216529,2020-10-11,2020/21,DC,MI,Sheikh Zayed Stadium,0,-0.13797106373340134,0.0,0.0,-0.6,0.5,-0.0947126436781609,-0.18992952943850872,0.55,0.45,-0.04999999999999999,170.0,0.5,0.5,1.0,-0.06700000000000006,0.0,0,0.0,0.0,0.0,0.0,0.0,0.0,0.0,0.0,30.0,55.0,18.0,10.0,0.35750000000000004,0.5,0.0,0.0,0.0,0.0,0.0,0.0,0.0
1216540,2020-10-12,2020/21,RCB,KKR,Sharjah Cricket Stadium,1,-0.059373539036933154,-0.4,0.0,0.0,0.4166666666666667,-0.10204081632653061,-0.009778012684989401,0.55,0.45,-0.04999999999999999,170.0,0.5,0.5,1.0,0.93,0.09999999999999998,3,0.5,4.100000000000001,0.5,0.7999999999999972,1.2000000000000028,0.19999999999999996,0.19999999999999996,-0.4299999999999997,30.0,55.0,18.0,10.0,0.35750000000000004,0.5,0.0,0.0,0.0,1.0,0.0,0.0,-1.0
1216528,2020-10-13,2020/21,CSK,SRH,Dubai International Cricket Stadium,1,0.07475209763539281,-0.39999999999999997,0.0,-0.16666666666666663,0.6923076923076923,0.04748313440581209,0.08773959021810968,0.55,0.45,-0.04999999999999999,170.0,0.5,0.5,1.0,-0.869,-0.20000000000000007,-1,0.0,-8.200000000000003,-9.099999999999994,-11.200000000000003,2.5,0.09999999999999987,0.0,-0.6199999999999992,30.0,55.0,18.0,10.0,0.35750000000000004,0.5,0.0,2.0,-2.0,0.0,-1.0,0.0,-2.0
1216543,2020-10-14,2020/21,DC,RR,Dubai International Cricket Stadium,1,-0.05872388481084134,0.39999999999999997,0.0,0.26666666666666666,0.47619047619047616,-0.08470588235294119,-0.024844720496894457,0.55,0.45,-0.04999999999999999,170.0,0.5,0.5,1.0,-0.8400000000000001,0.09999999999999998,-2,0.0,-3.0,-4.200000000000003,-8.899999999999999,0.8999999999999986,-0.40000000000000013,-0.09999999999999987,-0.2699999999999996,30.0,55.0,18.0,10.0,0.35750000000000004,0.5,0.0,1.0,-1.0,-2.0,0.0,-1.0,1.0
1216531,2020-10-15,2020/21,RCB,PBKS,Sharjah Cricket Stadium,0,0.02261769089155785,0.6,0.0,0.0,0.48,0.01685393258426965,0.022710972985895306,0.55,0.45,-0.04999999999999999,170.0,0.5,0.5,1.0,0.47400000000000003,0.09999999999999998,3,0.5,4.100000000000001,0.5,0.7999999999999972,1.2000000000000028,0.19999999999999996,0.19999999999999996,-0.4299999999999997,30.0,55.0,18.0,10.0,0.35750000000000004,0.5,0.0,0.0,0.0,1.0,0.0,0.0,-1.0
1216526,2020-10-16,2020/21,KKR,MI,Sheikh Zayed Stadium,0,-0.05840066870994698,-0.20000000000000007,0.0,-0.09523809523809523,0.23076923076923078,0.016414141414141326,-0.14523913997367266,0.55,0.45,-0.04999999999999999,170.0,0.5,0.5,1.0,0.43699999999999994,0.0,0,0.0,0.0,0.0,0.0,0.0,0.0,0.0,0.0,30.0,55.0,18.0,10.0,0.35750000000000004,0.5,0.0,0.0,0.0,0.0,0.0,0.0,0.0
1216522,2020-10-17,2020/21,RR,RCB,Dubai International Cricket Stadium,0,0.02755662319835278,-0.39999999999999997,0.0,-0.17857142857142855,0.47619047619047616,0.05813953488372092,-0.016425120772946833,0.55,0.45,-0.04999999999999999,170.0,0.5,0.5,1.0,-0.5940000000000001,-0.19999999999999996,-1,-0.5,-1.1000000000000014,3.700000000000003,8.100000000000001,-2.1000000000000014,0.20000000000000018,-0.10000000000000009,0.6999999999999993,30.0,55.0,18.0,10.0,0.35750000000000004,0.5,1.0,0.0,1.0,1.0,0.0,1.0,0.0
1216509,2020-10-17,2020/21,CSK,DC,Sharjah Cricket Stadium,0,0.16099937146448767,-0.4,0.0,-0.25,0.6818181818181818,0.14195121951219514,0.18954248366013066,0.55,0.45,-0.04999999999999999,170.0,0.5,0.5,1.0,0.30600000000000005,0.0,0,0.0,0.0,0.0,0.0,0.0,0.0,0.0,0.0,30.0,55.0,18.0,10.0,0.35750000000000004,0.5,0.0,0.0,0.0,0.0,0.0,0.0,0.0
1216512,2020-10-18,2020/21,KKR,SRH,Sheikh Zayed Stadium,0,-0.0011123470522803602,0.0,0.0,0.16666666666666669,0.6111111111111112,0.03345959595959591,-0.06000676132521976,0.55,0.45,-0.050000000000000044,170.0,0.5,0.5,1.0,-0.671,-0.20000000000000007,-1,0.0,-8.200000000000003,-9.099999999999994,-11.200000000000003,2.5,0.09999999999999987,0.0,-0.6199999999999992,30.0,55.0,18.0,10.0,0.35750000000000004,0.5,0.0,2.0,-2.0,0.0,-1.0,0.0,-2.0
1216517,2020-10-18,2020/21,MI,PBKS,Dubai International Cricket Stadium,0,0.13383500557413608,0.8,0.0,-0.4,0.56,0.09538077403245943,0.1712163789642714,0.55,0.45,-0.04999999999999999,170.0,0.5,0.5,1.0,-0.893,0.0,0,0.0,0.0,0.0,0.0,0.0,0.0,0.0,0.0,30.0,55.0,18.0,10.0,0.35750000000000004,0.5,0.0,0.0,0.0,0.0,0.0,0.0,0.0
1216533,2020-10-19,2020/21,CSK,RR,Sheikh Zayed Stadium,0,0.10819623536386541,0.2,0.0,0.09999999999999998,0.6363636363636364,0.0638116846284742,0.17142857142857137,0.55,0.45,-0.04999999999999999,170.0,0.5,0.5,1.0,-0.534,0.09999999999999998,-2,0.0,-3.0,-4.200000000000003,-8.899999999999999,0.8999999999999986,-0.40000000000000013,-0.09999999999999987,-0.2699999999999996,30.0,55.0,18.0,10.0,0.35750000000000004,0.5,0.0,1.0,-1.0,-2.0,0.0,-1.0,1.0
1216546,2020-10-20,2020/21,DC,PBKS,Dubai International Cricket Stadium,0,-0.00238302818947983,0.6000000000000001,0.0,0.3333333333333333,0.4,0.0016320313350016158,-0.016020025031289076,0.55,0.45,-0.04999999999999999,170.0,0.5,0.5,1.0,-0.96,0.0,0,0.0,0.0,0.0,0.0,0.0,0.0,0.0,0.0,30.0,55.0,18.0,10.0,0.35750000000000004,0.5,0.0,0.0,0.0,0.0,0.0,0.0,0.0
1216494,2020-10-21,2020/21,KKR,RCB,Sheikh Zayed Stadium,0,0.04776051834875372,-0.19999999999999996,0.0,-0.05555555555555558,0.56,0.09090909090909083,-0.0017676767676767513,0.55,0.45,-0.04999999999999999,170.0,0.5,0.5,1.0,-0.93,-0.09999999999999998,-3,-0.5,-4.100000000000001,-0.5,-0.7999999999999972,-1.2000000000000028,-0.19999999999999996,-0.19999999999999996,0.4299999999999997,30.0,55.0,18.0,10.0,0.35750000000000004,0.5,0.0,0.0,0.0,-1.0,0.0,0.0,1.0
1216518,2020-10-22,2020/21,RR,SRH,Dubai International Cricket Stadium,0,-0.022374652947901308,0.2,0.0,-0.3714285714285714,0.5,0.012197982641332428,-0.0852941176470588,0.55,0.45,-0.050000000000000044,170.0,0.5,0.5,1.0,-0.335,-0.30000000000000004,1,0.0,-5.200000000000003,-4.8999999999999915,-2.3000000000000043,1.6000000000000014,0.5,0.09999999999999987,-0.34999999999999964,30.0,55.0,18.0,10.0,0.35750000000000004,0.5,1.0,2.0,-1.0,2.0,-1.0,1.0,-3.0
1216521,2020-10-23,2020/21,CSK,MI,Sharjah Cricket Stadium,0,0.015423410743607757,-0.6000000000000001,0.0,-0.16666666666666669,0.41379310344827586,0.03768155659084682,-0.004876066639577403,0.55,0.45,-0.050000000000000044,170.0,0.5,0.5,1.0,0.239,0.0,0,0.0,0.0,0.0,0.0,0.0,0.0,0.0,0.0,30.0,55.0,18.0,10.0,0.35750000000000004,0.5,0.0,0.0,0.0,0.0,0.0,0.0,0.0
1216497,2020-10-24,2020/21,KKR,DC,Sheikh Zayed Stadium,1,0.07213562407554897,-0.39999999999999997,0.0,0.4,0.5416666666666666,0.11081108110811078,0.03200940684609355,0.55,0.45,-0.050000000000000044,170.0,0.5,0.5,1.0,0.504,0.0,0,0.0,0.0,0.0,0.0,0.0,0.0,0.0,0.0,30.0,55.0,18.0,10.0,0.35750000000000004,0.5,0.0,0.0,0.0,0.0,0.0,0.0,0.0
1216498,2020-10-24,2020/21,PBKS,SRH,Dubai International Cricket Stadium,1,-0.0707125934025879,0.0,0.0,-0.19642857142857145,0.26666666666666666,-0.07086956521739135,-0.08103879849812268,0.55,0.45,-0.050000000000000044,170.0,0.5,0.5,1.0,-0.21500000000000002,-0.20000000000000007,-1,0.0,-8.200000000000003,-9.099999999999994,-11.200000000000003,2.5,0.09999999999999987,0.0,-0.6199999999999992,30.0,55.0,18.0,10.0,0.35750000000000004,0.5,0.0,2.0,-2.0,0.0,-1.0,0.0,-2.0
1216544,2020-10-25,2020/21,RCB,CSK,Dubai International Cricket Stadium,0,-0.12015037593984956,0.6000000000000001,0.0,-0.0714285714285714,0.375,-0.11195121951219511,-0.13691756272401429,0.55,0.45,-0.04999999999999999,170.0,0.5,0.5,1.0,1.1280000000000001,0.09999999999999998,3,0.5,4.100000000000001,0.5,0.7999999999999972,1.2000000000000028,0.19999999999999996,0.19999999999999996,-0.4299999999999997,30.0,55.0,18.0,10.0,0.35750000000000004,0.5,0.0,0.0,0.0,1.0,0.0,0.0,-1.0
1216541,2020-10-25,2020/21,MI,RR,Sheikh Zayed Stadium,0,0.09133843089378652,0.4,0.0,0.2142857142857143,0.5238095238095238,0.025670498084291227,0.17572726076082662,0.55,0.45,-0.04999999999999999,170.0,0.5,0.5,1.0,-0.7729999999999999,0.09999999999999998,-2,0.0,-3.0,-4.200000000000003,-8.899999999999999,0.8999999999999986,-0.40000000000000013,-0.09999999999999987,-0.2699999999999996,30.0,55.0,18.0,10.0,0.35750000000000004,0.5,0.0,1.0,-1.0,-2.0,0.0,-1.0,1.0
1216520,2020-10-26,2020/21,KKR,PBKS,Sharjah Cricket Stadium,0,0.06402965226494639,-0.39999999999999997,0.0,-0.4166666666666667,0.6923076923076923,0.10682916117698721,0.011695906432748537,0.55,0.45,-0.050000000000000044,170.0,0.5,0.5,1.0,-0.45599999999999996,0.0,0,0.0,0.0,0.0,0.0,0.0,0.0,0.0,0.0,30.0,55.0,18.0,10.0,0.35750000000000004,0.5,0.0,0.0,0.0,0.0,0.0,0.0,0.0
1216524,2020-10-27,2020/21,SRH,DC,Dubai International Cricket Stadium,1,0.07643482925084921,-0.2,0.0,-0.015873015873015817,0.625,0.06862745098039219,0.10157318741450067,0.55,0.45,-0.050000000000000044,170.0,0.5,0.5,1.0,1.175,0.20000000000000007,1,0.0,8.200000000000003,9.099999999999994,11.200000000000003,-2.5,-0.09999999999999987,0.0,0.6199999999999992,30.0,55.0,18.0,10.0,0.35750000000000004,0.5,2.0,0.0,2.0,0.0,1.0,0.0,2.0
1216499,2020-10-28,2020/21,RCB,MI,Sheikh Zayed Stadium,0,-0.10978898937014125,0.0,0.0,0.04166666666666663,0.34615384615384615,-0.0788888888888889,-0.14723239723239717,0.55,0.45,-0.050000000000000044,170.0,0.5,0.5,1.0,1.367,0.09999999999999998,3,0.5,4.100000000000001,0.5,0.7999999999999972,1.2000000000000028,0.19999999999999996,0.19999999999999996,-0.4299999999999997,30.0,55.0,18.0,10.0,0.35750000000000004,0.5,0.0,0.0,0.0,1.0,0.0,0.0,-1.0
1216536,2020-10-29,2020/21,KKR,CSK,Dubai International Cricket Stadium,0,-0.08038277511961722,-0.2,0.0,-0.125,0.38095238095238093,-0.03054642813678965,-0.1415573673638189,0.55,0.45,-0.050000000000000044,170.0,0.5,0.5,1.0,0.19799999999999998,0.0,0,0.0,0.0,0.0,0.0,0.0,0.0,0.0,0.0,30.0,55.0,18.0,10.0,0.35750000000000004,0.5,0.0,0.0,0.0,0.0,0.0,0.0,0.0
1216537,2020-10-30,2020/21,PBKS,RR,Sheikh Zayed Stadium,0,-0.03843837816138096,0.4,0.0,-0.0714285714285714,0.4,-0.07355816226783973,0.016160118606375118,0.55,0.45,-0.050000000000000044,170.0,0.5,0.5,1.0,0.12,0.09999999999999998,-2,0.0,-3.0,-4.200000000000003,-8.899999999999999,0.8999999999999986,-0.40000000000000013,-0.09999999999999987,-0.2699999999999996,30.0,55.0,18.0,10.0,0.35750000000000004,0.5,0.0,1.0,-1.0,-2.0,0.0,-1.0,1.0
1216502,2020-10-31,2020/21,RCB,SRH,Sharjah Cricket Stadium,0,-0.05312500000000003,0.0,0.0,0.5,0.4666666666666667,-0.039019607843137294,-0.07971014492753625,0.55,0.45,-0.050000000000000044,170.0,0.5,0.5,1.0,0.259,-0.10000000000000009,2,0.5,-4.100000000000001,-8.599999999999994,-10.400000000000006,3.700000000000003,0.2999999999999998,0.19999999999999996,-1.049999999999999,30.0,55.0,18.0,10.0,0.35750000000000004,0.5,0.0,2.0,-2.0,1.0,-1.0,0.0,-3.0
1216535,2020-10-31,2020/21,DC,MI,Dubai International Cricket Stadium,0,-0.14402701337374701,-0.19999999999999996,0.0,0.5,0.48,-0.11767843806678757,-0.18109388458225661,0.55,0.45,-0.050000000000000044,170.0,0.5,0.5,1.0,-0.06700000000000006,0.0,0,0.0,0.0,0.0,0.0,0.0,0.0,0.0,0.0,30.0,55.0,18.0,10.0,0.35750000000000004,0.5,0.0,0.0,0.0,0.0,0.0,0.0,0.0
1216506,2020-11-01,2020/21,PBKS,CSK,Sheikh Zayed Stadium,0,-0.1434848892476011,0.19999999999999996,0.0,0.0,0.36363636363636365,-0.13632872503840243,-0.1528897849462365,0.55,0.45,-0.050000000000000044,170.0,0.5,0.5,1.0,0.6539999999999999,0.0,0,0.0,0.0,0.0,0.0,0.0,0.0,0.0,0.0,30.0,55.0,18.0,10.0,0.35750000000000004,0.5,0.0,0.0,0.0,0.0,0.0,0.0,0.0
1216530,2020-11-01,2020/21,KKR,RR,Dubai International Cricket Stadium,1,0.01410340314136127,-0.39999999999999997,0.0,0.16666666666666666,0.5238095238095238,0.022925888094427416,0.018677281077771002,0.55,0.45,-0.050000000000000044,170.0,0.5,0.5,1.0,-0.33599999999999997,0.09999999999999998,-2,0.0,-3.0,-4.200000000000003,-8.899999999999999,0.8999999999999986,-0.40000000000000013,-0.09999999999999987,-0.2699999999999996,30.0,55.0,18.0,10.0,0.35750000000000004,0.5,0.0,1.0,-1.0,-2.0,0.0,-1.0,1.0
1216505,2020-11-02,2020/21,RCB,DC,Sheikh Zayed Stadium,0,0.029560949004635906,0.2,0.0,0.5,0.5416666666666666,0.03427184466019417,0.029291805710048247,0.55,0.45,-0.050000000000000044,170.0,0.5,0.5,1.0,1.4340000000000002,0.09999999999999998,3,0.5,4.100000000000001,0.5,0.7999999999999972,1.2000000000000028,0.19999999999999996,0.19999999999999996,-0.4299999999999997,30.0,55.0,18.0,10.0,0.35750000000000004,0.5,0.0,0.0,0.0,1.0,0.0,0.0,-1.0
1216495,2020-11-03,2020/21,MI,SRH,Sharjah Cricket Stadium,0,0.05933884297520653,0.0,0.0,0.41666666666666663,0.4666666666666667,0.04013377926421402,0.07206119162640895,0.55,0.45,-0.050000000000000044,170.0,0.5,0.5,1.0,-1.108,-0.20000000000000007,-1,0.0,-8.200000000000003,-9.099999999999994,-11.200000000000003,2.5,0.09999999999999987,0.0,-0.6199999999999992,30.0,55.0,18.0,10.0,0.35750000000000004,0.5,0.0,2.0,-2.0,0.0,-1.0,0.0,-2.0
1237177,2020-11-05,2020/21,MI,DC,Dubai International Cricket Stadium,1,0.142559454038707,0.39999999999999997,0.0,-0.2777777777777778,0.5384615384615384,0.11705685618729095,0.18032268269534957,0.55,0.45,-0.050000000000000044,170.0,0.5,0.5,1.0,0.06700000000000006,0.0,0,0.0,0.0,0.0,0.0,0.0,0.0,0.0,0.0,30.0,55.0,18.0,10.0,0.35750000000000004,0.5,0.0,0.0,0.0,0.0,0.0,0.0,0.0
1237178,2020-11-06,2020/21,RCB,SRH,Sheikh Zayed Stadium,0,-0.06582727733648813,-0.6000000000000001,0.0,0.15000000000000002,0.4375,-0.05603773584905658,-0.08849830403946968,0.55,0.45,-0.050000000000000044,170.0,0.5,0.5,1.0,0.259,-0.10000000000000009,2,0.5,-4.100000000000001,-8.599999999999994,-10.400000000000006,3.700000000000003,0.2999999999999998,0.19999999999999996,-1.049999999999999,30.0,55.0,18.0,10.0,0.35750000000000004,0.5,0.0,2.0,-2.0,1.0,-1.0,0.0,-3.0
1237180,2020-11-08,2020/21,DC,SRH,Sheikh Zayed Stadium,1,-0.09616361788617883,-0.6000000000000001,0.0,-0.2,0.35294117647058826,-0.0978835978835979,-0.11344327836081963,0.55,0.45,-0.04999999999999999,170.0,0.5,0.5,1.0,-1.175,-0.20000000000000007,-1,0.0,-8.200000000000003,-9.099999999999994,-11.200000000000003,2.5,0.09999999999999987,0.0,-0.6199999999999992,30.0,55.0,18.0,10.0,0.35750000000000004,0.5,0.0,2.0,-2.0,0.0,-1.0,0.0,-2.0
1237181,2020-11-10,2020/21,DC,MI,Dubai International Cricket Stadium,0,-0.14397476017031752,-0.19999999999999996,0.0,0.11428571428571432,0.4444444444444444,-0.12163561076604557,-0.17727272727272725,0.55,0.45,-0.04999999999999999,170.0,0.5,0.5,1.0,-0.06700000000000006,0.0,0,0.0,0.0,0.0,0.0,0.0,0.0,0.0,0.0,30.0,55.0,18.0,10.0,0.35750000000000004,0.5,0.0,0.0,0.0,0.0,0.0,0.0,0.0
1254058,2021-04-09,2021,MI,RCB,"MA Chidambaram Stadium, Chepauk, Chennai",0,0.12487053176708346,0.8,0.0,0.4027777777777778,0.6296296296296297,0.09215053763440861,0.16363636363636358,0.55,0.45,-0.050000000000000044,170.0,0.5,0.5,1.0,-1.367,-0.09999999999999998,-3,-0.5,-4.100000000000001,-0.5,-0.7999999999999972,-1.2000000000000028,-0.19999999999999996,-0.19999999999999996,0.4299999999999997,30.0,55.0,18.0,10.0,0.35750000000000004,0.5,0.0,0.0,0.0,-1.0,0.0,0.0,1.0
1254059,2021-04-10,2021,CSK,DC,"Wankhede Stadium, Mumbai",0,0.1625159272558786,0.19999999999999996,0.0,0.16666666666666669,0.6521739130434783,0.15910364145658262,0.17711731303612416,0.55,0.45,-0.050000000000000044,170.0,0.5,0.5,1.0,0.30600000000000005,0.0,0,0.0,0.0,0.0,0.0,0.0,0.0,0.0,0.0,30.0,55.0,18.0,10.0,0.35750000000000004,0.5,0.0,0.0,0.0,0.0,0.0,0.0,0.0
1254060,2021-04-11,2021,KKR,SRH,"MA Chidambaram Stadium, Chepauk, Chennai",1,-0.013776881720430123,-0.4,0.0,0.2222222222222222,0.5789473684210527,0.03232323232323231,-0.07339878447872838,0.55,0.45,-0.050000000000000044,170.0,0.5,0.5,1.0,-0.671,-0.20000000000000007,-1,0.0,-8.200000000000003,-9.099999999999994,-11.200000000000003,2.5,0.09999999999999987,0.0,-0.6199999999999992,30.0,55.0,18.0,10.0,0.35750000000000004,0.5,0.0,2.0,-2.0,0.0,-1.0,0.0,-2.0
1254061,2021-04-12,2021,PBKS,RR,"Wankhede Stadium, Mumbai",1,-0.043314808761033,0.0,0.0,-0.04545454545454547,0.38095238095238093,-0.07204301075268815,0.007695658487004542,0.55,0.45,-0.050000000000000044,170.0,0.5,0.5,1.0,0.12,0.09999999999999998,-2,0.0,-3.0,-4.200000000000003,-8.899999999999999,0.8999999999999986,-0.40000000000000013,-0.09999999999999987,-0.2699999999999996,30.0,55.0,18.0,10.0,0.35750000000000004,0.5,0.0,1.0,-1.0,-2.0,0.0,-1.0,1.0
1254062,2021-04-13,2021,MI,KKR,"MA Chidambaram Stadium, Chepauk, Chennai",1,0.06547800467337195,0.0,0.0,0.2555555555555556,0.7777777777777778,0.006190941674812711,0.1330266436649415,0.55,0.45,-0.050000000000000044,170.0,0.5,0.5,1.0,-0.43699999999999994,0.0,0,0.0,0.0,0.0,0.0,0.0,0.0,0.0,0.0,30.0,55.0,18.0,10.0,0.35750000000000004,0.5,0.0,0.0,0.0,0.0,0.0,0.0,0.0
1254063,2021-04-14,2021,RCB,SRH,"MA Chidambaram Stadium, Chepauk, Chennai",1,-0.06081632653061225,-0.39999999999999997,0.0,0.3,0.4117647058823529,-0.03871994342291374,-0.0927536231884058,0.55,0.45,-0.050000000000000044,170.0,0.5,0.5,1.0,0.259,-0.10000000000000009,2,0.5,-4.100000000000001,-8.599999999999994,-10.400000000000006,3.700000000000003,0.2999999999999998,0.19999999999999996,-1.049999999999999,30.0,55.0,18.0,10.0,0.35750000000000004,0.5,0.0,2.0,-2.0,1.0,-1.0,0.0,-3.0
1254064,2021-04-15,2021,DC,RR,"Wankhede Stadium, Mumbai",0,-0.05175688509021842,0.19999999999999996,0.0,-0.0444444444444444,0.5,-0.07930748496786233,-0.012343725272986217,0.55,0.45,-0.050000000000000044,170.0,0.5,0.5,1.0,-0.8400000000000001,0.09999999999999998,-2,0.0,-3.0,-4.200000000000003,-8.899999999999999,0.8999999999999986,-0.40000000000000013,-0.09999999999999987,-0.2699999999999996,30.0,55.0,18.0,10.0,0.35750000000000004,0.5,0.0,1.0,-1.0,-2.0,0.0,-1.0,1.0
1254065,2021-04-16,2021,PBKS,CSK,"Wankhede Stadium, Mumbai",0,-0.1419169908450087,0.0,0.0,0.033333333333333326,0.34782608695652173,-0.1406704617330803,-0.1450282240555797,0.55,0.45,-0.050000000000000044,170.0,0.5,0.5,1.0,0.6539999999999999,0.0,0,0.0,0.0,0.0,0.0,0.0,0.0,0.0,0.0,30.0,55.0,18.0,10.0,0.35750000000000004,0.5,0.0,0.0,0.0,0.0,0.0,0.0,0.0
1254066,2021-04-17,2021,MI,SRH,"MA Chidambaram Stadium, Chepauk, Chennai",1,0.06461478900503281,0.19999999999999996,0.0,0.6,0.4375,0.05829088851160158,0.06974637681159418,0.55,0.45,-0.04999999999999999,170.0,0.5,0.5,1.0,-1.108,-0.20000000000000007,-1,0.0,-8.200000000000003,-9.099999999999994,-11.200000000000003,2.5,0.09999999999999987,0.0,-0.6199999999999992,30.0,55.0,18.0,10.0,0.35750000000000004,0.5,0.0,2.0,-2.0,0.0,-1.0,0.0,-2.0
1254067,2021-04-18,2021,RCB,KKR,"MA Chidambaram Stadium, Chepauk, Chennai",1,-0.048380344340363146,0.0,0.0,0.09090909090909094,0.46153846153846156,-0.0751485148514851,-0.019281914893617025,0.55,0.45,-0.04999999999999999,170.0,0.5,0.5,1.0,0.93,0.09999999999999998,3,0.5,4.100000000000001,0.5,0.7999999999999972,1.2000000000000028,0.19999999999999996,0.19999999999999996,-0.4299999999999997,30.0,55.0,18.0,10.0,0.35750000000000004,0.5,0.0,0.0,0.0,1.0,0.0,0.0,-1.0
1254068,2021-04-18,2021,PBKS,DC,"Wankhede Stadium, Mumbai",0,0.014243197278911601,0.0,0.0,0.09790209790209792,0.5769230769230769,0.013491580442280382,0.026262626262626265,0.55,0.45,-0.050000000000000044,170.0,0.5,0.5,1.0,0.96,0.0,0,0.0,0.0,0.0,0.0,0.0,0.0,0.0,0.0,30.0,55.0,18.0,10.0,0.35750000000000004,0.5,0.0,0.0,0.0,0.0,0.0,0.0,0.0
1254069,2021-04-19,2021,CSK,RR,"Wankhede Stadium, Mumbai",1,0.1036468984321745,0.20000000000000007,0.0,0.0,0.6086956521739131,0.07431749241658248,0.15882529217860358,0.55,0.45,-0.050000000000000044,170.0,0.5,0.5,1.0,-0.534,0.09999999999999998,-2,0.0,-3.0,-4.200000000000003,-8.899999999999999,0.8999999999999986,-0.40000000000000013,-0.09999999999999987,-0.2699999999999996,30.0,55.0,18.0,10.0,0.35750000000000004,0.5,0.0,1.0,-1.0,-2.0,0.0,-1.0,1.0
1254070,2021-04-20,2021,MI,DC,"MA Chidambaram Stadium, Chepauk, Chennai",0,0.14597604849440637,0.20000000000000007,0.0,0.38636363636363635,0.5714285714285714,0.11616922922319367,0.18859390363815143,0.55,0.45,-0.04999999999999999,170.0,0.5,0.5,1.0,0.06700000000000006,0.0,0,0.0,0.0,0.0,0.0,0.0,0.0,0.0,0.0,30.0,55.0,18.0,10.0,0.35750000000000004,0.5,0.0,0.0,0.0,0.0,0.0,0.0,0.0
1254071,2021-04-21,2021,PBKS,SRH,"MA Chidambaram Stadium, Chepauk, Chennai",0,-0.06621516869976746,0.0,0.0,0.16666666666666666,0.3125,-0.039859102706711114,-0.0927536231884058,0.55,0.45,-0.04999999999999999,170.0,0.5,0.5,1.0,-0.21500000000000002,-0.20000000000000007,-1,0.0,-8.200000000000003,-9.099999999999994,-11.200000000000003,2.5,0.09999999999999987,0.0,-0.6199999999999992,30.0,55.0,18.0,10.0,0.35750000000000004,0.5,0.0,2.0,-2.0,0.0,-1.0,0.0,-2.0
1254072,2021-04-21,2021,CSK,KKR,"Wankhede Stadium, Mumbai",1,0.08899277518062054,0.4,0.0,0.41830065359477125,0.6363636363636364,0.055376467879346136,0.1323628219484882,0.55,0.45,-0.050000000000000044,170.0,0.5,0.5,1.0,-0.19799999999999998,0.0,0,0.0,0.0,0.0,0.0,0.0,0.0,0.0,0.0,30.0,55.0,18.0,10.0,0.35750000000000004,0.5,0.0,0.0,0.0,0.0,0.0,0.0,0.0
1254073,2021-04-22,2021,RR,RCB,"Wankhede Stadium, Mumbai",0,0.023158413402315836,-0.19999999999999996,0.0,0.15454545454545454,0.45454545454545453,0.04428829979772164,-0.01800493683751997,0.55,0.45,-0.050000000000000044,170.0,0.5,0.5,1.0,-0.5940000000000001,-0.19999999999999996,-1,-0.5,-1.1000000000000014,3.700000000000003,8.100000000000001,-2.1000000000000014,0.20000000000000018,-0.10000000000000009,0.6999999999999993,30.0,55.0,18.0,10.0,0.35750000000000004,0.5,1.0,0.0,1.0,1.0,0.0,1.0,0.0
1254074,2021-04-23,2021,MI,PBKS,"MA Chidambaram Stadium, Chepauk, Chennai",0,0.13641117585537132,0.39999999999999997,0.0,0.4404761904761905,0.5384615384615384,0.10752688172043012,0.16536390481153374,0.55,0.45,-0.050000000000000044,170.0,0.5,0.5,1.0,-0.893,0.0,0,0.0,0.0,0.0,0.0,0.0,0.0,0.0,0.0,30.0,55.0,18.0,10.0,0.35750000000000004,0.5,0.0,0.0,0.0,0.0,0.0,0.0,0.0
1254075,2021-04-24,2021,KKR,RR,"Wankhede Stadium, Mumbai",0,0.02025355596784162,0.2,0.0,-0.31666666666666665,0.5454545454545454,0.019291587602783156,0.03664302600472813,0.55,0.45,-0.050000000000000044,170.0,0.5,0.5,1.0,-0.33599999999999997,0.09999999999999998,-2,0.0,-3.0,-4.200000000000003,-8.899999999999999,0.8999999999999986,-0.40000000000000013,-0.09999999999999987,-0.2699999999999996,30.0,55.0,18.0,10.0,0.35750000000000004,0.5,0.0,1.0,-1.0,-2.0,0.0,-1.0,1.0
1254076,2021-04-25,2021,CSK,RCB,"Wankhede Stadium, Mumbai",1,0.13156441548401343,0.0,0.0,0.19191919191919193,0.64,0.11992704058367532,0.15012886597938147,0.55,0.45,-0.04999999999999999,170.0,0.5,0.5,1.0,-1.1280000000000001,-0.09999999999999998,-3,-0.5,-4.100000000000001,-0.5,-0.7999999999999972,-1.2000000000000028,-0.19999999999999996,-0.19999999999999996,0.4299999999999997,30.0,55.0,18.0,10.0,0.35750000000000004,0.5,0.0,0.0,0.0,-1.0,0.0,0.0,1.0
1254077,2021-04-25,2021,DC,SRH,"MA Chidambaram Stadium, Chepauk, Chennai",0,-0.07623106060606061,0.39999999999999997,0.0,0.19047619047619047,0.3888888888888889,-0.051632140615191446,-0.11497584541062805,0.55,0.45,-0.04999999999999999,170.0,0.5,0.5,1.0,-1.175,-0.20000000000000007,-1,0.0,-8.200000000000003,-9.099999999999994,-11.200000000000003,2.5,0.09999999999999987,0.0,-0.6199999999999992,30.0,55.0,18.0,10.0,0.35750000000000004,0.5,0.0,2.0,-2.0,0.0,-1.0,0.0,-2.0
1254078,2021-04-26,2021,PBKS,KKR,"Narendra Modi Stadium, Ahmedabad",0,-0.05638422491214362,0.2,0.0,-0.05638422491214362,0.3333333333333333,-0.07843137254901966,-0.025013027618551287,0.641,0.359,-0.14100000000000001,192.0,1.0,0.5,1.2,0.45599999999999996,0.0,0,0.0,0.0,0.0,0.0,0.0,0.0,0.0,0.0,35.3,65.0,22.0,0.0,0.5491666666666668,0.7649999999999999,0.0,0.0,0.0,0.0,0.0,0.0,0.0
1254079,2021-04-27,2021,RCB,DC,"Narendra Modi Stadium, Ahmedabad",1,0.027814070351758813,0.20000000000000007,0.0,0.027814070351758813,0.52,0.023822366055375743,0.038744760394244904,0.641,0.359,-0.14100000000000001,192.0,1.0,0.5,1.2,1.4340000000000002,0.09999999999999998,3,0.5,4.100000000000001,0.5,0.7999999999999972,1.2000000000000028,0.19999999999999996,0.19999999999999996,-0.4299999999999997,35.3,65.0,22.0,0.0,0.5491666666666668,0.7649999999999999,0.0,0.0,0.0,1.0,0.0,0.0,-1.0
1254080,2021-04-28,2021,SRH,CSK,"Arun Jaitley Stadium, Delhi",0,-0.08946498919811918,-0.6000000000000001,0.0,0.5,0.2857142857142857,-0.10620155038759693,-0.07425668608994468,0.55,0.45,-0.04999999999999999,170.0,0.5,0.5,1.0,0.869,0.20000000000000007,1,0.0,8.200000000000003,9.099999999999994,11.200000000000003,-2.5,-0.09999999999999987,0.0,0.6199999999999992,30.0,55.0,18.0,10.0,0.35750000000000004,0.5,2.0,0.0,2.0,0.0,1.0,0.0,2.0
1254082,2021-04-29,2021,KKR,DC,"Narendra Modi Stadium, Ahmedabad",0,0.07005050505050509,-0.2,0.0,1.0,0.56,0.09628573973456839,0.047426257952573714,0.641,0.359,-0.14100000000000001,192.0,1.0,0.5,1.2,0.504,0.0,0,0.0,0.0,0.0,0.0,0.0,0.0,0.0,0.0,35.3,65.0,22.0,0.0,0.5491666666666668,0.7649999999999999,0.0,0.0,0.0,0.0,0.0,0.0,0.0
1254081,2021-04-29,2021,RR,MI,"Arun Jaitley Stadium, Delhi",0,-0.08897126969416119,0.0,0.0,-0.5,0.5,-0.03832075040036609,-0.1676328502415459,0.55,0.45,-0.050000000000000044,170.0,0.5,0.5,1.0,0.7729999999999999,-0.09999999999999998,2,0.0,3.0,4.200000000000003,8.899999999999999,-0.8999999999999986,0.40000000000000013,0.09999999999999987,0.2699999999999996,30.0,55.0,18.0,10.0,0.35750000000000004,0.5,1.0,0.0,1.0,2.0,0.0,1.0,-1.0
1254083,2021-04-30,2021,PBKS,RCB,"Narendra Modi Stadium, Ahmedabad",1,-0.02378414052188038,-0.6000000000000001,0.0,-1.0,0.5384615384615384,-0.014563106796116498,-0.026210484193677497,0.641,0.359,-0.14100000000000001,192.0,1.0,0.5,1.2,-0.47400000000000003,-0.09999999999999998,-3,-0.5,-4.100000000000001,-0.5,-0.7999999999999972,-1.2000000000000028,-0.19999999999999996,-0.19999999999999996,0.4299999999999997,35.3,65.0,22.0,0.0,0.5491666666666668,0.7649999999999999,0.0,0.0,0.0,-1.0,0.0,0.0,1.0
1254084,2021-05-01,2021,CSK,MI,"Arun Jaitley Stadium, Delhi",0,0.02431350114416475,0.4,0.0,0.0,0.4,0.03729518219613592,0.01048857014791571,0.55,0.45,-0.050000000000000044,170.0,0.5,0.5,1.0,0.239,0.0,0,0.0,0.0,0.0,0.0,0.0,0.0,0.0,0.0,30.0,55.0,18.0,10.0,0.35750000000000004,0.5,0.0,0.0,0.0,0.0,0.0,0.0,0.0
1254085,2021-05-02,2021,RR,SRH,"Arun Jaitley Stadium, Delhi",1,-0.022662367572547193,0.2,0.0,-0.6666666666666666,0.46153846153846156,0.03049645390070921,-0.10215264187866929,0.55,0.45,-0.050000000000000044,170.0,0.5,0.5,1.0,-0.335,-0.30000000000000004,1,0.0,-5.200000000000003,-4.8999999999999915,-2.3000000000000043,1.6000000000000014,0.5,0.09999999999999987,-0.34999999999999964,30.0,55.0,18.0,10.0,0.35750000000000004,0.5,1.0,2.0,-1.0,2.0,-1.0,1.0,-3.0
1254086,2021-05-02,2021,PBKS,DC,"Narendra Modi Stadium, Ahmedabad",0,0.008889562340581358,-0.19999999999999996,0.0,0.0,0.5555555555555556,0.009090909090909094,0.024431878800810825,0.641,0.359,-0.14100000000000001,192.0,1.0,0.5,1.2,0.96,0.0,0,0.0,0.0,0.0,0.0,0.0,0.0,0.0,0.0,35.3,65.0,22.0,0.0,0.5491666666666668,0.7649999999999999,0.0,0.0,0.0,0.0,0.0,0.0,0.0
1254104,2021-09-19,2021,CSK,MI,Dubai International Cricket Stadium,1,0.01904761904761898,0.20000000000000007,0.0,0.29166666666666663,0.3870967741935484,0.033151845130066526,0.004702750665483535,0.55,0.45,-0.04999999999999999,170.0,0.5,0.5,1.0,0.239,0.0,0,0.0,0.0,0.0,0.0,0.0,0.0,0.0,0.0,30.0,55.0,18.0,10.0,0.35750000000000004,0.5,0.0,0.0,0.0,0.0,0.0,0.0,0.0
1254087,2021-09-20,2021,RCB,KKR,"Zayed Cricket Stadium, Abu Dhabi",0,-0.037166028160604936,0.39999999999999997,0.0,-0.037166028160604936,0.48148148148148145,-0.07290888722927558,0.0017006802721088454,0.55,0.45,-0.04999999999999999,170.0,0.5,0.5,1.0,0.93,0.09999999999999998,3,0.5,4.100000000000001,0.5,0.7999999999999972,1.2000000000000028,0.19999999999999996,0.19999999999999996,-0.4299999999999997,30.0,55.0,18.0,10.0,0.35750000000000004,0.5,0.0,0.0,0.0,1.0,0.0,0.0,-1.0
1254111,2021-09-21,2021,RR,PBKS,Dubai International Cricket Stadium,1,0.04365079365079366,0.0,0.0,-0.35714285714285715,0.5454545454545454,0.06382978723404253,-0.002338877338877332,0.55,0.45,-0.050000000000000044,170.0,0.5,0.5,1.0,-0.12,-0.09999999999999998,2,0.0,3.0,4.200000000000003,8.899999999999999,-0.8999999999999986,0.40000000000000013,0.09999999999999987,0.2699999999999996,30.0,55.0,18.0,10.0,0.35750000000000004,0.5,1.0,0.0,1.0,2.0,0.0,1.0,-1.0
1254105,2021-09-22,2021,SRH,DC,Dubai International Cricket Stadium,0,0.06322273448718913,-0.39999999999999997,0.0,0.23636363636363633,0.5789473684210527,0.02909466843893077,0.11208791208791208,0.55,0.45,-0.04999999999999999,170.0,0.5,0.5,1.0,1.175,0.20000000000000007,1,0.0,8.200000000000003,9.099999999999994,11.200000000000003,-2.5,-0.09999999999999987,0.0,0.6199999999999992,30.0,55.0,18.0,10.0,0.35750000000000004,0.5,2.0,0.0,2.0,0.0,1.0,0.0,2.0
1254096,2021-09-23,2021,MI,KKR,"Zayed Cricket Stadium, Abu Dhabi",0,0.07319905213270139,0.0,0.0,-0.4218009478672986,0.7857142857142857,0.017628205128205066,0.1398550724637681,0.55,0.45,-0.050000000000000044,170.0,0.5,0.5,1.0,-0.43699999999999994,0.0,0,0.0,0.0,0.0,0.0,0.0,0.0,0.0,0.0,30.0,55.0,18.0,10.0,0.35750000000000004,0.5,0.0,0.0,0.0,0.0,0.0,0.0,0.0
1254113,2021-09-24,2021,RCB,CSK,Sharjah Cricket Stadium,0,-0.1390963504422904,-0.4,0.0,0.15000000000000002,0.34615384615384615,-0.13406277630415564,-0.1515151515151515,0.55,0.45,-0.050000000000000044,170.0,0.5,0.5,1.0,1.1280000000000001,0.09999999999999998,3,0.5,4.100000000000001,0.5,0.7999999999999972,1.2000000000000028,0.19999999999999996,0.19999999999999996,-0.4299999999999997,30.0,55.0,18.0,10.0,0.35750000000000004,0.5,0.0,0.0,0.0,1.0,0.0,0.0,-1.0
1254107,2021-09-25,2021,PBKS,SRH,Sharjah Cricket Stadium,1,-0.05778894472361806,0.2,0.0,0.4,0.29411764705882354,-0.029853321829163115,-0.08464247020585047,0.55,0.45,-0.050000000000000044,170.0,0.5,0.5,1.0,-0.21500000000000002,-0.20000000000000007,-1,0.0,-8.200000000000003,-9.099999999999994,-11.200000000000003,2.5,0.09999999999999987,0.0,-0.6199999999999992,30.0,55.0,18.0,10.0,0.35750000000000004,0.5,0.0,2.0,-2.0,0.0,-1.0,0.0,-2.0
1254097,2021-09-25,2021,DC,RR,"Zayed Cricket Stadium, Abu Dhabi",1,-0.0477745066604483,0.0,0.0,-0.0477745066604483,0.4782608695652174,-0.06382978723404253,-0.02637362637362639,0.55,0.45,-0.050000000000000044,170.0,0.5,0.5,1.0,-0.8400000000000001,0.09999999999999998,-2,0.0,-3.0,-4.200000000000003,-8.899999999999999,0.8999999999999986,-0.40000000000000013,-0.09999999999999987,-0.2699999999999996,30.0,55.0,18.0,10.0,0.35750000000000004,0.5,0.0,1.0,-1.0,-2.0,0.0,-1.0,1.0
1254108,2021-09-26,2021,RCB,MI,Dubai International Cricket Stadium,1,-0.11468738438771736,-0.2,0.0,0.1111111111111111,0.35714285714285715,-0.09455128205128205,-0.1417241379310345,0.55,0.45,-0.050000000000000044,170.0,0.5,0.5,1.0,1.367,0.09999999999999998,3,0.5,4.100000000000001,0.5,0.7999999999999972,1.2000000000000028,0.19999999999999996,0.19999999999999996,-0.4299999999999997,30.0,55.0,18.0,10.0,0.35750000000000004,0.5,0.0,0.0,0.0,1.0,0.0,0.0,-1.0
1254098,2021-09-26,2021,KKR,CSK,"Zayed Cricket Stadium, Abu Dhabi",0,-0.09681538829914593,-0.20000000000000007,0.0,0.39572192513368987,0.34782608695652173,-0.05725108225108222,-0.14898989898989895,0.55,0.45,-0.04999999999999999,170.0,0.5,0.5,1.0,0.19799999999999998,0.0,0,0.0,0.0,0.0,0.0,0.0,0.0,0.0,0.0,30.0,55.0,18.0,10.0,0.35750000000000004,0.5,0.0,0.0,0.0,0.0,0.0,0.0,0.0
1254100,2021-09-27,2021,RR,SRH,Dubai International Cricket Stadium,0,-0.008005307386112326,0.6,0.0,-0.2954545454545454,0.5,0.04176570458404072,-0.07887323943661967,0.55,0.45,-0.04999999999999999,170.0,0.5,0.5,1.0,-0.335,-0.30000000000000004,1,0.0,-5.200000000000003,-4.8999999999999915,-2.3000000000000043,1.6000000000000014,0.5,0.09999999999999987,-0.34999999999999964,30.0,55.0,18.0,10.0,0.35750000000000004,0.5,1.0,2.0,-1.0,2.0,-1.0,1.0,-3.0
1254092,2021-09-28,2021,DC,KKR,Sharjah Cricket Stadium,0,-0.05887206367695591,0.20000000000000007,0.0,0.55,0.4230769230769231,-0.09047619047619049,-0.03193635141192286,0.55,0.45,-0.050000000000000044,170.0,0.5,0.5,1.0,-0.504,0.0,0,0.0,0.0,0.0,0.0,0.0,0.0,0.0,0.0,30.0,55.0,18.0,10.0,0.35750000000000004,0.5,0.0,0.0,0.0,0.0,0.0,0.0,0.0
1254099,2021-09-28,2021,PBKS,MI,"Zayed Cricket Stadium, Abu Dhabi",0,-0.12776995305164324,0.0,0.0,0.445,0.4444444444444444,-0.10320130222463375,-0.15172413793103445,0.55,0.45,-0.050000000000000044,170.0,0.5,0.5,1.0,0.893,0.0,0,0.0,0.0,0.0,0.0,0.0,0.0,0.0,0.0,30.0,55.0,18.0,10.0,0.35750000000000004,0.5,0.0,0.0,0.0,0.0,0.0,0.0,0.0
1254103,2021-09-29,2021,RR,RCB,Dubai International Cricket Stadium,0,0.021965482812722814,0.0,0.0,-0.2777777777777778,0.43478260869565216,0.04827935222672064,-0.02110474205315266,0.55,0.45,-0.050000000000000044,170.0,0.5,0.5,1.0,-0.5940000000000001,-0.19999999999999996,-1,-0.5,-1.1000000000000014,3.700000000000003,8.100000000000001,-2.1000000000000014,0.20000000000000018,-0.10000000000000009,0.6999999999999993,30.0,55.0,18.0,10.0,0.35750000000000004,0.5,1.0,0.0,1.0,1.0,0.0,1.0,0.0
1254091,2021-09-30,2021,SRH,CSK,Sharjah Cricket Stadium,0,-0.1063829787234043,-0.6000000000000001,0.0,-0.06666666666666671,0.26666666666666666,-0.12787586944890317,-0.08678332621994594,0.55,0.45,-0.050000000000000044,170.0,0.5,0.5,1.0,0.869,0.20000000000000007,1,0.0,8.200000000000003,9.099999999999994,11.200000000000003,-2.5,-0.09999999999999987,0.0,0.6199999999999992,30.0,55.0,18.0,10.0,0.35750000000000004,0.5,2.0,0.0,2.0,0.0,1.0,0.0,2.0
1254102,2021-10-01,2021,KKR,PBKS,Dubai International Cricket Stadium,0,0.06460309290983512,0.19999999999999996,0.0,0.05555555555555558,0.6785714285714286,0.09960278053624627,0.01614471892627889,0.55,0.45,-0.050000000000000044,170.0,0.5,0.5,1.0,-0.45599999999999996,0.0,0,0.0,0.0,0.0,0.0,0.0,0.0,0.0,0.0,30.0,55.0,18.0,10.0,0.35750000000000004,0.5,0.0,0.0,0.0,0.0,0.0,0.0,0.0
1254112,2021-10-02,2021,MI,DC,Sharjah Cricket Stadium,0,0.13086391611579667,-0.4,0.0,-0.16666666666666663,0.5517241379310345,0.10204081632653061,0.1753800519095291,0.55,0.45,-0.050000000000000044,170.0,0.5,0.5,1.0,0.06700000000000006,0.0,0,0.0,0.0,0.0,0.0,0.0,0.0,0.0,0.0,30.0,55.0,18.0,10.0,0.35750000000000004,0.5,0.0,0.0,0.0,0.0,0.0,0.0,0.0
1254089,2021-10-02,2021,CSK,RR,"Zayed Cricket Stadium, Abu Dhabi",0,0.12590746893072474,0.4,0.0,1.0,0.625,0.09766081871345034,0.176046176046176,0.55,0.45,-0.050000000000000044,170.0,0.5,0.5,1.0,-0.534,0.09999999999999998,-2,0.0,-3.0,-4.200000000000003,-8.899999999999999,0.8999999999999986,-0.40000000000000013,-0.09999999999999987,-0.2699999999999996,30.0,55.0,18.0,10.0,0.35750000000000004,0.5,0.0,1.0,-1.0,-2.0,0.0,-1.0,1.0
1254109,2021-10-03,2021,SRH,KKR,Dubai International Cricket Stadium,0,-0.008605664488017417,-0.39999999999999997,0.0,0.18333333333333335,0.35,-0.07053009883198558,0.06405895691609975,0.55,0.45,-0.04999999999999999,170.0,0.5,0.5,1.0,0.671,0.20000000000000007,1,0.0,8.200000000000003,9.099999999999994,11.200000000000003,-2.5,-0.09999999999999987,0.0,0.6199999999999992,30.0,55.0,18.0,10.0,0.35750000000000004,0.5,2.0,0.0,2.0,0.0,1.0,0.0,2.0
1254090,2021-10-03,2021,RCB,PBKS,Sharjah Cricket Stadium,1,0.02047486302028262,0.0,0.0,-0.5,0.4444444444444444,0.014285714285714235,0.019615169064076177,0.55,0.45,-0.04999999999999999,170.0,0.5,0.5,1.0,0.47400000000000003,0.09999999999999998,3,0.5,4.100000000000001,0.5,0.7999999999999972,1.2000000000000028,0.19999999999999996,0.19999999999999996,-0.4299999999999997,30.0,55.0,18.0,10.0,0.35750000000000004,0.5,0.0,0.0,0.0,1.0,0.0,0.0,-1.0
1254110,2021-10-04,2021,CSK,DC,Dubai International Cricket Stadium,0,0.158661216147164,0.0,0.0,0.28333333333333327,0.625,0.1511307767944936,0.18365591397849468,0.55,0.45,-0.050000000000000044,170.0,0.5,0.5,1.0,0.30600000000000005,0.0,0,0.0,0.0,0.0,0.0,0.0,0.0,0.0,0.0,30.0,55.0,18.0,10.0,0.35750000000000004,0.5,0.0,0.0,0.0,0.0,0.0,0.0,0.0
1254093,2021-10-05,2021,RR,MI,Sharjah Cricket Stadium,0,-0.08654389030783705,0.2,0.0,0.09999999999999998,0.4782608695652174,-0.039540816326530615,-0.15739815739815743,0.55,0.45,-0.050000000000000044,170.0,0.5,0.5,1.0,0.7729999999999999,-0.09999999999999998,2,0.0,3.0,4.200000000000003,8.899999999999999,-0.8999999999999986,0.40000000000000013,0.09999999999999987,0.2699999999999996,30.0,55.0,18.0,10.0,0.35750000000000004,0.5,1.0,0.0,1.0,2.0,0.0,1.0,-1.0
1254095,2021-10-06,2021,SRH,RCB,"Zayed Cricket Stadium, Abu Dhabi",1,0.02404802500710429,-0.39999999999999997,0.0,0.49264705882352944,0.5,0.009523809523809601,0.04418479720655383,0.55,0.45,-0.050000000000000044,170.0,0.5,0.5,1.0,-0.259,0.10000000000000009,-2,-0.5,4.100000000000001,8.599999999999994,10.400000000000006,-3.700000000000003,-0.2999999999999998,-0.19999999999999996,1.049999999999999,30.0,55.0,18.0,10.0,0.35750000000000004,0.5,2.0,0.0,2.0,-1.0,1.0,0.0,3.0
1254094,2021-10-07,2021,CSK,PBKS,Dubai International Cricket Stadium,0,0.15874448714311507,0.19999999999999996,0.0,0.13636363636363635,0.625,0.16071019473081327,0.15822903045021486,0.55,0.45,-0.050000000000000044,170.0,0.5,0.5,1.0,-0.6539999999999999,0.0,0,0.0,0.0,0.0,0.0,0.0,0.0,0.0,0.0,30.0,55.0,18.0,10.0,0.35750000000000004,0.5,0.0,0.0,0.0,0.0,0.0,0.0,0.0
1254106,2021-10-07,2021,KKR,RR,Sharjah Cricket Stadium,1,0.02455845248107652,0.39999999999999997,0.0,0.0,0.5217391304347826,0.03563084112149528,0.02354788069073782,0.55,0.45,-0.050000000000000044,170.0,0.5,0.5,1.0,-0.33599999999999997,0.09999999999999998,-2,0.0,-3.0,-4.200000000000003,-8.899999999999999,0.8999999999999986,-0.40000000000000013,-0.09999999999999987,-0.2699999999999996,30.0,55.0,18.0,10.0,0.35750000000000004,0.5,0.0,1.0,-1.0,-2.0,0.0,-1.0,1.0
1254101,2021-10-08,2021,DC,RCB,Dubai International Cricket Stadium,0,-0.017070791527313278,0.20000000000000007,0.0,-0.08391608391608385,0.38461538461538464,-0.0006620324395895105,-0.04522454142947502,0.55,0.45,-0.050000000000000044,170.0,0.5,0.5,1.0,-1.4340000000000002,-0.09999999999999998,-3,-0.5,-4.100000000000001,-0.5,-0.7999999999999972,-1.2000000000000028,-0.19999999999999996,-0.19999999999999996,0.4299999999999997,30.0,55.0,18.0,10.0,0.35750000000000004,0.5,0.0,0.0,0.0,-1.0,0.0,0.0,1.0
1254088,2021-10-08,2021,MI,SRH,"Zayed Cricket Stadium, Abu Dhabi",1,0.07772370911057042,0.0,0.0,-0.5,0.47058823529411764,0.08225108225108224,0.07403557403557409,0.55,0.45,-0.04999999999999999,170.0,0.5,0.5,1.0,-1.108,-0.20000000000000007,-1,0.0,-8.200000000000003,-9.099999999999994,-11.200000000000003,2.5,0.09999999999999987,0.0,-0.6199999999999992,30.0,55.0,18.0,10.0,0.35750000000000004,0.5,0.0,2.0,-2.0,0.0,-1.0,0.0,-2.0
1254114,2021-10-10,2021,DC,CSK,Dubai International Cricket Stadium,0,-0.15184294871794873,0.19999999999999996,0.0,-0.15476190476190482,0.4,-0.14678362573099413,-0.17667918231122243,0.55,0.45,-0.050000000000000044,170.0,0.5,0.5,1.0,-0.30600000000000005,0.0,0,0.0,0.0,0.0,0.0,0.0,0.0,0.0,0.0,30.0,55.0,18.0,10.0,0.35750000000000004,0.5,0.0,0.0,0.0,0.0,0.0,0.0,0.0
1254115,2021-10-11,2021,RCB,KKR,Sharjah Cricket Stadium,0,-0.04080921633297718,0.20000000000000007,0.0,-0.07142857142857145,0.4642857142857143,-0.08411214953271029,0.00742721330956625,0.55,0.45,-0.04999999999999999,170.0,0.5,0.5,1.0,0.93,0.09999999999999998,3,0.5,4.100000000000001,0.5,0.7999999999999972,1.2000000000000028,0.19999999999999996,0.19999999999999996,-0.4299999999999997,30.0,55.0,18.0,10.0,0.35750000000000004,0.5,0.0,0.0,0.0,1.0,0.0,0.0,-1.0
1254116,2021-10-13,2021,DC,KKR,Sharjah Cricket Stadium,0,-0.06710121813096648,-0.4,0.0,0.1428571428571429,0.4074074074074074,-0.09307992202729043,-0.04572036150983522,0.55,0.45,-0.050000000000000044,170.0,0.5,0.5,1.0,-0.504,0.0,0,0.0,0.0,0.0,0.0,0.0,0.0,0.0,0.0,30.0,55.0,18.0,10.0,0.35750000000000004,0.5,0.0,0.0,0.0,0.0,0.0,0.0,0.0
1254117,2021-10-15,2021,CSK,KKR,Dubai International Cricket Stadium,1,0.08661319250697497,-0.4,0.0,0.11538461538461542,0.6666666666666666,0.05383607218469599,0.13487819370172316,0.55,0.45,-0.050000000000000044,170.0,0.5,0.5,1.0,-0.19799999999999998,0.0,0,0.0,0.0,0.0,0.0,0.0,0.0,0.0,0.0,30.0,55.0,18.0,10.0,0.35750000000000004,0.5,0.0,0.0,0.0,0.0,0.0,0.0,0.0
1304047,2022-03-26,2022,CSK,KKR,"Wankhede Stadium, Mumbai",0,0.09113106101711632,-0.4,0.0,0.4880382775119617,0.68,0.05934065934065935,0.13925664411101302,0.55,0.45,-0.050000000000000044,170.0,0.5,0.5,1.0,-0.19799999999999998,0.0,0,0.0,0.0,0.0,0.0,0.0,0.0,0.0,0.0,30.0,55.0,18.0,10.0,0.35750000000000004,0.5,0.0,0.0,0.0,0.0,0.0,0.0,0.0
1304048,2022-03-27,2022,MI,DC,"Brabourne Stadium, Mumbai",0,0.13317972350230411,0.19999999999999996,0.0,0.75,0.5333333333333333,0.09728867623604465,0.1862641242937853,0.55,0.45,-0.050000000000000044,170.0,0.5,0.5,1.0,0.06700000000000006,0.0,0,0.0,0.0,0.0,0.0,0.0,0.0,0.0,0.0,30.0,55.0,18.0,10.0,0.35750000000000004,0.5,0.0,0.0,0.0,0.0,0.0,0.0,0.0
1304049,2022-03-27,2022,RCB,PBKS,"Dr DY Patil Sports Academy, Mumbai",0,0.02058823529411763,0.0,0.0,0.5,0.4642857142857143,0.014018691588784993,0.02124931306100014,0.55,0.45,-0.050000000000000044,170.0,0.5,0.5,1.0,0.47400000000000003,0.09999999999999998,3,0.5,4.100000000000001,0.5,0.7999999999999972,1.2000000000000028,0.19999999999999996,0.19999999999999996,-0.4299999999999997,30.0,55.0,18.0,10.0,0.35750000000000004,0.5,0.0,0.0,0.0,1.0,0.0,0.0,-1.0
1304050,2022-03-28,2022,LSG,GT,"Wankhede Stadium, Mumbai",0,0.0,0.0,0.0,0.0,0.5,0.0,0.0,0.55,0.45,-0.050000000000000044,170.0,0.5,0.5,1.0,-1.435,-0.30000000000000004,1,0.0,-1.5,-2.299999999999997,-5.399999999999999,0.0,-0.30000000000000004,-0.40000000000000013,-0.08999999999999986,30.0,55.0,18.0,10.0,0.35750000000000004,0.5,0.0,1.0,-1.0,-1.0,0.0,0.0,0.0
1304051,2022-03-29,2022,RR,SRH,"Maharashtra Cricket Association Stadium, Pune",1,-0.012753623188405838,-0.2,0.0,0.0,0.4666666666666667,0.04107603092783507,-0.08835758835758833,0.55,0.45,-0.050000000000000044,170.0,0.5,0.5,1.0,-0.335,-0.30000000000000004,1,0.0,-5.200000000000003,-4.8999999999999915,-2.3000000000000043,1.6000000000000014,0.5,0.09999999999999987,-0.34999999999999964,30.0,55.0,18.0,10.0,0.35750000000000004,0.5,1.0,2.0,-1.0,2.0,-1.0,1.0,-3.0
1304052,2022-03-30,2022,KKR,RCB,"Dr DY Patil Sports Academy, Mumbai",0,0.04983073798239668,0.4,0.0,0.6666666666666667,0.5517241379310345,0.08958491201481866,0.0006798756798757077,0.55,0.45,-0.050000000000000044,170.0,0.5,0.5,1.0,-0.93,-0.09999999999999998,-3,-0.5,-4.100000000000001,-0.5,-0.7999999999999972,-1.2000000000000028,-0.19999999999999996,-0.19999999999999996,0.4299999999999997,30.0,55.0,18.0,10.0,0.35750000000000004,0.5,0.0,0.0,0.0,-1.0,0.0,0.0,1.0
1304053,2022-03-31,2022,CSK,LSG,"Brabourne Stadium, Mumbai",0,0.6,0.4,0.0,0.5,0.5,0.15934065934065933,0.5480769230769231,0.55,0.45,-0.050000000000000044,170.0,0.5,0.5,1.0,0.395,0.0,0,0.0,0.0,0.0,0.0,0.0,0.0,0.0,0.0,30.0,55.0,18.0,10.0,0.35750000000000004,0.5,0.0,0.0,0.0,0.0,0.0,0.0,0.0
1304054,2022-04-01,2022,PBKS,KKR,"Wankhede Stadium, Mumbai",0,-0.06306785342734939,0.0,0.0,0.26190476190476186,0.3448275862068966,-0.09855309855309857,-0.01377358490566033,0.55,0.45,-0.050000000000000044,170.0,0.5,0.5,1.0,0.45599999999999996,0.0,0,0.0,0.0,0.0,0.0,0.0,0.0,0.0,0.0,30.0,55.0,18.0,10.0,0.35750000000000004,0.5,0.0,0.0,0.0,0.0,0.0,0.0,0.0
1304055,2022-04-02,2022,RR,MI,"Dr DY Patil Sports Academy, Mumbai",1,-0.09043994995829857,-0.19999999999999996,0.0,-0.2142857142857143,0.4583333333333333,-0.049359575132771005,-0.1538134241038187,0.55,0.45,-0.050000000000000044,170.0,0.5,0.5,1.0,0.7729999999999999,-0.09999999999999998,2,0.0,3.0,4.200000000000003,8.899999999999999,-0.8999999999999986,0.40000000000000013,0.09999999999999987,0.2699999999999996,30.0,55.0,18.0,10.0,0.35750000000000004,0.5,1.0,0.0,1.0,2.0,0.0,1.0,-1.0
1304056,2022-04-02,2022,GT,DC,"Maharashtra Cricket Association Stadium, Pune",1,0.5545023696682465,0.6,0.0,0.33333333333333337,0.5,0.4869565217391304,0.13541666666666669,0.55,0.45,-0.050000000000000044,170.0,0.5,0.5,1.0,1.346,0.30000000000000004,-1,0.0,1.5,2.299999999999997,5.399999999999999,0.0,0.30000000000000004,0.40000000000000013,0.08999999999999986,30.0,55.0,18.0,10.0,0.35750000000000004,0.5,1.0,0.0,1.0,1.0,0.0,0.0,0.0
1304057,2022-04-03,2022,PBKS,CSK,"Brabourne Stadium, Mumbai",1,-0.1503368337626313,0.19999999999999996,0.0,-0.3333333333333333,0.36,-0.15429015429015425,-0.15033377837116152,0.55,0.45,-0.050000000000000044,170.0,0.5,0.5,1.0,0.6539999999999999,0.0,0,0.0,0.0,0.0,0.0,0.0,0.0,0.0,0.0,30.0,55.0,18.0,10.0,0.35750000000000004,0.5,0.0,0.0,0.0,0.0,0.0,0.0,0.0
1304058,2022-04-04,2022,LSG,SRH,"Dr DY Patil Sports Academy, Mumbai",1,0.010791366906474809,0.3,0.0,0.010791366906474809,0.5,0.49230769230769234,-0.47297297297297297,0.55,0.45,-0.050000000000000044,170.0,0.5,0.5,1.0,-1.264,-0.20000000000000007,-1,0.0,-8.200000000000003,-9.099999999999994,-11.200000000000003,2.5,0.09999999999999987,0.0,-0.6199999999999992,30.0,55.0,18.0,10.0,0.35750000000000004,0.5,0.0,2.0,-2.0,0.0,-1.0,0.0,-2.0
1304059,2022-04-05,2022,RR,RCB,"Wankhede Stadium, Mumbai",0,0.01889457413921758,0.19999999999999996,0.0,0.12820512820512825,0.4166666666666667,0.03818251240931658,-0.013461538461538414,0.55,0.45,-0.050000000000000044,170.0,0.5,0.5,1.0,-0.5940000000000001,-0.19999999999999996,-1,-0.5,-1.1000000000000014,3.700000000000003,8.100000000000001,-2.1000000000000014,0.20000000000000018,-0.10000000000000009,0.6999999999999993,30.0,55.0,18.0,10.0,0.35750000000000004,0.5,1.0,0.0,1.0,1.0,0.0,1.0,0.0
1304060,2022-04-06,2022,MI,KKR,"Maharashtra Cricket Association Stadium, Pune",0,0.05662531231153611,-0.19999999999999996,0.0,-0.33333333333333337,0.7586206896551724,-0.0071428571428571175,0.13621848739495795,0.55,0.45,-0.050000000000000044,170.0,0.5,0.5,1.0,-0.43699999999999994,0.0,0,0.0,0.0,0.0,0.0,0.0,0.0,0.0,0.0,30.0,55.0,18.0,10.0,0.35750000000000004,0.5,0.0,0.0,0.0,0.0,0.0,0.0,0.0
1304061,2022-04-07,2022,DC,LSG,"Dr DY Patil Sports Academy, Mumbai",0,-0.22327044025157228,-0.4666666666666666,0.0,-0.5,0.5,-0.4913793103448276,-0.13541666666666669,0.55,0.45,-0.050000000000000044,170.0,0.5,0.5,1.0,0.08899999999999997,0.0,0,0.0,0.0,0.0,0.0,0.0,0.0,0.0,0.0,30.0,55.0,18.0,10.0,0.35750000000000004,0.5,0.0,0.0,0.0,0.0,0.0,0.0,0.0
1304062,2022-04-08,2022,PBKS,GT,"Brabourne Stadium, Mumbai",0,-0.5507246376811594,-0.4,0.0,-0.5,0.5,-0.4949494949494949,-0.6018518518518519,0.55,0.45,-0.050000000000000044,170.0,0.5,0.5,1.0,-0.38599999999999995,-0.30000000000000004,1,0.0,-1.5,-2.299999999999997,-5.399999999999999,0.0,-0.30000000000000004,-0.40000000000000013,-0.08999999999999986,30.0,55.0,18.0,10.0,0.35750000000000004,0.5,0.0,1.0,-1.0,-1.0,0.0,0.0,0.0
1304063,2022-04-09,2022,CSK,SRH,"Dr DY Patil Sports Academy, Mumbai",0,0.10819434372733866,0.2,0.0,0.75,0.75,0.15217391304347827,0.06988416988416984,0.55,0.45,-0.050000000000000044,170.0,0.5,0.5,1.0,-0.869,-0.20000000000000007,-1,0.0,-8.200000000000003,-9.099999999999994,-11.200000000000003,2.5,0.09999999999999987,0.0,-0.6199999999999992,30.0,55.0,18.0,10.0,0.35750000000000004,0.5,0.0,2.0,-2.0,0.0,-1.0,0.0,-2.0
1304064,2022-04-09,2022,MI,RCB,"Maharashtra Cricket Association Stadium, Pune",0,0.09869825010670086,-0.19999999999999996,0.0,0.0,0.5862068965517241,0.07706422018348624,0.1282051282051282,0.55,0.45,-0.050000000000000044,170.0,0.5,0.5,1.0,-1.367,-0.09999999999999998,-3,-0.5,-4.100000000000001,-0.5,-0.7999999999999972,-1.2000000000000028,-0.19999999999999996,-0.19999999999999996,0.4299999999999997,30.0,55.0,18.0,10.0,0.35750000000000004,0.5,0.0,0.0,0.0,-1.0,0.0,0.0,1.0
1304065,2022-04-10,2022,DC,KKR,"Brabourne Stadium, Mumbai",1,-0.07511737089201881,-0.39999999999999997,0.0,0.3333333333333333,0.39285714285714285,-0.10199877937137625,-0.049175257731958744,0.55,0.45,-0.050000000000000044,170.0,0.5,0.5,1.0,-0.504,0.0,0,0.0,0.0,0.0,0.0,0.0,0.0,0.0,0.0,30.0,55.0,18.0,10.0,0.35750000000000004,0.5,0.0,0.0,0.0,0.0,0.0,0.0,0.0
1304066,2022-04-10,2022,RR,LSG,"Wankhede Stadium, Mumbai",1,-0.26685393258426965,-0.35,0.0,0.42857142857142855,0.5,-0.44329896907216493,-0.1049382716049383,0.55,0.45,-0.050000000000000044,170.0,0.5,0.5,1.0,0.929,-0.09999999999999998,2,0.0,3.0,4.200000000000003,8.899999999999999,-0.8999999999999986,0.40000000000000013,0.09999999999999987,0.2699999999999996,30.0,55.0,18.0,10.0,0.35750000000000004,0.5,1.0,0.0,1.0,2.0,0.0,1.0,-1.0
1304067,2022-04-11,2022,GT,SRH,"Dr DY Patil Sports Academy, Mumbai",0,0.5106382978723405,0.6,0.0,0.5,0.5,0.4925373134328358,0.527027027027027,0.55,0.45,-0.050000000000000044,170.0,0.5,0.5,1.0,0.17099999999999993,0.09999999999999998,-2,0.0,-6.700000000000003,-6.799999999999997,-5.800000000000004,2.5,0.3999999999999999,0.40000000000000013,-0.5299999999999994,30.0,55.0,18.0,10.0,0.35750000000000004,0.5,1.0,2.0,-1.0,1.0,-1.0,0.0,-2.0
1304068,2022-04-12,2022,CSK,RCB,"Dr DY Patil Sports Academy, Mumbai",1,0.11894647408666104,-0.39999999999999997,0.0,0.09999999999999998,0.6666666666666666,0.12490118577075104,0.12427431059506533,0.55,0.45,-0.050000000000000044,170.0,0.5,0.5,1.0,-1.1280000000000001,-0.09999999999999998,-3,-0.5,-4.100000000000001,-0.5,-0.7999999999999972,-1.2000000000000028,-0.19999999999999996,-0.19999999999999996,0.4299999999999997,30.0,55.0,18.0,10.0,0.35750000000000004,0.5,0.0,0.0,0.0,-1.0,0.0,0.0,1.0
1304069,2022-04-13,2022,PBKS,MI,"Maharashtra Cricket Association Stadium, Pune",1,-0.11849547511312214,0.39999999999999997,0.0,-0.4,0.42857142857142855,-0.0949494949494949,-0.14269466980059137,0.55,0.45,-0.050000000000000044,170.0,0.5,0.5,1.0,0.893,0.0,0,0.0,0.0,0.0,0.0,0.0,0.0,0.0,0.0,30.0,55.0,18.0,10.0,0.35750000000000004,0.5,0.0,0.0,0.0,0.0,0.0,0.0,0.0
1304070,2022-04-14,2022,GT,RR,"Dr DY Patil Sports Academy, Mumbai",1,0.2639664804469274,0.15000000000000002,0.0,-0.6666666666666666,0.5,0.44329896907216493,0.09756097560975607,0.55,0.45,-0.050000000000000044,170.0,0.5,0.5,1.0,0.506,0.4,-3,0.0,-1.5,-1.9000000000000057,-3.5,0.8999999999999986,-0.10000000000000009,0.30000000000000027,-0.17999999999999972,30.0,55.0,18.0,10.0,0.35750000000000004,0.5,1.0,1.0,0.0,-1.0,0.0,-1.0,1.0
1304071,2022-04-15,2022,KKR,SRH,"Brabourne Stadium, Mumbai",0,0.021060945109911744,0.19999999999999996,0.0,-1.0,0.6190476190476191,0.09055727554179571,-0.062972972972973,0.55,0.45,-0.050000000000000044,170.0,0.5,0.5,1.0,-0.671,-0.20000000000000007,-1,0.0,-8.200000000000003,-9.099999999999994,-11.200000000000003,2.5,0.09999999999999987,0.0,-0.6199999999999992,30.0,55.0,18.0,10.0,0.35750000000000004,0.5,0.0,2.0,-2.0,0.0,-1.0,0.0,-2.0
1304072,2022-04-16,2022,LSG,MI,"Brabourne Stadium, Mumbai",1,0.03693693693693689,0.6,0.0,0.33333333333333337,0.5,0.0726072607260726,-0.037190082644628086,0.55,0.45,-0.050000000000000044,170.0,0.5,0.5,1.0,-0.15600000000000003,0.0,0,0.0,0.0,0.0,0.0,0.0,0.0,0.0,0.0,30.0,55.0,18.0,10.0,0.35750000000000004,0.5,0.0,0.0,0.0,0.0,0.0,0.0,0.0
1304073,2022-04-16,2022,RCB,DC,"Wankhede Stadium, Mumbai",1,0.02584220821560529,0.19999999999999996,0.0,-0.03205128205128205,0.5555555555555556,0.013901832867350139,0.04611459968602821,0.55,0.45,-0.050000000000000044,170.0,0.5,0.5,1.0,1.4340000000000002,0.09999999999999998,3,0.5,4.100000000000001,0.5,0.7999999999999972,1.2000000000000028,0.19999999999999996,0.19999999999999996,-0.4299999999999997,30.0,55.0,18.0,10.0,0.35750000000000004,0.5,0.0,0.0,0.0,1.0,0.0,0.0,-1.0
1304074,2022-04-17,2022,PBKS,SRH,"Dr DY Patil Sports Academy, Mumbai",0,-0.04674273095325726,0.0,0.0,-0.16666666666666663,0.3333333333333333,-0.01668862538427751,-0.07297297297297295,0.55,0.45,-0.050000000000000044,170.0,0.5,0.5,1.0,-0.21500000000000002,-0.20000000000000007,-1,0.0,-8.200000000000003,-9.099999999999994,-11.200000000000003,2.5,0.09999999999999987,0.0,-0.6199999999999992,30.0,55.0,18.0,10.0,0.35750000000000004,0.5,0.0,2.0,-2.0,0.0,-1.0,0.0,-2.0
1304075,2022-04-17,2022,CSK,GT,"Maharashtra Cricket Association Stadium, Pune",0,-0.20703517587939702,-0.6000000000000001,0.0,-0.16666666666666663,0.5,-0.34782608695652173,-0.12461059190031154,0.55,0.45,-0.050000000000000044,170.0,0.5,0.5,1.0,-1.04,-0.30000000000000004,1,0.0,-1.5,-2.299999999999997,-5.399999999999999,0.0,-0.30000000000000004,-0.40000000000000013,-0.08999999999999986,30.0,55.0,18.0,10.0,0.35750000000000004,0.5,0.0,1.0,-1.0,-1.0,0.0,0.0,0.0
1304076,2022-04-18,2022,RR,KKR,"Brabourne Stadium, Mumbai",1,-0.02829457364341087,0.19999999999999996,0.0,0.5,0.375,-0.054242749731471585,-0.0035015696691620413,0.55,0.45,-0.050000000000000044,170.0,0.5,0.5,1.0,0.33599999999999997,-0.09999999999999998,2,0.0,3.0,4.200000000000003,8.899999999999999,-0.8999999999999986,0.40000000000000013,0.09999999999999987,0.2699999999999996,30.0,55.0,18.0,10.0,0.35750000000000004,0.5,1.0,0.0,1.0,2.0,0.0,1.0,-1.0
1304077,2022-04-19,2022,RCB,LSG,"Dr DY Patil Sports Academy, Mumbai",1,-0.19444444444444442,0.0,0.0,-0.6,0.5,-0.14414414414414412,-0.24761904761904757,0.55,0.45,-0.050000000000000044,170.0,0.5,0.5,1.0,1.5230000000000001,0.09999999999999998,3,0.5,4.100000000000001,0.5,0.7999999999999972,1.2000000000000028,0.19999999999999996,0.19999999999999996,-0.4299999999999997,30.0,55.0,18.0,10.0,0.35750000000000004,0.5,0.0,0.0,0.0,1.0,0.0,0.0,-1.0
1304078,2022-04-20,2022,PBKS,DC,"Brabourne Stadium, Mumbai",0,0.005758582502768561,0.0,0.0,-0.16666666666666669,0.5357142857142857,0.0007770007770008247,0.029049457620886177,0.55,0.45,-0.050000000000000044,170.0,0.5,0.5,1.0,0.96,0.0,0,0.0,0.0,0.0,0.0,0.0,0.0,0.0,0.0,30.0,55.0,18.0,10.0,0.35750000000000004,0.5,0.0,0.0,0.0,0.0,0.0,0.0,0.0
1304079,2022-04-21,2022,MI,CSK,"Dr DY Patil Sports Academy, Mumbai",0,-0.029461883408071765,-0.2,0.0,-0.04166666666666663,0.59375,-0.06393861892583119,0.00015304560759099584,0.55,0.45,-0.050000000000000044,170.0,0.5,0.5,1.0,-0.239,0.0,0,0.0,0.0,0.0,0.0,0.0,0.0,0.0,0.0,30.0,55.0,18.0,10.0,0.35750000000000004,0.5,0.0,0.0,0.0,0.0,0.0,0.0,0.0
1304080,2022-04-22,2022,RR,DC,"Wankhede Stadium, Mumbai",1,0.04174340085942296,0.19999999999999996,0.0,0.08205128205128204,0.5,0.042545831892078834,0.04229161544135723,0.55,0.45,-0.050000000000000044,170.0,0.5,0.5,1.0,0.8400000000000001,-0.09999999999999998,2,0.0,3.0,4.200000000000003,8.899999999999999,-0.8999999999999986,0.40000000000000013,0.09999999999999987,0.2699999999999996,30.0,55.0,18.0,10.0,0.35750000000000004,0.5,1.0,0.0,1.0,2.0,0.0,1.0,-1.0
1304082,2022-04-23,2022,RCB,SRH,"Brabourne Stadium, Mumbai",0,-0.02534562211981567,0.0,0.0,0.0,0.42105263157894735,-0.006048906048906066,-0.0484446710861805,0.55,0.45,-0.050000000000000044,170.0,0.5,0.5,1.0,0.259,-0.10000000000000009,2,0.5,-4.100000000000001,-8.599999999999994,-10.400000000000006,3.700000000000003,0.2999999999999998,0.19999999999999996,-1.049999999999999,30.0,55.0,18.0,10.0,0.35750000000000004,0.5,0.0,2.0,-2.0,1.0,-1.0,0.0,-3.0
1304081,2022-04-23,2022,GT,KKR,"Dr DY Patil Sports Academy, Mumbai",1,0.32407407407407407,0.4,0.0,-0.16666666666666663,0.5,0.4,0.26072607260726066,0.55,0.45,-0.04999999999999999,170.0,0.5,0.5,1.0,0.842,0.30000000000000004,-1,0.0,1.5,2.299999999999997,5.399999999999999,0.0,0.30000000000000004,0.40000000000000013,0.08999999999999986,30.0,55.0,18.0,10.0,0.35750000000000004,0.5,1.0,0.0,1.0,1.0,0.0,0.0,0.0
1304083,2022-04-24,2022,LSG,MI,"Wankhede Stadium, Mumbai",1,0.013392857142857095,0.6,0.0,-0.6119402985074627,1.0,-0.08823529411764708,0.13387978142076495,0.55,0.45,-0.050000000000000044,170.0,0.5,0.5,1.0,-0.15600000000000003,0.0,0,0.0,0.0,0.0,0.0,0.0,0.0,0.0,0.0,30.0,55.0,18.0,10.0,0.35750000000000004,0.5,0.0,0.0,0.0,0.0,0.0,0.0,0.0
1304084,2022-04-25,2022,PBKS,CSK,"Wankhede Stadium, Mumbai",1,-0.1465421706632713,0.0,0.0,-0.15000000000000002,0.38461538461538464,-0.15086347344411855,-0.14417989417989424,0.55,0.45,-0.050000000000000044,170.0,0.5,0.5,1.0,0.6539999999999999,0.0,0,0.0,0.0,0.0,0.0,0.0,0.0,0.0,0.0,30.0,55.0,18.0,10.0,0.35750000000000004,0.5,0.0,0.0,0.0,0.0,0.0,0.0,0.0
1304085,2022-04-26,2022,RR,RCB,"Maharashtra Cricket Association Stadium, Pune",1,0.01653392479080551,0.0,0.0,-0.09999999999999998,0.4,0.028497885640742737,-0.003894080996884708,0.55,0.45,-0.050000000000000044,170.0,0.5,0.5,1.0,-0.5940000000000001,-0.19999999999999996,-1,-0.5,-1.1000000000000014,3.700000000000003,8.100000000000001,-2.1000000000000014,0.20000000000000018,-0.10000000000000009,0.6999999999999993,30.0,55.0,18.0,10.0,0.35750000000000004,0.5,1.0,0.0,1.0,1.0,0.0,1.0,0.0
1304086,2022-04-27,2022,SRH,GT,"Wankhede Stadium, Mumbai",0,-0.3536945812807881,0.19999999999999996,0.0,-0.8571428571428572,1.0,-0.46478873239436624,-0.27702702702702703,0.55,0.45,-0.050000000000000044,170.0,0.5,0.5,1.0,-0.17099999999999993,-0.09999999999999998,2,0.0,6.700000000000003,6.799999999999997,5.800000000000004,-2.5,-0.3999999999999999,-0.40000000000000013,0.5299999999999994,30.0,55.0,18.0,10.0,0.35750000000000004,0.5,2.0,1.0,1.0,-1.0,1.0,0.0,2.0
1304087,2022-04-28,2022,KKR,DC,"Wankhede Stadium, Mumbai",0,0.06451612903225806,-0.2,0.0,-0.12637362637362637,0.5517241379310345,0.09062590553462768,0.038593655283895745,0.55,0.45,-0.050000000000000044,170.0,0.5,0.5,1.0,0.504,0.0,0,0.0,0.0,0.0,0.0,0.0,0.0,0.0,0.0,30.0,55.0,18.0,10.0,0.35750000000000004,0.5,0.0,0.0,0.0,0.0,0.0,0.0,0.0
1304088,2022-04-29,2022,LSG,PBKS,"Maharashtra Cricket Association Stadium, Pune",1,0.17688679245283018,0.19999999999999996,0.0,0.45833333333333337,0.5,-0.005050505050505083,0.35176991150442477,0.55,0.45,-0.050000000000000044,170.0,0.5,0.5,1.0,-1.049,0.0,0,0.0,0.0,0.0,0.0,0.0,0.0,0.0,0.0,30.0,55.0,18.0,10.0,0.35750000000000004,0.5,0.0,0.0,0.0,0.0,0.0,0.0,0.0
1304089,2022-04-30,2022,RCB,GT,"Brabourne Stadium, Mumbai",0,-0.4046803652968037,-0.4,0.0,-0.5,0.5,-0.4821428571428571,-0.3294392523364486,0.55,0.45,-0.04999999999999999,170.0,0.5,0.5,1.0,0.08800000000000008,-0.20000000000000007,4,0.5,2.6000000000000014,-1.7999999999999972,-4.600000000000001,1.2000000000000028,-0.10000000000000009,-0.20000000000000018,-0.5199999999999996,30.0,55.0,18.0,10.0,0.35750000000000004,0.5,0.0,1.0,-1.0,0.0,0.0,0.0,-1.0
1304090,2022-04-30,2022,RR,MI,"Dr DY Patil Sports Academy, Mumbai",0,-0.063752276867031,0.8,0.0,-0.05555555555555558,0.48,-0.031503863681394906,-0.1092574734811958,0.55,0.45,-0.050000000000000044,170.0,0.5,0.5,1.0,0.7729999999999999,-0.09999999999999998,2,0.0,3.0,4.200000000000003,8.899999999999999,-0.8999999999999986,0.40000000000000013,0.09999999999999987,0.2699999999999996,30.0,55.0,18.0,10.0,0.35750000000000004,0.5,1.0,0.0,1.0,2.0,0.0,1.0,-1.0
1304091,2022-05-01,2022,LSG,DC,"Wankhede Stadium, Mumbai",1,0.22171253822629966,0.0,0.0,-0.06666666666666671,1.0,-0.008333333333333304,0.4326530612244898,0.55,0.45,-0.04999999999999999,170.0,0.5,0.5,1.0,-0.08899999999999997,0.0,0,0.0,0.0,0.0,0.0,0.0,0.0,0.0,0.0,30.0,55.0,18.0,10.0,0.35750000000000004,0.5,0.0,0.0,0.0,0.0,0.0,0.0,0.0
1304092,2022-05-01,2022,CSK,SRH,"Maharashtra Cricket Association Stadium, Pune",1,0.08910891089108908,-0.4,0.0,0.4642857142857143,0.7058823529411765,0.1137249026071322,0.07037037037037042,0.55,0.45,-0.050000000000000044,170.0,0.5,0.5,1.0,-0.869,-0.20000000000000007,-1,0.0,-8.200000000000003,-9.099999999999994,-11.200000000000003,2.5,0.09999999999999987,0.0,-0.6199999999999992,30.0,55.0,18.0,10.0,0.35750000000000004,0.5,0.0,2.0,-2.0,0.0,-1.0,0.0,-2.0
1304093,2022-05-02,2022,RR,KKR,"Wankhede Stadium, Mumbai",0,-0.015456721180694022,0.6,0.0,0.2857142857142857,0.4,-0.04380717804363132,0.016643866849065214,0.55,0.45,-0.050000000000000044,170.0,0.5,0.5,1.0,0.33599999999999997,-0.09999999999999998,2,0.0,3.0,4.200000000000003,8.899999999999999,-0.8999999999999986,0.40000000000000013,0.09999999999999987,0.2699999999999996,30.0,55.0,18.0,10.0,0.35750000000000004,0.5,1.0,0.0,1.0,2.0,0.0,1.0,-1.0
1304094,2022-05-03,2022,GT,PBKS,"Dr DY Patil Sports Academy, Mumbai",0,0.44287949921752734,0.6,0.0,0.3333333333333333,1.0,0.5,0.35176991150442477,0.55,0.45,-0.04999999999999999,170.0,0.5,0.5,1.0,0.38599999999999995,0.30000000000000004,-1,0.0,1.5,2.299999999999997,5.399999999999999,0.0,0.30000000000000004,0.40000000000000013,0.08999999999999986,30.0,55.0,18.0,10.0,0.35750000000000004,0.5,1.0,0.0,1.0,1.0,0.0,0.0,0.0
1304095,2022-05-04,2022,RCB,CSK,"Maharashtra Cricket Association Stadium, Pune",1,-0.12295118674429023,-0.19999999999999996,0.0,-0.25,0.32142857142857145,-0.13107902735562305,-0.12461773700305806,0.55,0.45,-0.050000000000000044,170.0,0.5,0.5,1.0,1.1280000000000001,0.09999999999999998,3,0.5,4.100000000000001,0.5,0.7999999999999972,1.2000000000000028,0.19999999999999996,0.19999999999999996,-0.4299999999999997,30.0,55.0,18.0,10.0,0.35750000000000004,0.5,0.0,0.0,0.0,1.0,0.0,0.0,-1.0
1304096,2022-05-05,2022,DC,SRH,"Brabourne Stadium, Mumbai",1,-0.05367626502655859,-0.19999999999999996,0.0,-0.4,0.4,-0.023645546372819126,-0.09931972789115645,0.55,0.45,-0.050000000000000044,170.0,0.5,0.5,1.0,-1.175,-0.20000000000000007,-1,0.0,-8.200000000000003,-9.099999999999994,-11.200000000000003,2.5,0.09999999999999987,0.0,-0.6199999999999992,30.0,55.0,18.0,10.0,0.35750000000000004,0.5,0.0,2.0,-2.0,0.0,-1.0,0.0,-2.0
1304097,2022-05-06,2022,MI,GT,"Brabourne Stadium, Mumbai",1,-0.24247787610619476,-0.6000000000000001,0.0,-0.4,0.5,-0.41346153846153844,-0.0672131147540983,0.55,0.45,-0.050000000000000044,170.0,0.5,0.5,1.0,-1.279,-0.30000000000000004,1,0.0,-1.5,-2.299999999999997,-5.399999999999999,0.0,-0.30000000000000004,-0.40000000000000013,-0.08999999999999986,30.0,55.0,18.0,10.0,0.35750000000000004,0.5,0.0,1.0,-1.0,-1.0,0.0,0.0,0.0
1304098,2022-05-07,2022,PBKS,RR,"Wankhede Stadium, Mumbai",0,-0.037888355645365024,-0.19999999999999996,0.0,-0.03308823529411764,0.391304347826087,-0.0460699131137603,-0.015563014952700627,0.55,0.45,-0.04999999999999999,170.0,0.5,0.5,1.0,0.12,0.09999999999999998,-2,0.0,-3.0,-4.200000000000003,-8.899999999999999,0.8999999999999986,-0.40000000000000013,-0.09999999999999987,-0.2699999999999996,30.0,55.0,18.0,10.0,0.35750000000000004,0.5,0.0,1.0,-1.0,-2.0,0.0,-1.0,1.0
1304099,2022-05-07,2022,LSG,KKR,"Maharashtra Cricket Association Stadium, Pune",1,0.19315068493150678,0.6000000000000001,0.0,0.0,0.5,-0.09829059829059827,0.43137254901960786,0.55,0.45,-0.050000000000000044,170.0,0.5,0.5,1.0,-0.593,0.0,0,0.0,0.0,0.0,0.0,0.0,0.0,0.0,0.0,30.0,55.0,18.0,10.0,0.35750000000000004,0.5,0.0,0.0,0.0,0.0,0.0,0.0,0.0
1304100,2022-05-08,2022,RCB,SRH,"Wankhede Stadium, Mumbai",1,-0.022655007949125616,0.0,0.0,0.30357142857142855,0.4,-0.0026908023483365184,-0.04464831804281344,0.55,0.45,-0.04999999999999999,170.0,0.5,0.5,1.0,0.259,-0.10000000000000009,2,0.5,-4.100000000000001,-8.599999999999994,-10.400000000000006,3.700000000000003,0.2999999999999998,0.19999999999999996,-1.049999999999999,30.0,55.0,18.0,10.0,0.35750000000000004,0.5,0.0,2.0,-2.0,1.0,-1.0,0.0,-3.0
1304101,2022-05-08,2022,CSK,DC,"Dr DY Patil Sports Academy, Mumbai",1,0.14278074866310164,-0.19999999999999996,0.0,0.380952380952381,0.6153846153846154,0.13797303175293607,0.167547029932351,0.55,0.45,-0.050000000000000044,170.0,0.5,0.5,1.0,0.30600000000000005,0.0,0,0.0,0.0,0.0,0.0,0.0,0.0,0.0,0.0,30.0,55.0,18.0,10.0,0.35750000000000004,0.5,0.0,0.0,0.0,0.0,0.0,0.0,0.0
1304102,2022-05-09,2022,KKR,MI,"Dr DY Patil Sports Academy, Mumbai",1,-0.05492591109331202,-0.2,0.0,-0.09999999999999998,0.26666666666666666,0.006681877444589257,-0.13462458153993306,0.55,0.45,-0.050000000000000044,170.0,0.5,0.5,1.0,0.43699999999999994,0.0,0,0.0,0.0,0.0,0.0,0.0,0.0,0.0,0.0,30.0,55.0,18.0,10.0,0.35750000000000004,0.5,0.0,0.0,0.0,0.0,0.0,0.0,0.0
1304103,2022-05-10,2022,GT,LSG,"Maharashtra Cricket Association Stadium, Pune",1,0.0,-0.20000000000000007,0.0,0.0,1.0,0.33333333333333337,-0.2571428571428571,0.55,0.45,-0.04999999999999999,170.0,0.5,0.5,1.0,1.435,0.30000000000000004,-1,0.0,1.5,2.299999999999997,5.399999999999999,0.0,0.30000000000000004,0.40000000000000013,0.08999999999999986,30.0,55.0,18.0,10.0,0.35750000000000004,0.5,1.0,0.0,1.0,1.0,0.0,0.0,0.0
1304104,2022-05-11,2022,RR,DC,"Dr DY Patil Sports Academy, Mumbai",0,0.0458083978008077,0.19999999999999996,0.0,0.15000000000000002,0.52,0.05555555555555558,0.0400557297109021,0.55,0.45,-0.050000000000000044,170.0,0.5,0.5,1.0,0.8400000000000001,-0.09999999999999998,2,0.0,3.0,4.200000000000003,8.899999999999999,-0.8999999999999986,0.40000000000000013,0.09999999999999987,0.2699999999999996,30.0,55.0,18.0,10.0,0.35750000000000004,0.5,1.0,0.0,1.0,2.0,0.0,1.0,-1.0
1304105,2022-05-12,2022,CSK,MI,"Wankhede Stadium, Mumbai",0,0.03322635857937528,0.19999999999999996,0.0,-0.07913165266106437,0.42424242424242425,0.06115288220551374,0.008869179600886845,0.55,0.45,-0.050000000000000044,170.0,0.5,0.5,1.0,0.239,0.0,0,0.0,0.0,0.0,0.0,0.0,0.0,0.0,0.0,30.0,55.0,18.0,10.0,0.35750000000000004,0.5,0.0,0.0,0.0,0.0,0.0,0.0,0.0
1304106,2022-05-13,2022,PBKS,RCB,"Brabourne Stadium, Mumbai",1,-0.026461345065996233,0.0,0.0,-0.08333333333333331,0.5517241379310345,-0.01290664780763795,-0.032535885167464085,0.55,0.45,-0.050000000000000044,170.0,0.5,0.5,1.0,-0.47400000000000003,-0.09999999999999998,-3,-0.5,-4.100000000000001,-0.5,-0.7999999999999972,-1.2000000000000028,-0.19999999999999996,-0.19999999999999996,0.4299999999999997,30.0,55.0,18.0,10.0,0.35750000000000004,0.5,0.0,0.0,0.0,-1.0,0.0,0.0,1.0
1304107,2022-05-14,2022,KKR,SRH,"Maharashtra Cricket Association Stadium, Pune",1,0.016854444410701774,0.2,0.0,0.6000000000000001,0.5909090909090909,0.07970682546953733,-0.05889967637540455,0.55,0.45,-0.04999999999999999,170.0,0.5,0.5,1.0,-0.671,-0.20000000000000007,-1,0.0,-8.200000000000003,-9.099999999999994,-11.200000000000003,2.5,0.09999999999999987,0.0,-0.6199999999999992,30.0,55.0,18.0,10.0,0.35750000000000004,0.5,0.0,2.0,-2.0,0.0,-1.0,0.0,-2.0
1304108,2022-05-15,2022,CSK,GT,"Wankhede Stadium, Mumbai",0,-0.162621359223301,-0.19999999999999996,0.0,-0.5,0.0,-0.19122807017543864,-0.12612612612612606,0.55,0.45,-0.04999999999999999,170.0,0.5,0.5,1.0,-1.04,-0.30000000000000004,1,0.0,-1.5,-2.299999999999997,-5.399999999999999,0.0,-0.30000000000000004,-0.40000000000000013,-0.08999999999999986,30.0,55.0,18.0,10.0,0.35750000000000004,0.5,0.0,1.0,-1.0,-1.0,0.0,0.0,0.0
1304109,2022-05-15,2022,RR,LSG,"Brabourne Stadium, Mumbai",1,-0.18003565062388588,-0.4,0.0,-0.4,1.0,0.15555555555555556,-0.448051948051948,0.55,0.45,-0.04999999999999999,170.0,0.5,0.5,1.0,0.929,-0.09999999999999998,2,0.0,3.0,4.200000000000003,8.899999999999999,-0.8999999999999986,0.40000000000000013,0.09999999999999987,0.2699999999999996,30.0,55.0,18.0,10.0,0.35750000000000004,0.5,1.0,0.0,1.0,2.0,0.0,1.0,-1.0
1304110,2022-05-16,2022,DC,PBKS,"Dr DY Patil Sports Academy, Mumbai",1,-0.003128128128128127,0.0,0.0,-0.09999999999999998,0.4482758620689655,-0.0008854543990984842,-0.026262626262626265,0.55,0.45,-0.050000000000000044,170.0,0.5,0.5,1.0,-0.96,0.0,0,0.0,0.0,0.0,0.0,0.0,0.0,0.0,0.0,30.0,55.0,18.0,10.0,0.35750000000000004,0.5,0.0,0.0,0.0,0.0,0.0,0.0,0.0
1304111,2022-05-17,2022,SRH,MI,"Wankhede Stadium, Mumbai",1,-0.07228529839883546,-0.6,0.0,-0.497584541062802,0.4444444444444444,-0.07823899371069176,-0.0699186991869919,0.55,0.45,-0.050000000000000044,170.0,0.5,0.5,1.0,1.108,0.20000000000000007,1,0.0,8.200000000000003,9.099999999999994,11.200000000000003,-2.5,-0.09999999999999987,0.0,0.6199999999999992,30.0,55.0,18.0,10.0,0.35750000000000004,0.5,2.0,0.0,2.0,0.0,1.0,0.0,2.0
1304112,2022-05-18,2022,LSG,KKR,"Dr DY Patil Sports Academy, Mumbai",1,0.10637560637560639,0.0,0.0,0.06666666666666665,1.0,-0.2598870056497175,0.44368131868131866,0.55,0.45,-0.04999999999999999,170.0,0.5,0.5,1.0,-0.593,0.0,0,0.0,0.0,0.0,0.0,0.0,0.0,0.0,0.0,30.0,55.0,18.0,10.0,0.35750000000000004,0.5,0.0,0.0,0.0,0.0,0.0,0.0,0.0
1304113,2022-05-19,2022,GT,RCB,"Wankhede Stadium, Mumbai",0,0.2983787512935495,0.19999999999999996,0.0,0.5333333333333333,1.0,0.34386852085967123,0.23939393939393938,0.55,0.45,-0.04999999999999999,170.0,0.5,0.5,1.0,-0.08800000000000008,0.20000000000000007,-4,-0.5,-2.6000000000000014,1.7999999999999972,4.600000000000001,-1.2000000000000028,0.10000000000000009,0.20000000000000018,0.5199999999999996,30.0,55.0,18.0,10.0,0.35750000000000004,0.5,1.0,0.0,1.0,0.0,0.0,0.0,1.0
1304114,2022-05-20,2022,CSK,RR,"Brabourne Stadium, Mumbai",0,0.09517936067427285,0.0,0.0,-0.41666666666666663,0.6,0.08654970760233915,0.119983948635634,0.55,0.45,-0.04999999999999999,170.0,0.5,0.5,1.0,-0.534,0.09999999999999998,-2,0.0,-3.0,-4.200000000000003,-8.899999999999999,0.8999999999999986,-0.40000000000000013,-0.09999999999999987,-0.2699999999999996,30.0,55.0,18.0,10.0,0.35750000000000004,0.5,0.0,1.0,-1.0,-2.0,0.0,-1.0,1.0
1304115,2022-05-21,2022,DC,MI,"Wankhede Stadium, Mumbai",0,-0.10809124585689217,0.0,0.0,-0.22499999999999998,0.4838709677419355,-0.07537421168604208,-0.15658536585365856,0.55,0.45,-0.050000000000000044,170.0,0.5,0.5,1.0,-0.06700000000000006,0.0,0,0.0,0.0,0.0,0.0,0.0,0.0,0.0,0.0,30.0,55.0,18.0,10.0,0.35750000000000004,0.5,0.0,0.0,0.0,0.0,0.0,0.0,0.0
1304116,2022-05-22,2022,SRH,PBKS,"Wankhede Stadium, Mumbai",0,0.043061616870632036,-0.2,0.0,-0.2117647058823529,0.6842105263157895,0.00666666666666671,0.07368421052631574,0.55,0.45,-0.04999999999999999,170.0,0.5,0.5,1.0,0.21500000000000002,0.20000000000000007,1,0.0,8.200000000000003,9.099999999999994,11.200000000000003,-2.5,-0.09999999999999987,0.0,0.6199999999999992,30.0,55.0,18.0,10.0,0.35750000000000004,0.5,2.0,0.0,2.0,0.0,1.0,0.0,2.0
1312197,2022-05-24,2022,RR,GT,"Eden Gardens, Kolkata",0,-0.22222222222222227,0.19999999999999996,0.0,-0.4920634920634921,0.0,-0.29714285714285704,-0.1556982343499197,0.55,0.45,-0.050000000000000044,170.0,0.5,0.5,1.0,-0.506,-0.4,3,0.0,1.5,1.9000000000000057,3.5,-0.8999999999999986,0.10000000000000009,-0.30000000000000027,0.17999999999999972,30.0,55.0,18.0,10.0,0.35750000000000004,0.5,1.0,1.0,0.0,1.0,0.0,1.0,-1.0
1312198,2022-05-25,2022,RCB,LSG,"Eden Gardens, Kolkata",1,-0.1696428571428572,0.0,0.0,-0.24285714285714288,1.0,0.18421052631578955,-0.44772727272727275,0.55,0.45,-0.050000000000000044,170.0,0.5,0.5,1.0,1.5230000000000001,0.09999999999999998,3,0.5,4.100000000000001,0.5,0.7999999999999972,1.2000000000000028,0.19999999999999996,0.19999999999999996,-0.4299999999999997,30.0,55.0,18.0,10.0,0.35750000000000004,0.5,0.0,0.0,0.0,1.0,0.0,0.0,-1.0
1312199,2022-05-27,2022,RCB,RR,"Narendra Modi Stadium, Ahmedabad",0,-0.013918128654970774,0.20000000000000007,0.0,0.010526315789473661,0.5,-0.04245614035087719,0.021321321321321363,0.641,0.359,-0.14100000000000001,192.0,1.0,0.5,1.2,0.5940000000000001,0.19999999999999996,1,0.5,1.1000000000000014,-3.700000000000003,-8.100000000000001,2.1000000000000014,-0.20000000000000018,0.10000000000000009,-0.6999999999999993,35.3,65.0,22.0,0.0,0.5491666666666668,0.7649999999999999,0.0,1.0,-1.0,-1.0,0.0,-1.0,0.0
1312200,2022-05-29,2022,RR,GT,"Narendra Modi Stadium, Ahmedabad",0,-0.24118673647469452,0.0,0.0,0.2666666666666667,0.0,-0.3106435643564357,-0.1603174603174603,0.641,0.359,-0.14100000000000001,192.0,1.0,0.5,1.2,-0.506,-0.4,3,0.0,1.5,1.9000000000000057,3.5,-0.8999999999999986,0.10000000000000009,-0.30000000000000027,0.17999999999999972,35.3,65.0,22.0,0.0,0.5491666666666668,0.7649999999999999,1.0,1.0,0.0,1.0,0.0,1.0,-1.0
1359475,2023-03-31,2023,CSK,GT,"Narendra Modi Stadium, Ahmedabad",0,-0.16826923076923073,-0.6000000000000001,0.0,-0.4182692307692307,0.0,-0.2467836257309941,-0.04045512010113772,0.641,0.359,-0.14100000000000001,192.0,1.0,0.5,1.2,-1.04,-0.30000000000000004,1,0.0,-1.5,-2.299999999999997,-5.399999999999999,0.0,-0.30000000000000004,-0.40000000000000013,-0.08999999999999986,35.3,65.0,22.0,0.0,0.5491666666666668,0.7649999999999999,0.0,1.0,-1.0,-1.0,0.0,0.0,0.0
1359476,2023-04-01,2023,PBKS,KKR,"Punjab Cricket Association IS Bindra Stadium, Mohali, Chandigarh",1,-0.05718517299543341,0.0,0.0,-0.09523809523809523,0.3333333333333333,-0.08338092518560825,-0.013461538461538414,0.55,0.45,-0.050000000000000044,170.0,0.5,0.5,1.0,0.45599999999999996,0.0,0,0.0,0.0,0.0,0.0,0.0,0.0,0.0,0.0,32.4,53.0,18.0,5.0,0.34850000000000003,0.6199999999999999,0.0,0.0,0.0,0.0,0.0,0.0,0.0
1359477,2023-04-01,2023,LSG,DC,"Bharat Ratna Shri Atal Bihari Vajpayee Ekana Cricket Stadium, Lucknow",1,0.15357142857142853,-0.19999999999999996,0.0,0.15357142857142853,1.0,-0.21835075493612077,0.49876237623762376,0.55,0.45,-0.050000000000000044,170.0,0.5,0.5,1.0,-0.08899999999999997,0.0,0,0.0,0.0,0.0,0.0,0.0,0.0,0.0,0.0,30.0,55.0,18.0,10.0,0.35750000000000004,0.5,0.0,0.0,0.0,0.0,0.0,0.0,0.0
1359478,2023-04-02,2023,RR,SRH,"Rajiv Gandhi International Stadium, Uppal, Hyderabad",1,0.0027412280701754055,0.39999999999999997,0.0,-0.32575757575757575,0.5,0.05768976897689759,-0.06093906093906093,0.55,0.45,-0.050000000000000044,170.0,0.5,0.5,1.0,-0.335,-0.30000000000000004,1,0.0,-5.200000000000003,-4.8999999999999915,-2.3000000000000043,1.6000000000000014,0.5,0.09999999999999987,-0.34999999999999964,30.0,55.0,18.0,10.0,0.35750000000000004,0.5,1.0,2.0,-1.0,2.0,-1.0,1.0,-3.0
1359479,2023-04-02,2023,MI,RCB,"M Chinnaswamy Stadium, Bengaluru",0,0.08499023100793007,0.0,0.0,0.3409836065573771,0.5666666666666667,0.06578947368421051,0.10801393728223002,0.55,0.45,-0.050000000000000044,170.0,0.5,0.5,1.0,-1.367,-0.09999999999999998,-3,-0.5,-4.100000000000001,-0.5,-0.7999999999999972,-1.2000000000000028,-0.19999999999999996,-0.19999999999999996,0.4299999999999997,30.0,55.0,18.0,10.0,0.35750000000000004,0.5,0.0,0.0,0.0,-1.0,0.0,0.0,1.0
1359480,2023-04-03,2023,CSK,LSG,"MA Chidambaram Stadium, Chepauk, Chennai",1,-0.046052631578947345,-0.2,0.0,0.0892857142857143,0.0,0.35639097744360904,-0.36257309941520466,0.55,0.45,-0.050000000000000044,170.0,0.5,0.5,1.0,0.395,0.0,0,0.0,0.0,0.0,0.0,0.0,0.0,0.0,0.0,30.0,55.0,18.0,10.0,0.35750000000000004,0.5,0.0,0.0,0.0,0.0,0.0,0.0,0.0
1359481,2023-04-04,2023,DC,GT,"Arun Jaitley Stadium, Delhi",0,-0.3202614379084967,-0.4,0.0,-0.2647058823529411,0.0,-0.4,-0.19519094766619516,0.55,0.45,-0.050000000000000044,170.0,0.5,0.5,1.0,-1.346,-0.30000000000000004,1,0.0,-1.5,-2.299999999999997,-5.399999999999999,0.0,-0.30000000000000004,-0.40000000000000013,-0.08999999999999986,30.0,55.0,18.0,10.0,0.35750000000000004,0.5,0.0,1.0,-1.0,-1.0,0.0,0.0,0.0
1359482,2023-04-05,2023,PBKS,RR,"Barsapara Cricket Stadium, Guwahati",1,-0.04017318475406345,0.0,0.0,-0.04017318475406345,0.375,-0.05950206671152547,-0.007871064467766142,0.55,0.45,-0.050000000000000044,170.0,0.5,0.5,1.0,0.12,0.09999999999999998,-2,0.0,-3.0,-4.200000000000003,-8.899999999999999,0.8999999999999986,-0.40000000000000013,-0.09999999999999987,-0.2699999999999996,30.0,55.0,18.0,10.0,0.35750000000000004,0.5,0.0,1.0,-1.0,-2.0,0.0,-1.0,1.0
1359483,2023-04-06,2023,KKR,RCB,"Eden Gardens, Kolkata",1,0.02869336060415356,-0.19999999999999996,0.0,0.15356265356265358,0.5333333333333333,0.061594202898550776,-0.015109890109890112,0.55,0.45,-0.050000000000000044,170.0,0.5,0.5,1.0,-0.93,-0.09999999999999998,-3,-0.5,-4.100000000000001,-0.5,-0.7999999999999972,-1.2000000000000028,-0.19999999999999996,-0.19999999999999996,0.4299999999999997,30.0,55.0,18.0,10.0,0.35750000000000004,0.5,0.0,0.0,0.0,-1.0,0.0,0.0,1.0
1359484,2023-04-07,2023,SRH,LSG,"Bharat Ratna Shri Atal Bihari Vajpayee Ekana Cricket Stadium, Lucknow",0,-0.10457516339869283,-0.2,0.0,-0.5163398692810457,0.0,0.25,-0.4213564213564213,0.55,0.45,-0.04999999999999999,170.0,0.5,0.5,1.0,1.264,0.20000000000000007,1,0.0,8.200000000000003,9.099999999999994,11.200000000000003,-2.5,-0.09999999999999987,0.0,0.6199999999999992,30.0,55.0,18.0,10.0,0.35750000000000004,0.5,2.0,0.0,2.0,0.0,1.0,0.0,2.0
1359485,2023-04-08,2023,RR,DC,"Barsapara Cricket Stadium, Guwahati",1,0.047212845543289805,0.0,0.0,-0.4424778761061947,0.5,0.05882352941176472,0.04049445865302642,0.55,0.45,-0.050000000000000044,170.0,0.5,0.5,1.0,0.8400000000000001,-0.09999999999999998,2,0.0,3.0,4.200000000000003,8.899999999999999,-0.8999999999999986,0.40000000000000013,0.09999999999999987,0.2699999999999996,30.0,55.0,18.0,10.0,0.35750000000000004,0.5,1.0,0.0,1.0,2.0,0.0,1.0,-1.0
1359486,2023-04-08,2023,MI,CSK,"Wankhede Stadium, Mumbai",0,-0.024917898193760335,0.2,0.0,0.12737293325168397,0.5882352941176471,-0.058771929824561364,0.001823281907433305,0.55,0.45,-0.050000000000000044,170.0,0.5,0.5,1.0,-0.239,0.0,0,0.0,0.0,0.0,0.0,0.0,0.0,0.0,0.0,30.0,55.0,18.0,10.0,0.35750000000000004,0.5,0.0,0.0,0.0,0.0,0.0,0.0,0.0
1359487,2023-04-09,2023,GT,KKR,"Narendra Modi Stadium, Ahmedabad",0,0.2711111111111111,0.20000000000000007,0.0,0.5,1.0,0.3257575757575757,0.15238095238095234,0.641,0.359,-0.14100000000000001,192.0,1.0,0.5,1.2,0.842,0.30000000000000004,-1,0.0,1.5,2.299999999999997,5.399999999999999,0.0,0.30000000000000004,0.40000000000000013,0.08999999999999986,35.3,65.0,22.0,0.0,0.5491666666666668,0.7649999999999999,1.0,0.0,1.0,1.0,0.0,0.0,0.0
1359488,2023-04-09,2023,PBKS,SRH,"Rajiv Gandhi International Stadium, Uppal, Hyderabad",0,-0.025974025974025983,0.6000000000000001,0.0,-0.24444444444444446,0.35,0.004854368932038833,-0.05128205128205132,0.55,0.45,-0.050000000000000044,170.0,0.5,0.5,1.0,-0.21500000000000002,-0.20000000000000007,-1,0.0,-8.200000000000003,-9.099999999999994,-11.200000000000003,2.5,0.09999999999999987,0.0,-0.6199999999999992,30.0,55.0,18.0,10.0,0.35750000000000004,0.5,0.0,2.0,-2.0,0.0,-1.0,0.0,-2.0
1359489,2023-04-10,2023,RCB,LSG,"M Chinnaswamy Stadium, Bengaluru",0,-0.1374269005847954,0.0,0.0,-0.14336917562724022,1.0,0.18390804597701155,-0.4603174603174603,0.55,0.45,-0.050000000000000044,170.0,0.5,0.5,1.0,1.5230000000000001,0.09999999999999998,3,0.5,4.100000000000001,0.5,0.7999999999999972,1.2000000000000028,0.19999999999999996,0.19999999999999996,-0.4299999999999997,30.0,55.0,18.0,10.0,0.35750000000000004,0.5,0.0,0.0,0.0,1.0,0.0,0.0,-1.0
1359490,2023-04-11,2023,DC,MI,"Arun Jaitley Stadium, Delhi",0,-0.11311943430829441,-0.2,0.0,-0.2833333333333333,0.46875,-0.08733333333333337,-0.15545098039215688,0.55,0.45,-0.050000000000000044,170.0,0.5,0.5,1.0,-0.06700000000000006,0.0,0,0.0,0.0,0.0,0.0,0.0,0.0,0.0,0.0,30.0,55.0,18.0,10.0,0.35750000000000004,0.5,0.0,0.0,0.0,0.0,0.0,0.0,0.0
1359491,2023-04-12,2023,RR,CSK,"MA Chidambaram Stadium, Chepauk, Chennai",1,-0.0906306963179001,0.19999999999999996,0.0,-0.5764411027568923,0.4230769230769231,-0.08700980392156865,-0.11107994389901826,0.55,0.45,-0.050000000000000044,170.0,0.5,0.5,1.0,0.534,-0.09999999999999998,2,0.0,3.0,4.200000000000003,8.899999999999999,-0.8999999999999986,0.40000000000000013,0.09999999999999987,0.2699999999999996,30.0,55.0,18.0,10.0,0.35750000000000004,0.5,1.0,0.0,1.0,2.0,0.0,1.0,-1.0
1359492,2023-04-13,2023,PBKS,GT,"Punjab Cricket Association IS Bindra Stadium, Mohali, Chandigarh",0,-0.2843534174803524,-0.20000000000000007,0.0,-0.14593301435406691,0.5,-0.40423654015887023,-0.09322033898305082,0.55,0.45,-0.050000000000000044,170.0,0.5,0.5,1.0,-0.38599999999999995,-0.30000000000000004,1,0.0,-1.5,-2.299999999999997,-5.399999999999999,0.0,-0.30000000000000004,-0.40000000000000013,-0.08999999999999986,32.4,53.0,18.0,5.0,0.34850000000000003,0.6199999999999999,0.0,1.0,-1.0,-1.0,0.0,0.0,0.0
1359493,2023-04-14,2023,SRH,KKR,"Eden Gardens, Kolkata",1,-0.02497858978018841,-0.19999999999999996,0.0,-0.3633333333333333,0.34782608695652173,-0.08028335301062584,0.042490842490842506,0.55,0.45,-0.050000000000000044,170.0,0.5,0.5,1.0,0.671,0.20000000000000007,1,0.0,8.200000000000003,9.099999999999994,11.200000000000003,-2.5,-0.09999999999999987,0.0,0.6199999999999992,30.0,55.0,18.0,10.0,0.35750000000000004,0.5,2.0,0.0,2.0,0.0,1.0,0.0,2.0
1359495,2023-04-15,2023,LSG,PBKS,"Bharat Ratna Shri Atal Bihari Vajpayee Ekana Cricket Stadium, Lucknow",0,0.18112849691797056,0.0,0.0,0.5495495495495495,1.0,-0.10485436893203881,0.4855275443510737,0.55,0.45,-0.050000000000000044,170.0,0.5,0.5,1.0,-1.049,0.0,0,0.0,0.0,0.0,0.0,0.0,0.0,0.0,0.0,30.0,55.0,18.0,10.0,0.35750000000000004,0.5,0.0,0.0,0.0,0.0,0.0,0.0,0.0
1359494,2023-04-15,2023,RCB,DC,"M Chinnaswamy Stadium, Bengaluru",1,0.033019229295947305,0.4,0.0,0.031746031746031744,0.5714285714285714,0.021241379310344866,0.05584672222699544,0.55,0.45,-0.050000000000000044,170.0,0.5,0.5,1.0,1.4340000000000002,0.09999999999999998,3,0.5,4.100000000000001,0.5,0.7999999999999972,1.2000000000000028,0.19999999999999996,0.19999999999999996,-0.4299999999999997,30.0,55.0,18.0,10.0,0.35750000000000004,0.5,0.0,0.0,0.0,1.0,0.0,0.0,-1.0
1359496,2023-04-16,2023,KKR,MI,"Wankhede Stadium, Mumbai",0,-0.04894762604013703,0.0,0.0,-0.33055555555555555,0.2903225806451613,-0.005188750187998248,-0.10895238095238097,0.55,0.45,-0.050000000000000044,170.0,0.5,0.5,1.0,0.43699999999999994,0.0,0,0.0,0.0,0.0,0.0,0.0,0.0,0.0,0.0,30.0,55.0,18.0,10.0,0.35750000000000004,0.5,0.0,0.0,0.0,0.0,0.0,0.0,0.0
1359497,2023-04-16,2023,GT,RR,"Narendra Modi Stadium, Ahmedabad",0,0.25510204081632654,0.20000000000000007,0.0,0.16666666666666663,1.0,0.3578431372549019,0.07446808510638298,0.641,0.359,-0.14100000000000001,192.0,1.0,0.5,1.2,0.506,0.4,-3,0.0,-1.5,-1.9000000000000057,-3.5,0.8999999999999986,-0.10000000000000009,0.30000000000000027,-0.17999999999999972,35.3,65.0,22.0,0.0,0.5491666666666668,0.7649999999999999,1.0,1.0,0.0,-1.0,0.0,-1.0,1.0
1359498,2023-04-17,2023,CSK,RCB,"M Chinnaswamy Stadium, Bengaluru",1,0.1062756357670222,0.0,0.0,0.1026785714285714,0.6551724137931034,0.12193387842161385,0.10061022120518692,0.55,0.45,-0.050000000000000044,170.0,0.5,0.5,1.0,-1.1280000000000001,-0.09999999999999998,-3,-0.5,-4.100000000000001,-0.5,-0.7999999999999972,-1.2000000000000028,-0.19999999999999996,-0.19999999999999996,0.4299999999999997,30.0,55.0,18.0,10.0,0.35750000000000004,0.5,0.0,0.0,0.0,-1.0,0.0,0.0,1.0
1359499,2023-04-18,2023,MI,SRH,"Rajiv Gandhi International Stadium, Uppal, Hyderabad",1,0.07026732133115116,0.19999999999999996,0.0,-0.015810276679841917,0.47368421052631576,0.0844155844155845,0.05964556962025319,0.55,0.45,-0.050000000000000044,170.0,0.5,0.5,1.0,-1.108,-0.20000000000000007,-1,0.0,-8.200000000000003,-9.099999999999994,-11.200000000000003,2.5,0.09999999999999987,0.0,-0.6199999999999992,30.0,55.0,18.0,10.0,0.35750000000000004,0.5,0.0,2.0,-2.0,0.0,-1.0,0.0,-2.0
1359500,2023-04-19,2023,LSG,RR,"Sawai Mansingh Stadium, Jaipur",1,0.10253807106598983,-0.20000000000000007,0.0,-0.08085106382978724,0.0,-0.1631067961165048,0.374468085106383,0.55,0.45,-0.050000000000000044,170.0,0.5,0.5,1.0,-0.929,0.09999999999999998,-2,0.0,-3.0,-4.200000000000003,-8.899999999999999,0.8999999999999986,-0.40000000000000013,-0.09999999999999987,-0.2699999999999996,30.0,55.0,18.0,10.0,0.35750000000000004,0.5,0.0,1.0,-1.0,-2.0,0.0,-1.0,1.0
1359501,2023-04-20,2023,RCB,PBKS,"Punjab Cricket Association IS Bindra Stadium, Mohali, Chandigarh",1,0.01894667365519387,-0.19999999999999996,0.0,0.4347826086956522,0.43333333333333335,0.0032051282051281937,0.02646321686569364,0.55,0.45,-0.050000000000000044,170.0,0.5,0.5,1.0,0.47400000000000003,0.09999999999999998,3,0.5,4.100000000000001,0.5,0.7999999999999972,1.2000000000000028,0.19999999999999996,0.19999999999999996,-0.4299999999999997,32.4,53.0,18.0,5.0,0.34850000000000003,0.6199999999999999,0.0,0.0,0.0,1.0,0.0,0.0,-1.0
1359502,2023-04-20,2023,KKR,DC,"Arun Jaitley Stadium, Delhi",0,0.06770474220485712,0.4,0.0,-0.4375,0.5333333333333333,0.08990372105126204,0.04616230078769007,0.55,0.45,-0.050000000000000044,170.0,0.5,0.5,1.0,0.504,0.0,0,0.0,0.0,0.0,0.0,0.0,0.0,0.0,0.0,30.0,55.0,18.0,10.0,0.35750000000000004,0.5,0.0,0.0,0.0,0.0,0.0,0.0,0.0
1359503,2023-04-21,2023,SRH,CSK,"MA Chidambaram Stadium, Chepauk, Chennai",0,-0.09808319129212639,-0.19999999999999996,0.0,-0.5818965517241379,0.2777777777777778,-0.1391752577319587,-0.06612832824094278,0.55,0.45,-0.050000000000000044,170.0,0.5,0.5,1.0,0.869,0.20000000000000007,1,0.0,8.200000000000003,9.099999999999994,11.200000000000003,-2.5,-0.09999999999999987,0.0,0.6199999999999992,30.0,55.0,18.0,10.0,0.35750000000000004,0.5,2.0,0.0,2.0,0.0,1.0,0.0,2.0
1359504,2023-04-22,2023,GT,LSG,"Bharat Ratna Shri Atal Bihari Vajpayee Ekana Cricket Stadium, Lucknow",1,0.09523809523809523,0.0,0.0,0.04761904761904767,1.0,0.5166666666666666,-0.3737373737373738,0.55,0.45,-0.04999999999999999,170.0,0.5,0.5,1.0,1.435,0.30000000000000004,-1,0.0,1.5,2.299999999999997,5.399999999999999,0.0,0.30000000000000004,0.40000000000000013,0.08999999999999986,30.0,55.0,18.0,10.0,0.35750000000000004,0.5,1.0,0.0,1.0,1.0,0.0,0.0,0.0
1359505,2023-04-22,2023,PBKS,MI,"Wankhede Stadium, Mumbai",1,-0.10842917675544789,-0.19999999999999996,0.0,-0.1582952815829528,0.4482758620689655,-0.0861471861471862,-0.1283846872082166,0.55,0.45,-0.050000000000000044,170.0,0.5,0.5,1.0,0.893,0.0,0,0.0,0.0,0.0,0.0,0.0,0.0,0.0,0.0,30.0,55.0,18.0,10.0,0.35750000000000004,0.5,0.0,0.0,0.0,0.0,0.0,0.0,0.0
1359506,2023-04-23,2023,RCB,RR,"M Chinnaswamy Stadium, Bengaluru",1,-0.02081156391501221,-0.19999999999999996,0.0,-0.038461538461538436,0.48148148148148145,-0.044871794871794934,0.009250693802035137,0.55,0.45,-0.050000000000000044,170.0,0.5,0.5,1.0,0.5940000000000001,0.19999999999999996,1,0.5,1.1000000000000014,-3.700000000000003,-8.100000000000001,2.1000000000000014,-0.20000000000000018,0.10000000000000009,-0.6999999999999993,30.0,55.0,18.0,10.0,0.35750000000000004,0.5,0.0,1.0,-1.0,-1.0,0.0,-1.0,0.0
1359507,2023-04-23,2023,CSK,KKR,"Eden Gardens, Kolkata",1,0.08192874341917322,0.4,0.0,-0.1507177033492823,0.6538461538461539,0.060889929742388826,0.12326780534966159,0.55,0.45,-0.050000000000000044,170.0,0.5,0.5,1.0,-0.19799999999999998,0.0,0,0.0,0.0,0.0,0.0,0.0,0.0,0.0,0.0,30.0,55.0,18.0,10.0,0.35750000000000004,0.5,0.0,0.0,0.0,0.0,0.0,0.0,0.0
1359508,2023-04-24,2023,DC,SRH,"Rajiv Gandhi International Stadium, Uppal, Hyderabad",1,-0.0418822234452394,-0.2,0.0,-0.013297872340425565,0.42857142857142855,-0.003937007874015741,-0.09356796116504856,0.55,0.45,-0.04999999999999999,170.0,0.5,0.5,1.0,-1.175,-0.20000000000000007,-1,0.0,-8.200000000000003,-9.099999999999994,-11.200000000000003,2.5,0.09999999999999987,0.0,-0.6199999999999992,30.0,55.0,18.0,10.0,0.35750000000000004,0.5,0.0,2.0,-2.0,0.0,-1.0,0.0,-2.0
1359509,2023-04-25,2023,GT,MI,"Narendra Modi Stadium, Ahmedabad",1,0.17031070195627163,0.0,0.0,-0.05696202531645567,0.0,0.33108108108108103,-0.031746031746031744,0.641,0.359,-0.14100000000000001,192.0,1.0,0.5,1.2,1.279,0.30000000000000004,-1,0.0,1.5,2.299999999999997,5.399999999999999,0.0,0.30000000000000004,0.40000000000000013,0.08999999999999986,35.3,65.0,22.0,0.0,0.5491666666666668,0.7649999999999999,1.0,0.0,1.0,1.0,0.0,0.0,0.0
1359510,2023-04-26,2023,KKR,RCB,"M Chinnaswamy Stadium, Bengaluru",1,0.023605150214592252,-0.39999999999999997,0.0,0.07575757575757569,0.5483870967741935,0.06441525953721083,-0.028440219142765066,0.55,0.45,-0.050000000000000044,170.0,0.5,0.5,1.0,-0.93,-0.09999999999999998,-3,-0.5,-4.100000000000001,-0.5,-0.7999999999999972,-1.2000000000000028,-0.19999999999999996,-0.19999999999999996,0.4299999999999997,30.0,55.0,18.0,10.0,0.35750000000000004,0.5,0.0,0.0,0.0,-1.0,0.0,0.0,1.0
1359511,2023-04-27,2023,RR,CSK,"Sawai Mansingh Stadium, Jaipur",1,-0.09358420007011803,-0.20000000000000007,0.0,0.16666666666666663,0.4444444444444444,-0.09047619047619049,-0.11292962356792141,0.55,0.45,-0.04999999999999999,170.0,0.5,0.5,1.0,0.534,-0.09999999999999998,2,0.0,3.0,4.200000000000003,8.899999999999999,-0.8999999999999986,0.40000000000000013,0.09999999999999987,0.2699999999999996,30.0,55.0,18.0,10.0,0.35750000000000004,0.5,1.0,0.0,1.0,2.0,0.0,1.0,-1.0
1359512,2023-04-28,2023,LSG,PBKS,"Punjab Cricket Association IS Bindra Stadium, Mohali, Chandigarh",1,0.13757575757575763,0.19999999999999996,0.0,0.04924242424242431,0.5,-0.1411255411255411,0.4098484848484849,0.55,0.45,-0.050000000000000044,170.0,0.5,0.5,1.0,-1.049,0.0,0,0.0,0.0,0.0,0.0,0.0,0.0,0.0,0.0,32.4,53.0,18.0,5.0,0.34850000000000003,0.6199999999999999,0.0,0.0,0.0,0.0,0.0,0.0,0.0
1359513,2023-04-29,2023,KKR,GT,"Eden Gardens, Kolkata",0,-0.2369659326181065,-0.39999999999999997,0.0,-0.4025974025974026,0.5,-0.339430894308943,-0.12878787878787873,0.55,0.45,-0.050000000000000044,170.0,0.5,0.5,1.0,-0.842,-0.30000000000000004,1,0.0,-1.5,-2.299999999999997,-5.399999999999999,0.0,-0.30000000000000004,-0.40000000000000013,-0.08999999999999986,30.0,55.0,18.0,10.0,0.35750000000000004,0.5,0.0,1.0,-1.0,-1.0,0.0,0.0,0.0
1359514,2023-04-29,2023,SRH,DC,"Arun Jaitley Stadium, Delhi",1,0.036428979825206265,0.0,0.0,0.02941176470588236,0.5,-0.00239210605003487,0.08750000000000002,0.55,0.45,-0.04999999999999999,170.0,0.5,0.5,1.0,1.175,0.20000000000000007,1,0.0,8.200000000000003,9.099999999999994,11.200000000000003,-2.5,-0.09999999999999987,0.0,0.6199999999999992,30.0,55.0,18.0,10.0,0.35750000000000004,0.5,2.0,0.0,2.0,0.0,1.0,0.0,2.0
1359515,2023-04-30,2023,CSK,PBKS,"MA Chidambaram Stadium, Chepauk, Chennai",0,0.1320058997050148,0.19999999999999996,0.0,0.461864406779661,0.5555555555555556,0.13636363636363635,0.1301282051282051,0.55,0.45,-0.04999999999999999,170.0,0.5,0.5,1.0,-0.6539999999999999,0.0,0,0.0,0.0,0.0,0.0,0.0,0.0,0.0,0.0,30.0,55.0,18.0,10.0,0.35750000000000004,0.5,0.0,0.0,0.0,0.0,0.0,0.0,0.0
1359516,2023-04-30,2023,RR,MI,"Wankhede Stadium, Mumbai",0,-0.05962184873949583,0.0,0.0,-0.09459459459459463,0.46153846153846156,-0.027976190476190488,-0.10016708437761068,0.55,0.45,-0.04999999999999999,170.0,0.5,0.5,1.0,0.7729999999999999,-0.09999999999999998,2,0.0,3.0,4.200000000000003,8.899999999999999,-0.8999999999999986,0.40000000000000013,0.09999999999999987,0.2699999999999996,30.0,55.0,18.0,10.0,0.35750000000000004,0.5,1.0,0.0,1.0,2.0,0.0,1.0,-1.0
1359517,2023-05-01,2023,RCB,LSG,"Bharat Ratna Shri Atal Bihari Vajpayee Ekana Cricket Stadium, Lucknow",1,-0.13433667781493874,0.0,0.0,-0.02564102564102566,0.6666666666666666,0.14483821263482277,-0.3936781609195403,0.55,0.45,-0.04999999999999999,170.0,0.5,0.5,1.0,1.5230000000000001,0.09999999999999998,3,0.5,4.100000000000001,0.5,0.7999999999999972,1.2000000000000028,0.19999999999999996,0.19999999999999996,-0.4299999999999997,30.0,55.0,18.0,10.0,0.35750000000000004,0.5,0.0,0.0,0.0,1.0,0.0,0.0,-1.0
1359518,2023-05-02,2023,DC,GT,"Narendra Modi Stadium, Ahmedabad",1,-0.3103448275862069,-0.4,0.0,0.06666666666666665,0.0,-0.43088942307692313,-0.17045454545454541,0.641,0.359,-0.14100000000000001,192.0,1.0,0.5,1.2,-1.346,-0.30000000000000004,1,0.0,-1.5,-2.299999999999997,-5.399999999999999,0.0,-0.30000000000000004,-0.40000000000000013,-0.08999999999999986,35.3,65.0,22.0,0.0,0.5491666666666668,0.7649999999999999,0.0,1.0,-1.0,-1.0,0.0,0.0,0.0
1359519,2023-05-03,2023,LSG,CSK,"Bharat Ratna Shri Atal Bihari Vajpayee Ekana Cricket Stadium, Lucknow",0,0.0026881720430107503,-0.19999999999999996,0.0,-0.1806451612903226,0.5,-0.30303030303030304,0.2994350282485876,0.55,0.45,-0.050000000000000044,170.0,0.5,0.5,1.0,-0.395,0.0,0,0.0,0.0,0.0,0.0,0.0,0.0,0.0,0.0,30.0,55.0,18.0,10.0,0.35750000000000004,0.5,0.0,0.0,0.0,0.0,0.0,0.0,0.0
1359520,2023-05-03,2023,PBKS,MI,"Punjab Cricket Association IS Bindra Stadium, Mohali, Chandigarh",0,-0.10274086225646506,0.0,0.0,0.020000000000000018,0.4666666666666667,-0.07939789926391538,-0.12341269841269842,0.55,0.45,-0.050000000000000044,170.0,0.5,0.5,1.0,0.893,0.0,0,0.0,0.0,0.0,0.0,0.0,0.0,0.0,0.0,32.4,53.0,18.0,5.0,0.34850000000000003,0.6199999999999999,0.0,0.0,0.0,0.0,0.0,0.0,0.0
1359521,2023-05-04,2023,KKR,SRH,"Rajiv Gandhi International Stadium, Uppal, Hyderabad",1,0.01874999999999999,-0.2,0.0,0.0,0.5833333333333334,0.08356488628177422,-0.05629176577188805,0.55,0.45,-0.04999999999999999,170.0,0.5,0.5,1.0,-0.671,-0.20000000000000007,-1,0.0,-8.200000000000003,-9.099999999999994,-11.200000000000003,2.5,0.09999999999999987,0.0,-0.6199999999999992,30.0,55.0,18.0,10.0,0.35750000000000004,0.5,0.0,2.0,-2.0,0.0,-1.0,0.0,-2.0
1359522,2023-05-05,2023,RR,GT,"Sawai Mansingh Stadium, Jaipur",0,-0.22746268656716417,-0.19999999999999996,0.0,-0.04653061224489796,0.25,-0.3047619047619047,-0.1183712121212121,0.55,0.45,-0.04999999999999999,170.0,0.5,0.5,1.0,-0.506,-0.4,3,0.0,1.5,1.9000000000000057,3.5,-0.8999999999999986,0.10000000000000009,-0.30000000000000027,0.17999999999999972,30.0,55.0,18.0,10.0,0.35750000000000004,0.5,1.0,1.0,0.0,1.0,0.0,1.0,-1.0
1359524,2023-05-06,2023,RCB,DC,"Arun Jaitley Stadium, Delhi",0,0.03453565884394122,0.0,0.0,0.05555555555555558,0.5862068965517241,0.016287076271186418,0.06349206349206349,0.55,0.45,-0.04999999999999999,170.0,0.5,0.5,1.0,1.4340000000000002,0.09999999999999998,3,0.5,4.100000000000001,0.5,0.7999999999999972,1.2000000000000028,0.19999999999999996,0.19999999999999996,-0.4299999999999997,30.0,55.0,18.0,10.0,0.35750000000000004,0.5,0.0,0.0,0.0,1.0,0.0,0.0,-1.0
1359523,2023-05-06,2023,MI,CSK,"MA Chidambaram Stadium, Chepauk, Chennai",0,-0.019648318042813417,0.19999999999999996,0.0,-0.16153846153846152,0.5714285714285714,-0.04228070175438592,-0.002152273338714039,0.55,0.45,-0.050000000000000044,170.0,0.5,0.5,1.0,-0.239,0.0,0,0.0,0.0,0.0,0.0,0.0,0.0,0.0,0.0,30.0,55.0,18.0,10.0,0.35750000000000004,0.5,0.0,0.0,0.0,0.0,0.0,0.0,0.0
1359526,2023-05-07,2023,RR,SRH,"Sawai Mansingh Stadium, Jaipur",0,0.011838140335772684,0.0,0.0,0.3266666666666667,0.5294117647058824,0.06488095238095243,-0.04645539009800176,0.55,0.45,-0.04999999999999999,170.0,0.5,0.5,1.0,-0.335,-0.30000000000000004,1,0.0,-5.200000000000003,-4.8999999999999915,-2.3000000000000043,1.6000000000000014,0.5,0.09999999999999987,-0.34999999999999964,30.0,55.0,18.0,10.0,0.35750000000000004,0.5,1.0,2.0,-1.0,2.0,-1.0,1.0,-3.0
1359525,2023-05-07,2023,GT,LSG,"Narendra Modi Stadium, Ahmedabad",1,0.17076923076923067,0.4,0.0,-0.06000000000000005,1.0,0.5333333333333334,-0.22377622377622386,0.641,0.359,-0.14100000000000001,192.0,1.0,0.5,1.2,1.435,0.30000000000000004,-1,0.0,1.5,2.299999999999997,5.399999999999999,0.0,0.30000000000000004,0.40000000000000013,0.08999999999999986,35.3,65.0,22.0,0.0,0.5491666666666668,0.7649999999999999,1.0,0.0,1.0,1.0,0.0,0.0,0.0
1359527,2023-05-08,2023,PBKS,KKR,"Eden Gardens, Kolkata",0,-0.05039153678186886,0.0,0.0,-0.31701631701631705,0.3548387096774194,-0.07256287516146198,-0.013223140495867758,0.55,0.45,-0.04999999999999999,170.0,0.5,0.5,1.0,0.45599999999999996,0.0,0,0.0,0.0,0.0,0.0,0.0,0.0,0.0,0.0,30.0,55.0,18.0,10.0,0.35750000000000004,0.5,0.0,0.0,0.0,0.0,0.0,0.0,0.0
1359528,2023-05-09,2023,RCB,MI,"Wankhede Stadium, Mumbai",0,-0.08144032632393278,0.19999999999999996,0.0,-0.09999999999999998,0.41935483870967744,-0.07924472197442767,-0.08688108901641528,0.55,0.45,-0.050000000000000044,170.0,0.5,0.5,1.0,1.367,0.09999999999999998,3,0.5,4.100000000000001,0.5,0.7999999999999972,1.2000000000000028,0.19999999999999996,0.19999999999999996,-0.4299999999999997,30.0,55.0,18.0,10.0,0.35750000000000004,0.5,0.0,0.0,0.0,1.0,0.0,0.0,-1.0
1359529,2023-05-10,2023,CSK,DC,"MA Chidambaram Stadium, Chepauk, Chennai",1,0.13546423135464236,-0.4,0.0,0.40491803278688526,0.6296296296296297,0.13753933532888174,0.15294592413236485,0.55,0.45,-0.04999999999999999,170.0,0.5,0.5,1.0,0.30600000000000005,0.0,0,0.0,0.0,0.0,0.0,0.0,0.0,0.0,0.0,30.0,55.0,18.0,10.0,0.35750000000000004,0.5,0.0,0.0,0.0,0.0,0.0,0.0,0.0
1359530,2023-05-11,2023,KKR,RR,"Eden Gardens, Kolkata",0,0.016588775209464834,0.39999999999999997,0.0,0.39493670886075943,0.5384615384615384,0.028264208909370203,-0.00018552875695737603,0.55,0.45,-0.050000000000000044,170.0,0.5,0.5,1.0,-0.33599999999999997,0.09999999999999998,-2,0.0,-3.0,-4.200000000000003,-8.899999999999999,0.8999999999999986,-0.40000000000000013,-0.09999999999999987,-0.2699999999999996,30.0,55.0,18.0,10.0,0.35750000000000004,0.5,0.0,1.0,-1.0,-2.0,0.0,-1.0,1.0
1359531,2023-05-12,2023,MI,GT,"Wankhede Stadium, Mumbai",1,-0.18288950107131918,-0.20000000000000007,0.0,-0.14473684210526316,0.5,-0.2753623188405797,-0.05577427821522318,0.55,0.45,-0.050000000000000044,170.0,0.5,0.5,1.0,-1.279,-0.30000000000000004,1,0.0,-1.5,-2.299999999999997,-5.399999999999999,0.0,-0.30000000000000004,-0.40000000000000013,-0.08999999999999986,30.0,55.0,18.0,10.0,0.35750000000000004,0.5,0.0,1.0,-1.0,-1.0,0.0,0.0,0.0
1359532,2023-05-13,2023,SRH,LSG,"Rajiv Gandhi International Stadium, Uppal, Hyderabad",0,-0.05698005698005698,0.2,0.0,0.07378335949764525,0.0,0.18613485280151942,-0.3000949667616335,0.55,0.45,-0.04999999999999999,170.0,0.5,0.5,1.0,1.264,0.20000000000000007,1,0.0,8.200000000000003,9.099999999999994,11.200000000000003,-2.5,-0.09999999999999987,0.0,0.6199999999999992,30.0,55.0,18.0,10.0,0.35750000000000004,0.5,2.0,0.0,2.0,0.0,1.0,0.0,2.0
1359533,2023-05-13,2023,PBKS,DC,"Arun Jaitley Stadium, Delhi",1,0.007228467899284607,-0.19999999999999996,0.0,0.026315789473684237,0.5,0.012365204888569292,0.020686963309914153,0.55,0.45,-0.050000000000000044,170.0,0.5,0.5,1.0,0.96,0.0,0,0.0,0.0,0.0,0.0,0.0,0.0,0.0,0.0,30.0,55.0,18.0,10.0,0.35750000000000004,0.5,0.0,0.0,0.0,0.0,0.0,0.0,0.0
1359534,2023-05-14,2023,RCB,RR,"Sawai Mansingh Stadium, Jaipur",1,-0.01762223876892527,0.0,0.0,-0.21848739495798325,0.5,-0.04812919731371923,0.018607442977190858,0.55,0.45,-0.04999999999999999,170.0,0.5,0.5,1.0,0.5940000000000001,0.19999999999999996,1,0.5,1.1000000000000014,-3.700000000000003,-8.100000000000001,2.1000000000000014,-0.20000000000000018,0.10000000000000009,-0.6999999999999993,30.0,55.0,18.0,10.0,0.35750000000000004,0.5,0.0,1.0,-1.0,-1.0,0.0,-1.0,0.0
1359535,2023-05-14,2023,CSK,KKR,"MA Chidambaram Stadium, Chepauk, Chennai",0,0.07969052224371376,-0.19999999999999996,0.0,0.45967741935483875,0.6666666666666666,0.05301820504631105,0.12340071163600574,0.55,0.45,-0.04999999999999999,170.0,0.5,0.5,1.0,-0.19799999999999998,0.0,0,0.0,0.0,0.0,0.0,0.0,0.0,0.0,0.0,30.0,55.0,18.0,10.0,0.35750000000000004,0.5,0.0,0.0,0.0,0.0,0.0,0.0,0.0
1359536,2023-05-15,2023,GT,SRH,"Narendra Modi Stadium, Ahmedabad",1,0.2357581069237511,0.19999999999999996,0.0,0.0929009640666082,0.5,0.31867283950617287,0.11991869918699188,0.641,0.359,-0.14100000000000001,192.0,1.0,0.5,1.2,0.17099999999999993,0.09999999999999998,-2,0.0,-6.700000000000003,-6.799999999999997,-5.800000000000004,2.5,0.3999999999999999,0.40000000000000013,-0.5299999999999994,35.3,65.0,22.0,0.0,0.5491666666666668,0.7649999999999999,1.0,2.0,-1.0,1.0,-1.0,0.0,-2.0
1359537,2023-05-16,2023,LSG,MI,"Bharat Ratna Shri Atal Bihari Vajpayee Ekana Cricket Stadium, Lucknow",1,-0.004115226337448541,-0.4,0.0,-0.2263374485596708,1.0,-0.23416149068322983,0.23798076923076927,0.55,0.45,-0.050000000000000044,170.0,0.5,0.5,1.0,-0.15600000000000003,0.0,0,0.0,0.0,0.0,0.0,0.0,0.0,0.0,0.0,30.0,55.0,18.0,10.0,0.35750000000000004,0.5,0.0,0.0,0.0,0.0,0.0,0.0,0.0
1359538,2023-05-17,2023,DC,PBKS,"Himachal Pradesh Cricket Association Stadium, Dharamsala",1,-0.011495946941783353,0.0,0.0,-0.22222222222222227,0.45161290322580644,-0.01612327887565096,-0.025551684088269466,0.55,0.45,-0.050000000000000044,170.0,0.5,0.5,1.0,-0.96,0.0,0,0.0,0.0,0.0,0.0,0.0,0.0,0.0,0.0,30.0,55.0,18.0,10.0,0.35750000000000004,0.5,0.0,0.0,0.0,0.0,0.0,0.0,0.0
1359539,2023-05-18,2023,SRH,RCB,"Rajiv Gandhi International Stadium, Uppal, Hyderabad",0,0.0008198401311744208,0.0,0.0,0.39999999999999997,0.5238095238095238,-0.02066969822240594,0.021747967479674835,0.55,0.45,-0.050000000000000044,170.0,0.5,0.5,1.0,-0.259,0.10000000000000009,-2,-0.5,4.100000000000001,8.599999999999994,10.400000000000006,-3.700000000000003,-0.2999999999999998,-0.19999999999999996,1.049999999999999,30.0,55.0,18.0,10.0,0.35750000000000004,0.5,2.0,0.0,2.0,-1.0,1.0,0.0,3.0
1359540,2023-05-19,2023,PBKS,RR,"Himachal Pradesh Cricket Association Stadium, Dharamsala",0,-0.03758842783233024,0.2,0.0,0.012195121951219523,0.4,-0.051401869158878455,-0.011863281898125133,0.55,0.45,-0.050000000000000044,170.0,0.5,0.5,1.0,0.12,0.09999999999999998,-2,0.0,-3.0,-4.200000000000003,-8.899999999999999,0.8999999999999986,-0.40000000000000013,-0.09999999999999987,-0.2699999999999996,30.0,55.0,18.0,10.0,0.35750000000000004,0.5,0.0,1.0,-1.0,-2.0,0.0,-1.0,1.0
1359541,2023-05-20,2023,CSK,DC,"Arun Jaitley Stadium, Delhi",1,0.13614754567844672,-0.19999999999999996,0.0,0.04999999999999999,0.6428571428571429,0.145113748016023,0.14654088050314462,0.55,0.45,-0.04999999999999999,170.0,0.5,0.5,1.0,0.30600000000000005,0.0,0,0.0,0.0,0.0,0.0,0.0,0.0,0.0,0.0,30.0,55.0,18.0,10.0,0.35750000000000004,0.5,0.0,0.0,0.0,0.0,0.0,0.0,0.0
1359542,2023-05-20,2023,LSG,KKR,"Eden Gardens, Kolkata",1,0.06719128329297819,-0.19999999999999996,0.0,-0.5875,1.0,-0.2268571428571428,0.3712998712998713,0.55,0.45,-0.050000000000000044,170.0,0.5,0.5,1.0,-0.593,0.0,0,0.0,0.0,0.0,0.0,0.0,0.0,0.0,0.0,30.0,55.0,18.0,10.0,0.35750000000000004,0.5,0.0,0.0,0.0,0.0,0.0,0.0,0.0
1359543,2023-05-21,2023,SRH,MI,"Wankhede Stadium, Mumbai",0,-0.0846497764530551,-0.39999999999999997,0.0,-0.42857142857142855,0.45,-0.09840201850294361,-0.0734186746987952,0.55,0.45,-0.050000000000000044,170.0,0.5,0.5,1.0,1.108,0.20000000000000007,1,0.0,8.200000000000003,9.099999999999994,11.200000000000003,-2.5,-0.09999999999999987,0.0,0.6199999999999992,30.0,55.0,18.0,10.0,0.35750000000000004,0.5,2.0,0.0,2.0,0.0,1.0,0.0,2.0
1359544,2023-05-21,2023,RCB,GT,"M Chinnaswamy Stadium, Bengaluru",0,-0.24715048333573797,0.0,0.0,-0.26145136387030365,0.5,-0.2998949579831933,-0.17371794871794877,0.55,0.45,-0.050000000000000044,170.0,0.5,0.5,1.0,0.08800000000000008,-0.20000000000000007,4,0.5,2.6000000000000014,-1.7999999999999972,-4.600000000000001,1.2000000000000028,-0.10000000000000009,-0.20000000000000018,-0.5199999999999996,30.0,55.0,18.0,10.0,0.35750000000000004,0.5,0.0,1.0,-1.0,0.0,0.0,0.0,-1.0
1370350,2023-05-23,2023,CSK,GT,"MA Chidambaram Stadium, Chepauk, Chennai",1,-0.15225225225225225,-0.20000000000000007,0.0,-0.03492063492063491,0.0,-0.18986604542807217,-0.07819453273998733,0.55,0.45,-0.050000000000000044,170.0,0.5,0.5,1.0,-1.04,-0.30000000000000004,1,0.0,-1.5,-2.299999999999997,-5.399999999999999,0.0,-0.30000000000000004,-0.40000000000000013,-0.08999999999999986,30.0,55.0,18.0,10.0,0.35750000000000004,0.5,0.0,1.0,-1.0,-1.0,0.0,0.0,0.0
1370351,2023-05-24,2023,MI,LSG,"MA Chidambaram Stadium, Chepauk, Chennai",1,-0.02702322308233629,0.0,0.0,0.5,0.0,0.2326007326007326,-0.26875000000000004,0.55,0.45,-0.04999999999999999,170.0,0.5,0.5,1.0,0.15600000000000003,0.0,0,0.0,0.0,0.0,0.0,0.0,0.0,0.0,0.0,30.0,55.0,18.0,10.0,0.35750000000000004,0.5,0.0,0.0,0.0,0.0,0.0,0.0,0.0
1370352,2023-05-26,2023,GT,MI,"Narendra Modi Stadium, Ahmedabad",1,0.14870180959874113,-0.20000000000000007,0.0,0.625,0.3333333333333333,0.18803418803418803,0.08050089445438291,0.641,0.359,-0.14100000000000001,192.0,1.0,0.5,1.2,1.279,0.30000000000000004,-1,0.0,1.5,2.299999999999997,5.399999999999999,0.0,0.30000000000000004,0.40000000000000013,0.08999999999999986,35.3,65.0,22.0,0.0,0.5491666666666668,0.7649999999999999,1.0,0.0,1.0,1.0,0.0,0.0,0.0
1370353,2023-05-29,2023,GT,CSK,"Narendra Modi Stadium, Ahmedabad",0,0.1357903587443946,-0.20000000000000007,0.0,0.6666666666666666,0.75,0.14411441144114412,0.10187353629976581,0.641,0.359,-0.14100000000000001,192.0,1.0,0.5,1.2,1.04,0.30000000000000004,-1,0.0,1.5,2.299999999999997,5.399999999999999,0.0,0.30000000000000004,0.40000000000000013,0.08999999999999986,35.3,65.0,22.0,0.0,0.5491666666666668,0.7649999999999999,1.0,0.0,1.0,1.0,0.0,0.0,0.0
1422119,2024-03-22,2024,RCB,CSK,"MA Chidambaram Stadium, Chepauk, Chennai",0,-0.10982142857142863,-0.4,0.0,-0.2864583333333333,0.3333333333333333,-0.12464985994397759,-0.10296707763175728,0.55,0.45,-0.04999999999999999,170.0,0.5,0.5,1.0,1.1280000000000001,0.09999999999999998,3,0.5,4.100000000000001,0.5,0.7999999999999972,1.2000000000000028,0.19999999999999996,0.19999999999999996,-0.4299999999999997,30.0,55.0,18.0,10.0,0.35750000000000004,0.5,0.0,0.0,0.0,1.0,0.0,0.0,-1.0
1422120,2024-03-23,2024,DC,PBKS,"Maharaja Yadavindra Singh International Cricket Stadium, Mullanpur",0,-0.007099391480730244,0.2,0.0,-0.007099391480730244,0.46875,-0.015151515151515138,-0.016433353621424174,0.55,0.45,-0.050000000000000044,170.0,0.5,0.5,1.0,-0.96,0.0,0,0.0,0.0,0.0,0.0,0.0,0.0,0.0,0.0,32.4,53.0,18.0,5.0,0.34850000000000003,0.6199999999999999,0.0,0.0,0.0,0.0,0.0,0.0,0.0
1422121,2024-03-23,2024,KKR,SRH,"Eden Gardens, Kolkata",1,0.032230186569061015,0.39999999999999997,0.0,0.24691358024691362,0.6,0.09156020131629894,-0.03796653796653798,0.55,0.45,-0.050000000000000044,170.0,0.5,0.5,1.0,-0.671,-0.20000000000000007,-1,0.0,-8.200000000000003,-9.099999999999994,-11.200000000000003,2.5,0.09999999999999987,0.0,-0.6199999999999992,30.0,55.0,18.0,10.0,0.35750000000000004,0.5,0.0,2.0,-2.0,0.0,-1.0,0.0,-2.0
1422122,2024-03-24,2024,RR,LSG,"Sawai Mansingh Stadium, Jaipur",1,-0.07637540453074432,-0.19999999999999996,0.0,-0.3653846153846154,0.6666666666666666,0.22222222222222227,-0.3816326530612245,0.55,0.45,-0.04999999999999999,170.0,0.5,0.5,1.0,0.929,-0.09999999999999998,2,0.0,3.0,4.200000000000003,8.899999999999999,-0.8999999999999986,0.40000000000000013,0.09999999999999987,0.2699999999999996,30.0,55.0,18.0,10.0,0.35750000000000004,0.5,1.0,0.0,1.0,2.0,0.0,1.0,-1.0
1422123,2024-03-24,2024,GT,MI,"Narendra Modi Stadium, Ahmedabad",1,0.13826524352840142,0.0,0.0,0.6,0.5,0.1930320150659134,0.06511627906976747,0.641,0.359,-0.14100000000000001,192.0,1.0,0.5,1.2,1.279,0.30000000000000004,-1,0.0,1.5,2.299999999999997,5.399999999999999,0.0,0.30000000000000004,0.40000000000000013,0.08999999999999986,35.3,65.0,22.0,0.0,0.5491666666666668,0.7649999999999999,1.0,0.0,1.0,1.0,0.0,0.0,0.0
1422124,2024-03-25,2024,PBKS,RCB,"M Chinnaswamy Stadium, Bengaluru",0,-0.022385268819119175,0.0,0.0,0.04411764705882354,0.5483870967741935,-0.008017886053503953,-0.031200423056583826,0.55,0.45,-0.050000000000000044,170.0,0.5,0.5,1.0,-0.47400000000000003,-0.09999999999999998,-3,-0.5,-4.100000000000001,-0.5,-0.7999999999999972,-1.2000000000000028,-0.19999999999999996,-0.19999999999999996,0.4299999999999997,30.0,55.0,18.0,10.0,0.35750000000000004,0.5,0.0,0.0,0.0,-1.0,0.0,0.0,1.0
1422125,2024-03-26,2024,CSK,GT,"MA Chidambaram Stadium, Chepauk, Chennai",1,-0.11921568627450985,0.20000000000000007,0.0,0.7076923076923077,0.4,-0.13700107874865153,-0.0840163934426229,0.55,0.45,-0.050000000000000044,170.0,0.5,0.5,1.0,-1.04,-0.30000000000000004,1,0.0,-1.5,-2.299999999999997,-5.399999999999999,0.0,-0.30000000000000004,-0.40000000000000013,-0.08999999999999986,30.0,55.0,18.0,10.0,0.35750000000000004,0.5,0.0,1.0,-1.0,-1.0,0.0,0.0,0.0
1422126,2024-03-27,2024,SRH,MI,"Rajiv Gandhi International Stadium, Uppal, Hyderabad",1,-0.08938574463975268,-0.4,0.0,-0.07843137254901955,0.42857142857142855,-0.0979042219297358,-0.08250276854928013,0.55,0.45,-0.050000000000000044,170.0,0.5,0.5,1.0,1.108,0.20000000000000007,1,0.0,8.200000000000003,9.099999999999994,11.200000000000003,-2.5,-0.09999999999999987,0.0,0.6199999999999992,30.0,55.0,18.0,10.0,0.35750000000000004,0.5,2.0,0.0,2.0,0.0,1.0,0.0,2.0
1422127,2024-03-28,2024,RR,DC,"Sawai Mansingh Stadium, Jaipur",1,0.05342307925535145,0.39999999999999997,0.0,0.3081761006289308,0.5185185185185185,0.07070707070707072,0.04106485414896632,0.55,0.45,-0.050000000000000044,170.0,0.5,0.5,1.0,0.8400000000000001,-0.09999999999999998,2,0.0,3.0,4.200000000000003,8.899999999999999,-0.8999999999999986,0.40000000000000013,0.09999999999999987,0.2699999999999996,30.0,55.0,18.0,10.0,0.35750000000000004,0.5,1.0,0.0,1.0,2.0,0.0,1.0,-1.0
1422128,2024-03-29,2024,RCB,KKR,"M Chinnaswamy Stadium, Bengaluru",0,-0.02899506910202093,0.0,0.0,-0.11956521739130438,0.4375,-0.0626984126984127,0.014783372365339553,0.55,0.45,-0.050000000000000044,170.0,0.5,0.5,1.0,0.93,0.09999999999999998,3,0.5,4.100000000000001,0.5,0.7999999999999972,1.2000000000000028,0.19999999999999996,0.19999999999999996,-0.4299999999999997,30.0,55.0,18.0,10.0,0.35750000000000004,0.5,0.0,0.0,0.0,1.0,0.0,0.0,-1.0
1422129,2024-03-30,2024,LSG,PBKS,"Bharat Ratna Shri Atal Bihari Vajpayee Ekana Cricket Stadium, Lucknow",1,0.09966914805624477,0.19999999999999996,0.0,-0.5714285714285714,0.6666666666666666,-0.19208715596330272,0.4,0.55,0.45,-0.04999999999999999,170.0,0.5,0.5,1.0,-1.049,0.0,0,0.0,0.0,0.0,0.0,0.0,0.0,0.0,0.0,30.0,55.0,18.0,10.0,0.35750000000000004,0.5,0.0,0.0,0.0,0.0,0.0,0.0,0.0
1422131,2024-03-31,2024,DC,CSK,"Dr. Y.S. Rajasekhara Reddy ACA-VDCA Cricket Stadium, Visakhapatnam",1,-0.15099557522123896,-0.8,0.0,-0.6,0.3448275862068966,-0.1595736915103293,-0.16153787706101358,0.55,0.45,-0.04999999999999999,170.0,0.5,0.5,1.0,-0.30600000000000005,0.0,0,0.0,0.0,0.0,0.0,0.0,0.0,0.0,0.0,30.0,55.0,18.0,10.0,0.35750000000000004,0.5,0.0,0.0,0.0,0.0,0.0,0.0,0.0
1422130,2024-03-31,2024,SRH,GT,"Narendra Modi Stadium, Ahmedabad",0,-0.2154761904761905,-0.2,0.0,-0.6363636363636364,0.3333333333333333,-0.25491439441978436,-0.16617647058823531,0.641,0.359,-0.14100000000000001,192.0,1.0,0.5,1.2,-0.17099999999999993,-0.09999999999999998,2,0.0,6.700000000000003,6.799999999999997,5.800000000000004,-2.5,-0.3999999999999999,-0.40000000000000013,0.5299999999999994,35.3,65.0,22.0,0.0,0.5491666666666668,0.7649999999999999,2.0,1.0,1.0,-1.0,1.0,0.0,2.0
1422132,2024-04-01,2024,MI,RR,"Wankhede Stadium, Mumbai",0,0.05902455977757182,-0.4,0.0,0.14170040485829966,0.5555555555555556,0.019444444444444375,0.10488372093023252,0.55,0.45,-0.050000000000000044,170.0,0.5,0.5,1.0,-0.7729999999999999,0.09999999999999998,-2,0.0,-3.0,-4.200000000000003,-8.899999999999999,0.8999999999999986,-0.40000000000000013,-0.09999999999999987,-0.2699999999999996,30.0,55.0,18.0,10.0,0.35750000000000004,0.5,0.0,1.0,-1.0,-2.0,0.0,-1.0,1.0
1422133,2024-04-02,2024,LSG,RCB,"M Chinnaswamy Stadium, Bengaluru",1,0.08924897119341563,0.19999999999999996,0.0,0.5428571428571429,0.25,-0.20416666666666672,0.38160569105691056,0.55,0.45,-0.050000000000000044,170.0,0.5,0.5,1.0,-1.5230000000000001,-0.09999999999999998,-3,-0.5,-4.100000000000001,-0.5,-0.7999999999999972,-1.2000000000000028,-0.19999999999999996,-0.19999999999999996,0.4299999999999997,30.0,55.0,18.0,10.0,0.35750000000000004,0.5,0.0,0.0,0.0,-1.0,0.0,0.0,1.0
1422134,2024-04-03,2024,KKR,DC,"Dr. Y.S. Rajasekhara Reddy ACA-VDCA Cricket Stadium, Visakhapatnam",1,0.06644212573134956,0.19999999999999996,0.0,-0.5,0.5161290322580645,0.10147415783553371,0.030753968253968256,0.55,0.45,-0.04999999999999999,170.0,0.5,0.5,1.0,0.504,0.0,0,0.0,0.0,0.0,0.0,0.0,0.0,0.0,0.0,30.0,55.0,18.0,10.0,0.35750000000000004,0.5,0.0,0.0,0.0,0.0,0.0,0.0,0.0
1422135,2024-04-04,2024,GT,PBKS,"Narendra Modi Stadium, Ahmedabad",0,0.24763593380614657,0.39999999999999997,0.0,0.3333333333333333,0.6666666666666666,0.25,0.22499999999999998,0.641,0.359,-0.14100000000000001,192.0,1.0,0.5,1.2,0.38599999999999995,0.30000000000000004,-1,0.0,1.5,2.299999999999997,5.399999999999999,0.0,0.30000000000000004,0.40000000000000013,0.08999999999999986,35.3,65.0,22.0,0.0,0.5491666666666668,0.7649999999999999,1.0,0.0,1.0,1.0,0.0,0.0,0.0
1422136,2024-04-05,2024,CSK,SRH,"Rajiv Gandhi International Stadium, Uppal, Hyderabad",0,0.11844746239866538,0.6000000000000001,0.0,-0.09615384615384615,0.7368421052631579,0.1526876737720111,0.09122707506144828,0.55,0.45,-0.050000000000000044,170.0,0.5,0.5,1.0,-0.869,-0.20000000000000007,-1,0.0,-8.200000000000003,-9.099999999999994,-11.200000000000003,2.5,0.09999999999999987,0.0,-0.6199999999999992,30.0,55.0,18.0,10.0,0.35750000000000004,0.5,0.0,2.0,-2.0,0.0,-1.0,0.0,-2.0
1422137,2024-04-06,2024,RCB,RR,"Sawai Mansingh Stadium, Jaipur",0,-0.026296180092556243,-0.6000000000000001,0.0,-0.14814814814814814,0.5172413793103449,-0.047236333308059764,0.0008943089430894502,0.55,0.45,-0.050000000000000044,170.0,0.5,0.5,1.0,0.5940000000000001,0.19999999999999996,1,0.5,1.1000000000000014,-3.700000000000003,-8.100000000000001,2.1000000000000014,-0.20000000000000018,0.10000000000000009,-0.6999999999999993,30.0,55.0,18.0,10.0,0.35750000000000004,0.5,0.0,1.0,-1.0,-1.0,0.0,-1.0,0.0
1422138,2024-04-07,2024,MI,DC,"Wankhede Stadium, Mumbai",1,0.11398347107438023,0.0,0.0,0.2546537602382725,0.5454545454545454,0.0973880597014925,0.14188034188034188,0.55,0.45,-0.050000000000000044,170.0,0.5,0.5,1.0,0.06700000000000006,0.0,0,0.0,0.0,0.0,0.0,0.0,0.0,0.0,0.0,30.0,55.0,18.0,10.0,0.35750000000000004,0.5,0.0,0.0,0.0,0.0,0.0,0.0,0.0
1422139,2024-04-07,2024,LSG,GT,"Bharat Ratna Shri Atal Bihari Vajpayee Ekana Cricket Stadium, Lucknow",1,-0.09991809991809986,0.19999999999999996,0.0,-0.5,0.0,-0.4375,0.23529411764705876,0.55,0.45,-0.04999999999999999,170.0,0.5,0.5,1.0,-1.435,-0.30000000000000004,1,0.0,-1.5,-2.299999999999997,-5.399999999999999,0.0,-0.30000000000000004,-0.40000000000000013,-0.08999999999999986,30.0,55.0,18.0,10.0,0.35750000000000004,0.5,0.0,1.0,-1.0,-1.0,0.0,0.0,0.0
1426260,2024-04-08,2024,KKR,CSK,"MA Chidambaram Stadium, Chepauk, Chennai",0,-0.07500000000000007,0.20000000000000007,0.0,-0.40442890442890445,0.35714285714285715,-0.05193821926105391,-0.11554381958321436,0.55,0.45,-0.050000000000000044,170.0,0.5,0.5,1.0,0.19799999999999998,0.0,0,0.0,0.0,0.0,0.0,0.0,0.0,0.0,0.0,30.0,55.0,18.0,10.0,0.35750000000000004,0.5,0.0,0.0,0.0,0.0,0.0,0.0,0.0
1426261,2024-04-09,2024,SRH,PBKS,"Maharaja Yadavindra Singh International Cricket Stadium, Mullanpur",1,0.02143569292123626,0.0,0.0,-0.5294117647058824,0.6666666666666666,-0.016409266409266376,0.053488372093023206,0.55,0.45,-0.050000000000000044,170.0,0.5,0.5,1.0,0.21500000000000002,0.20000000000000007,1,0.0,8.200000000000003,9.099999999999994,11.200000000000003,-2.5,-0.09999999999999987,0.0,0.6199999999999992,32.4,53.0,18.0,5.0,0.34850000000000003,0.6199999999999999,2.0,0.0,2.0,0.0,1.0,0.0,2.0
1426262,2024-04-10,2024,RR,GT,"Sawai Mansingh Stadium, Jaipur",0,-0.1578947368421053,0.6,0.0,-0.34545454545454546,0.2,-0.1506493506493507,-0.15823529411764709,0.55,0.45,-0.050000000000000044,170.0,0.5,0.5,1.0,-0.506,-0.4,3,0.0,1.5,1.9000000000000057,3.5,-0.8999999999999986,0.10000000000000009,-0.30000000000000027,0.17999999999999972,30.0,55.0,18.0,10.0,0.35750000000000004,0.5,1.0,1.0,0.0,1.0,0.0,1.0,-1.0
1426263,2024-04-11,2024,RCB,MI,"Wankhede Stadium, Mumbai",0,-0.08439710545572804,0.0,0.0,-0.1419117647058824,0.40625,-0.06260330578512396,-0.10693179019945825,0.55,0.45,-0.050000000000000044,170.0,0.5,0.5,1.0,1.367,0.09999999999999998,3,0.5,4.100000000000001,0.5,0.7999999999999972,1.2000000000000028,0.19999999999999996,0.19999999999999996,-0.4299999999999997,30.0,55.0,18.0,10.0,0.35750000000000004,0.5,0.0,0.0,0.0,1.0,0.0,0.0,-1.0
1426264,2024-04-12,2024,LSG,DC,"Bharat Ratna Shri Atal Bihari Vajpayee Ekana Cricket Stadium, Lucknow",0,0.15202130234809974,0.39999999999999997,0.0,0.5555555555555556,1.0,-0.1615740740740741,0.4444444444444445,0.55,0.45,-0.04999999999999999,170.0,0.5,0.5,1.0,-0.08899999999999997,0.0,0,0.0,0.0,0.0,0.0,0.0,0.0,0.0,0.0,30.0,55.0,18.0,10.0,0.35750000000000004,0.5,0.0,0.0,0.0,0.0,0.0,0.0,0.0
1426265,2024-04-13,2024,PBKS,RR,"Maharaja Yadavindra Singh International Cricket Stadium, Mullanpur",0,-0.050372947787309774,-0.4,0.0,0.002369668246445522,0.38461538461538464,-0.0636363636363636,-0.02574257425742571,0.55,0.45,-0.050000000000000044,170.0,0.5,0.5,1.0,0.12,0.09999999999999998,-2,0.0,-3.0,-4.200000000000003,-8.899999999999999,0.8999999999999986,-0.40000000000000013,-0.09999999999999987,-0.2699999999999996,32.4,53.0,18.0,5.0,0.34850000000000003,0.6199999999999999,0.0,1.0,-1.0,-2.0,0.0,-1.0,1.0
1426267,2024-04-14,2024,CSK,MI,"Wankhede Stadium, Mumbai",1,0.02959728287239205,0.19999999999999996,0.0,-0.11728395061728392,0.4444444444444444,0.05958284140102321,0.005971435606993314,0.55,0.45,-0.050000000000000044,170.0,0.5,0.5,1.0,0.239,0.0,0,0.0,0.0,0.0,0.0,0.0,0.0,0.0,0.0,30.0,55.0,18.0,10.0,0.35750000000000004,0.5,0.0,0.0,0.0,0.0,0.0,0.0,0.0
1426266,2024-04-14,2024,LSG,KKR,"Eden Gardens, Kolkata",0,0.06520450503852993,0.0,0.0,-0.08536585365853655,1.0,-0.2701771653543307,0.368421052631579,0.55,0.45,-0.050000000000000044,170.0,0.5,0.5,1.0,-0.593,0.0,0,0.0,0.0,0.0,0.0,0.0,0.0,0.0,0.0,30.0,55.0,18.0,10.0,0.35750000000000004,0.5,0.0,0.0,0.0,0.0,0.0,0.0,0.0
1426268,2024-04-15,2024,SRH,RCB,"M Chinnaswamy Stadium, Bengaluru",1,0.006204535729567806,0.39999999999999997,0.0,-0.11737089201877937,0.5,-0.02430145611963791,0.03577011494252874,0.55,0.45,-0.050000000000000044,170.0,0.5,0.5,1.0,-0.259,0.10000000000000009,-2,-0.5,4.100000000000001,8.599999999999994,10.400000000000006,-3.700000000000003,-0.2999999999999998,-0.19999999999999996,1.049999999999999,30.0,55.0,18.0,10.0,0.35750000000000004,0.5,2.0,0.0,2.0,-1.0,1.0,0.0,3.0
1426269,2024-04-16,2024,KKR,RR,"Eden Gardens, Kolkata",0,0.008264462809917328,0.0,0.0,0.31763417305585984,0.5185185185185185,0.018369932432432456,-0.004689942678478387,0.55,0.45,-0.050000000000000044,170.0,0.5,0.5,1.0,-0.33599999999999997,0.09999999999999998,-2,0.0,-3.0,-4.200000000000003,-8.899999999999999,0.8999999999999986,-0.40000000000000013,-0.09999999999999987,-0.2699999999999996,30.0,55.0,18.0,10.0,0.35750000000000004,0.5,0.0,1.0,-1.0,-2.0,0.0,-1.0,1.0
1426270,2024-04-17,2024,GT,DC,"Narendra Modi Stadium, Ahmedabad",0,0.22814207650273222,0.0,0.0,-0.13461538461538458,0.6666666666666666,0.24933155080213903,0.19934640522875818,0.641,0.359,-0.14100000000000001,192.0,1.0,0.5,1.2,1.346,0.30000000000000004,-1,0.0,1.5,2.299999999999997,5.399999999999999,0.0,0.30000000000000004,0.40000000000000013,0.08999999999999986,35.3,65.0,22.0,0.0,0.5491666666666668,0.7649999999999999,1.0,0.0,1.0,1.0,0.0,0.0,0.0
1426271,2024-04-18,2024,MI,PBKS,"Maharaja Yadavindra Singh International Cricket Stadium, Mullanpur",1,0.1079815325339622,0.2,0.0,0.2200263504611331,0.5161290322580645,0.07377049180327866,0.13752574821277114,0.55,0.45,-0.050000000000000044,170.0,0.5,0.5,1.0,-0.893,0.0,0,0.0,0.0,0.0,0.0,0.0,0.0,0.0,0.0,32.4,53.0,18.0,5.0,0.34850000000000003,0.6199999999999999,0.0,0.0,0.0,0.0,0.0,0.0,0.0
1426272,2024-04-19,2024,CSK,LSG,"Bharat Ratna Shri Atal Bihari Vajpayee Ekana Cricket Stadium, Lucknow",0,0.03140096618357491,0.0,0.0,-0.5,0.3333333333333333,0.32559523809523805,-0.20599999999999996,0.55,0.45,-0.050000000000000044,170.0,0.5,0.5,1.0,0.395,0.0,0,0.0,0.0,0.0,0.0,0.0,0.0,0.0,0.0,30.0,55.0,18.0,10.0,0.35750000000000004,0.5,0.0,0.0,0.0,0.0,0.0,0.0,0.0
1426273,2024-04-20,2024,SRH,DC,"Arun Jaitley Stadium, Delhi",1,0.035927859515899385,0.20000000000000007,0.0,0.17142857142857143,0.5217391304347826,0.0063434132777198116,0.07702020202020199,0.55,0.45,-0.050000000000000044,170.0,0.5,0.5,1.0,1.175,0.20000000000000007,1,0.0,8.200000000000003,9.099999999999994,11.200000000000003,-2.5,-0.09999999999999987,0.0,0.6199999999999992,30.0,55.0,18.0,10.0,0.35750000000000004,0.5,2.0,0.0,2.0,0.0,1.0,0.0,2.0
1426274,2024-04-21,2024,KKR,RCB,"Eden Gardens, Kolkata",1,0.0405857949717599,0.6,0.0,0.16666666666666669,0.5757575757575758,0.07774077868852458,-0.006608695652173924,0.55,0.45,-0.050000000000000044,170.0,0.5,0.5,1.0,-0.93,-0.09999999999999998,-3,-0.5,-4.100000000000001,-0.5,-0.7999999999999972,-1.2000000000000028,-0.19999999999999996,-0.19999999999999996,0.4299999999999997,30.0,55.0,18.0,10.0,0.35750000000000004,0.5,0.0,0.0,0.0,-1.0,0.0,0.0,1.0
1426275,2024-04-21,2024,PBKS,GT,"Maharaja Yadavindra Singh International Cricket Stadium, Mullanpur",0,-0.2064853556485356,-0.2,0.0,-0.4,0.5,-0.23169750603378925,-0.15873015873015878,0.55,0.45,-0.04999999999999999,170.0,0.5,0.5,1.0,-0.38599999999999995,-0.30000000000000004,1,0.0,-1.5,-2.299999999999997,-5.399999999999999,0.0,-0.30000000000000004,-0.40000000000000013,-0.08999999999999986,32.4,53.0,18.0,5.0,0.34850000000000003,0.6199999999999999,0.0,1.0,-1.0,-1.0,0.0,0.0,0.0
1426276,2024-04-22,2024,MI,RR,"Sawai Mansingh Stadium, Jaipur",0,0.052770692395844865,-0.20000000000000007,0.0,-0.3571428571428572,0.5357142857142857,0.0023419203747072626,0.11213621362136211,0.55,0.45,-0.04999999999999999,170.0,0.5,0.5,1.0,-0.7729999999999999,0.09999999999999998,-2,0.0,-3.0,-4.200000000000003,-8.899999999999999,0.8999999999999986,-0.40000000000000013,-0.09999999999999987,-0.2699999999999996,30.0,55.0,18.0,10.0,0.35750000000000004,0.5,0.0,1.0,-1.0,-2.0,0.0,-1.0,1.0
1426277,2024-04-23,2024,CSK,LSG,"MA Chidambaram Stadium, Chepauk, Chennai",0,0.016848016848016845,-0.19999999999999996,0.0,0.7164179104477612,0.25,0.2851540616246498,-0.21031746031746035,0.55,0.45,-0.050000000000000044,170.0,0.5,0.5,1.0,0.395,0.0,0,0.0,0.0,0.0,0.0,0.0,0.0,0.0,0.0,30.0,55.0,18.0,10.0,0.35750000000000004,0.5,0.0,0.0,0.0,0.0,0.0,0.0,0.0
1426278,2024-04-24,2024,DC,GT,"Arun Jaitley Stadium, Delhi",1,-0.21951219512195125,0.0,0.0,-0.5909090909090908,0.5,-0.26086956521739124,-0.16666666666666669,0.55,0.45,-0.050000000000000044,170.0,0.5,0.5,1.0,-1.346,-0.30000000000000004,1,0.0,-1.5,-2.299999999999997,-5.399999999999999,0.0,-0.30000000000000004,-0.40000000000000013,-0.08999999999999986,30.0,55.0,18.0,10.0,0.35750000000000004,0.5,0.0,1.0,-1.0,-1.0,0.0,0.0,0.0
1426279,2024-04-25,2024,RCB,SRH,"Rajiv Gandhi International Stadium, Uppal, Hyderabad",1,-0.016059108707812797,-0.8,0.0,-0.33104631217838765,0.43478260869565216,0.01596980255516839,-0.04791011235955056,0.55,0.45,-0.04999999999999999,170.0,0.5,0.5,1.0,0.259,-0.10000000000000009,2,0.5,-4.100000000000001,-8.599999999999994,-10.400000000000006,3.700000000000003,0.2999999999999998,0.19999999999999996,-1.049999999999999,30.0,55.0,18.0,10.0,0.35750000000000004,0.5,0.0,2.0,-2.0,1.0,-1.0,0.0,-3.0
1426280,2024-04-26,2024,KKR,PBKS,"Eden Gardens, Kolkata",0,0.06653005464480877,0.39999999999999997,0.0,0.3382352941176471,0.65625,0.09036227876106195,0.028713005701873462,0.55,0.45,-0.050000000000000044,170.0,0.5,0.5,1.0,-0.45599999999999996,0.0,0,0.0,0.0,0.0,0.0,0.0,0.0,0.0,0.0,30.0,55.0,18.0,10.0,0.35750000000000004,0.5,0.0,0.0,0.0,0.0,0.0,0.0,0.0
1426281,2024-04-27,2024,DC,MI,"Arun Jaitley Stadium, Delhi",1,-0.11164562991188381,0.0,0.0,-0.3652173913043479,0.4411764705882353,-0.09550962223806125,-0.13933917362212872,0.55,0.45,-0.050000000000000044,170.0,0.5,0.5,1.0,-0.06700000000000006,0.0,0,0.0,0.0,0.0,0.0,0.0,0.0,0.0,0.0,30.0,55.0,18.0,10.0,0.35750000000000004,0.5,0.0,0.0,0.0,0.0,0.0,0.0,0.0
1426282,2024-04-27,2024,LSG,RR,"Bharat Ratna Shri Atal Bihari Vajpayee Ekana Cricket Stadium, Lucknow",0,0.07427447122479103,-0.20000000000000007,0.0,0.04078164825828379,0.25,-0.1863323500491642,0.32425742574257427,0.55,0.45,-0.050000000000000044,170.0,0.5,0.5,1.0,-0.929,0.09999999999999998,-2,0.0,-3.0,-4.200000000000003,-8.899999999999999,0.8999999999999986,-0.40000000000000013,-0.09999999999999987,-0.2699999999999996,30.0,55.0,18.0,10.0,0.35750000000000004,0.5,0.0,1.0,-1.0,-2.0,0.0,-1.0,1.0
1426283,2024-04-28,2024,GT,RCB,"Narendra Modi Stadium, Ahmedabad",0,0.17699368904188184,0.2,0.0,0.23809523809523808,0.6666666666666666,0.2042682926829269,0.12698412698412703,0.641,0.359,-0.14100000000000001,192.0,1.0,0.5,1.2,-0.08800000000000008,0.20000000000000007,-4,-0.5,-2.6000000000000014,1.7999999999999972,4.600000000000001,-1.2000000000000028,0.10000000000000009,0.20000000000000018,0.5199999999999996,35.3,65.0,22.0,0.0,0.5491666666666668,0.7649999999999999,1.0,0.0,1.0,0.0,0.0,0.0,1.0
1426284,2024-04-28,2024,CSK,SRH,"MA Chidambaram Stadium, Chepauk, Chennai",1,0.10488505747126436,-0.4,0.0,0.5947712418300655,0.7,0.15574229691876745,0.06352295850659123,0.55,0.45,-0.050000000000000044,170.0,0.5,0.5,1.0,-0.869,-0.20000000000000007,-1,0.0,-8.200000000000003,-9.099999999999994,-11.200000000000003,2.5,0.09999999999999987,0.0,-0.6199999999999992,30.0,55.0,18.0,10.0,0.35750000000000004,0.5,0.0,2.0,-2.0,0.0,-1.0,0.0,-2.0
1426285,2024-04-29,2024,DC,KKR,"Eden Gardens, Kolkata",0,-0.06257406188281761,0.4,0.0,-0.3591731266149871,0.4375,-0.1076766304347826,-0.018803418803418792,0.55,0.45,-0.04999999999999999,170.0,0.5,0.5,1.0,-0.504,0.0,0,0.0,0.0,0.0,0.0,0.0,0.0,0.0,0.0,30.0,55.0,18.0,10.0,0.35750000000000004,0.5,0.0,0.0,0.0,0.0,0.0,0.0,0.0
1426286,2024-04-30,2024,MI,LSG,"Bharat Ratna Shri Atal Bihari Vajpayee Ekana Cricket Stadium, Lucknow",0,-0.013321314102564097,0.0,0.0,-0.5,0.25,0.18021680216802166,-0.18045112781954886,0.55,0.45,-0.050000000000000044,170.0,0.5,0.5,1.0,0.15600000000000003,0.0,0,0.0,0.0,0.0,0.0,0.0,0.0,0.0,0.0,30.0,55.0,18.0,10.0,0.35750000000000004,0.5,0.0,0.0,0.0,0.0,0.0,0.0,0.0
1426287,2024-05-01,2024,CSK,PBKS,"MA Chidambaram Stadium, Chepauk, Chennai",0,0.139707584634837,0.39999999999999997,0.0,0.3768115942028986,0.5357142857142857,0.13809523809523805,0.14536171259842517,0.55,0.45,-0.050000000000000044,170.0,0.5,0.5,1.0,-0.6539999999999999,0.0,0,0.0,0.0,0.0,0.0,0.0,0.0,0.0,0.0,30.0,55.0,18.0,10.0,0.35750000000000004,0.5,0.0,0.0,0.0,0.0,0.0,0.0,0.0
1426288,2024-05-02,2024,SRH,RR,"Rajiv Gandhi International Stadium, Uppal, Hyderabad",1,-0.032691029900332236,-0.20000000000000007,0.0,0.164021164021164,0.5,-0.10220318237454101,0.04616753810212482,0.55,0.45,-0.04999999999999999,170.0,0.5,0.5,1.0,0.335,0.30000000000000004,-1,0.0,5.200000000000003,4.8999999999999915,2.3000000000000043,-1.6000000000000014,-0.5,-0.09999999999999987,0.34999999999999964,30.0,55.0,18.0,10.0,0.35750000000000004,0.5,2.0,1.0,1.0,-2.0,1.0,-1.0,3.0
1426289,2024-05-03,2024,KKR,MI,"Wankhede Stadium, Mumbai",1,-0.04050805099490684,0.39999999999999997,0.0,-0.3597560975609756,0.28125,0.020041595764794917,-0.11104732746523788,0.55,0.45,-0.050000000000000044,170.0,0.5,0.5,1.0,0.43699999999999994,0.0,0,0.0,0.0,0.0,0.0,0.0,0.0,0.0,0.0,30.0,55.0,18.0,10.0,0.35750000000000004,0.5,0.0,0.0,0.0,0.0,0.0,0.0,0.0
1426290,2024-05-04,2024,GT,RCB,"M Chinnaswamy Stadium, Bengaluru",0,0.15990697674418602,0.0,0.0,0.5555555555555556,0.5,0.20026881720430112,0.09774436090225563,0.55,0.45,-0.050000000000000044,170.0,0.5,0.5,1.0,-0.08800000000000008,0.20000000000000007,-4,-0.5,-2.6000000000000014,1.7999999999999972,4.600000000000001,-1.2000000000000028,0.10000000000000009,0.20000000000000018,0.5199999999999996,30.0,55.0,18.0,10.0,0.35750000000000004,0.5,1.0,0.0,1.0,0.0,0.0,0.0,1.0
1426291,2024-05-05,2024,CSK,PBKS,"Himachal Pradesh Cricket Association Stadium, Dharamsala",1,0.13491558946104404,0.0,0.0,0.04545454545454547,0.5172413793103449,0.13374741200828155,0.14118293352865768,0.55,0.45,-0.050000000000000044,170.0,0.5,0.5,1.0,-0.6539999999999999,0.0,0,0.0,0.0,0.0,0.0,0.0,0.0,0.0,0.0,30.0,55.0,18.0,10.0,0.35750000000000004,0.5,0.0,0.0,0.0,0.0,0.0,0.0,0.0
1426292,2024-05-05,2024,KKR,LSG,"Bharat Ratna Shri Atal Bihari Vajpayee Ekana Cricket Stadium, Lucknow",1,-0.06487854251012137,0.0,0.0,-0.028340080971659853,0.25,0.16809465524275813,-0.2905569007263923,0.55,0.45,-0.050000000000000044,170.0,0.5,0.5,1.0,0.593,0.0,0,0.0,0.0,0.0,0.0,0.0,0.0,0.0,0.0,30.0,55.0,18.0,10.0,0.35750000000000004,0.5,0.0,0.0,0.0,0.0,0.0,0.0,0.0
1426293,2024-05-06,2024,SRH,MI,"Wankhede Stadium, Mumbai",0,-0.06923890063424942,0.39999999999999997,0.0,-0.4357429718875503,0.45454545454545453,-0.08777194298574648,-0.05207296849087889,0.55,0.45,-0.050000000000000044,170.0,0.5,0.5,1.0,1.108,0.20000000000000007,1,0.0,8.200000000000003,9.099999999999994,11.200000000000003,-2.5,-0.09999999999999987,0.0,0.6199999999999992,30.0,55.0,18.0,10.0,0.35750000000000004,0.5,2.0,0.0,2.0,0.0,1.0,0.0,2.0
1426294,2024-05-07,2024,DC,RR,"Arun Jaitley Stadium, Delhi",1,-0.06286256135653728,-0.20000000000000007,0.0,0.20833333333333331,0.4642857142857143,-0.09565217391304348,-0.029346177861029332,0.55,0.45,-0.050000000000000044,170.0,0.5,0.5,1.0,-0.8400000000000001,0.09999999999999998,-2,0.0,-3.0,-4.200000000000003,-8.899999999999999,0.8999999999999986,-0.40000000000000013,-0.09999999999999987,-0.2699999999999996,30.0,55.0,18.0,10.0,0.35750000000000004,0.5,0.0,1.0,-1.0,-2.0,0.0,-1.0,1.0
1426295,2024-05-08,2024,LSG,SRH,"Rajiv Gandhi International Stadium, Uppal, Hyderabad",0,0.08639933856965692,0.19999999999999996,0.0,0.4,1.0,-0.07674418604651162,0.2417582417582418,0.55,0.45,-0.04999999999999999,170.0,0.5,0.5,1.0,-1.264,-0.20000000000000007,-1,0.0,-8.200000000000003,-9.099999999999994,-11.200000000000003,2.5,0.09999999999999987,0.0,-0.6199999999999992,30.0,55.0,18.0,10.0,0.35750000000000004,0.5,0.0,2.0,-2.0,0.0,-1.0,0.0,-2.0
1426296,2024-05-09,2024,RCB,PBKS,"Himachal Pradesh Cricket Association Stadium, Dharamsala",1,0.025675077467906204,0.19999999999999996,0.0,-0.4166666666666667,0.46875,0.01200000000000001,0.03487064116985372,0.55,0.45,-0.050000000000000044,170.0,0.5,0.5,1.0,0.47400000000000003,0.09999999999999998,3,0.5,4.100000000000001,0.5,0.7999999999999972,1.2000000000000028,0.19999999999999996,0.19999999999999996,-0.4299999999999997,30.0,55.0,18.0,10.0,0.35750000000000004,0.5,0.0,0.0,0.0,1.0,0.0,0.0,-1.0
1426297,2024-05-10,2024,GT,CSK,"Narendra Modi Stadium, Ahmedabad",1,0.030657640232108374,-0.2,0.0,0.033333333333333326,0.5,0.07023809523809532,-0.038461538461538436,0.641,0.359,-0.14100000000000001,192.0,1.0,0.5,1.2,1.04,0.30000000000000004,-1,0.0,1.5,2.299999999999997,5.399999999999999,0.0,0.30000000000000004,0.40000000000000013,0.08999999999999986,35.3,65.0,22.0,0.0,0.5491666666666668,0.7649999999999999,1.0,0.0,1.0,1.0,0.0,0.0,0.0
1426298,2024-05-11,2024,KKR,MI,"Eden Gardens, Kolkata",1,-0.0361657740689999,0.6000000000000001,0.0,-0.18302387267904519,0.30303030303030304,0.021147286821705524,-0.10127931769722814,0.55,0.45,-0.050000000000000044,170.0,0.5,0.5,1.0,0.43699999999999994,0.0,0,0.0,0.0,0.0,0.0,0.0,0.0,0.0,0.0,30.0,55.0,18.0,10.0,0.35750000000000004,0.5,0.0,0.0,0.0,0.0,0.0,0.0,0.0
1426299,2024-05-12,2024,RR,CSK,"MA Chidambaram Stadium, Chepauk, Chennai",0,-0.07820432711083336,0.19999999999999996,0.0,-0.44999999999999996,0.4642857142857143,-0.06310995445673384,-0.1127189642041127,0.55,0.45,-0.04999999999999999,170.0,0.5,0.5,1.0,0.534,-0.09999999999999998,2,0.0,3.0,4.200000000000003,8.899999999999999,-0.8999999999999986,0.40000000000000013,0.09999999999999987,0.2699999999999996,30.0,55.0,18.0,10.0,0.35750000000000004,0.5,1.0,0.0,1.0,2.0,0.0,1.0,-1.0
1426300,2024-05-12,2024,RCB,DC,"M Chinnaswamy Stadium, Bengaluru",1,0.028222222222222204,0.20000000000000007,0.0,0.07705479452054792,0.5666666666666667,0.033739130434782605,0.03128515185601799,0.55,0.45,-0.050000000000000044,170.0,0.5,0.5,1.0,1.4340000000000002,0.09999999999999998,3,0.5,4.100000000000001,0.5,0.7999999999999972,1.2000000000000028,0.19999999999999996,0.19999999999999996,-0.4299999999999997,30.0,55.0,18.0,10.0,0.35750000000000004,0.5,0.0,0.0,0.0,1.0,0.0,0.0,-1.0
1426302,2024-05-14,2024,DC,LSG,"Arun Jaitley Stadium, Delhi",1,-0.10538797192183652,0.19999999999999996,0.0,-0.06761904761904769,0.25,0.07482014388489205,-0.28003246753246747,0.55,0.45,-0.050000000000000044,170.0,0.5,0.5,1.0,0.08899999999999997,0.0,0,0.0,0.0,0.0,0.0,0.0,0.0,0.0,0.0,30.0,55.0,18.0,10.0,0.35750000000000004,0.5,0.0,0.0,0.0,0.0,0.0,0.0,0.0
1426303,2024-05-15,2024,RR,PBKS,"Barsapara Cricket Stadium, Guwahati",0,0.05737704918032788,0.0,0.0,-0.5,0.5925925925925926,0.0732390215148836,0.027867840049405568,0.55,0.45,-0.04999999999999999,170.0,0.5,0.5,1.0,-0.12,-0.09999999999999998,2,0.0,3.0,4.200000000000003,8.899999999999999,-0.8999999999999986,0.40000000000000013,0.09999999999999987,0.2699999999999996,30.0,55.0,18.0,10.0,0.35750000000000004,0.5,1.0,0.0,1.0,2.0,0.0,1.0,-1.0
1426305,2024-05-17,2024,LSG,MI,"Wankhede Stadium, Mumbai",1,-0.011270125223613592,0.0,0.0,-0.1071428571428571,0.8,-0.18253968253968256,0.15196743554952508,0.55,0.45,-0.050000000000000044,170.0,0.5,0.5,1.0,-0.15600000000000003,0.0,0,0.0,0.0,0.0,0.0,0.0,0.0,0.0,0.0,30.0,55.0,18.0,10.0,0.35750000000000004,0.5,0.0,0.0,0.0,0.0,0.0,0.0,0.0
1426306,2024-05-18,2024,RCB,CSK,"M Chinnaswamy Stadium, Bengaluru",1,-0.10797018061740132,0.4,0.0,-0.16554054054054052,0.3225806451612903,-0.12351401869158873,-0.10096153846153844,0.55,0.45,-0.050000000000000044,170.0,0.5,0.5,1.0,1.1280000000000001,0.09999999999999998,3,0.5,4.100000000000001,0.5,0.7999999999999972,1.2000000000000028,0.19999999999999996,0.19999999999999996,-0.4299999999999997,30.0,55.0,18.0,10.0,0.35750000000000004,0.5,0.0,0.0,0.0,1.0,0.0,0.0,-1.0
1426307,2024-05-19,2024,PBKS,SRH,"Rajiv Gandhi International Stadium, Uppal, Hyderabad",0,-0.032630130703966975,0.19999999999999996,0.0,-0.24350649350649345,0.3181818181818182,0.017241379310344807,-0.07882668512589769,0.55,0.45,-0.04999999999999999,170.0,0.5,0.5,1.0,-0.21500000000000002,-0.20000000000000007,-1,0.0,-8.200000000000003,-9.099999999999994,-11.200000000000003,2.5,0.09999999999999987,0.0,-0.6199999999999992,30.0,55.0,18.0,10.0,0.35750000000000004,0.5,0.0,2.0,-2.0,0.0,-1.0,0.0,-2.0
1426309,2024-05-21,2024,SRH,KKR,"Narendra Modi Stadium, Ahmedabad",0,-0.03360929752529668,-0.20000000000000007,0.0,-0.6666666666666666,0.34615384615384615,-0.10051092318534183,0.039194139194139166,0.641,0.359,-0.14100000000000001,192.0,1.0,0.5,1.2,0.671,0.20000000000000007,1,0.0,8.200000000000003,9.099999999999994,11.200000000000003,-2.5,-0.09999999999999987,0.0,0.6199999999999992,35.3,65.0,22.0,0.0,0.5491666666666668,0.7649999999999999,2.0,0.0,2.0,0.0,1.0,0.0,2.0
1426310,2024-05-22,2024,RCB,RR,"Narendra Modi Stadium, Ahmedabad",0,-0.021338942221263424,0.8,0.0,-0.16666666666666663,0.5,-0.056965517241379326,0.02438473696093929,0.641,0.359,-0.14100000000000001,192.0,1.0,0.5,1.2,0.5940000000000001,0.19999999999999996,1,0.5,1.1000000000000014,-3.700000000000003,-8.100000000000001,2.1000000000000014,-0.20000000000000018,0.10000000000000009,-0.6999999999999993,35.3,65.0,22.0,0.0,0.5491666666666668,0.7649999999999999,0.0,1.0,-1.0,-1.0,0.0,-1.0,0.0
1426311,2024-05-24,2024,SRH,RR,"MA Chidambaram Stadium, Chepauk, Chennai",1,-0.0222222222222222,0.39999999999999997,0.0,-0.1222222222222222,0.5263157894736842,-0.08401320901320897,0.04991557619248632,0.55,0.45,-0.050000000000000044,170.0,0.5,0.5,1.0,0.335,0.30000000000000004,-1,0.0,5.200000000000003,4.8999999999999915,2.3000000000000043,-1.6000000000000014,-0.5,-0.09999999999999987,0.34999999999999964,30.0,55.0,18.0,10.0,0.35750000000000004,0.5,2.0,1.0,1.0,-2.0,1.0,-1.0,3.0
1426312,2024-05-26,2024,SRH,KKR,"MA Chidambaram Stadium, Chepauk, Chennai",0,-0.035337016574585656,-0.4,0.0,-0.10389610389610388,0.3333333333333333,-0.10367132867132867,0.03978494623655915,0.55,0.45,-0.04999999999999999,170.0,0.5,0.5,1.0,0.671,0.20000000000000007,1,0.0,8.200000000000003,9.099999999999994,11.200000000000003,-2.5,-0.09999999999999987,0.0,0.6199999999999992,30.0,55.0,18.0,10.0,0.35750000000000004,0.5,2.0,0.0,2.0,0.0,1.0,0.0,2.0
1473438,2025-03-22,2025,KKR,RCB,"Eden Gardens, Kolkata",0,0.04341848293102102,0.19999999999999996,0.0,0.2062937062937063,0.5882352941176471,0.08341984732824426,-0.00512820512820511,0.55,0.45,-0.050000000000000044,170.0,0.5,0.5,1.0,-0.93,-0.09999999999999998,-3,-0.5,-4.100000000000001,-0.5,-0.7999999999999972,-1.2000000000000028,-0.19999999999999996,-0.19999999999999996,0.4299999999999997,30.0,55.0,18.0,10.0,0.35750000000000004,0.5,0.0,0.0,0.0,-1.0,0.0,0.0,1.0
1473439,2025-03-23,2025,SRH,RR,"Rajiv Gandhi International Stadium, Uppal, Hyderabad",1,-0.019715578539107936,0.39999999999999997,0.0,0.23903508771929827,0.55,-0.07916024653312792,0.050609378227638946,0.55,0.45,-0.050000000000000044,170.0,0.5,0.5,1.0,0.335,0.30000000000000004,-1,0.0,5.200000000000003,4.8999999999999915,2.3000000000000043,-1.6000000000000014,-0.5,-0.09999999999999987,0.34999999999999964,30.0,55.0,18.0,10.0,0.35750000000000004,0.5,2.0,1.0,1.0,-2.0,1.0,-1.0,3.0
1473440,2025-03-23,2025,MI,CSK,"MA Chidambaram Stadium, Chepauk, Chennai",0,-0.03577063009111692,-0.2,0.0,-0.17089201877934268,0.5405405405405406,-0.07057451151939342,-0.008610792192881744,0.55,0.45,-0.050000000000000044,170.0,0.5,0.5,1.0,-0.239,0.0,0,0.0,0.0,0.0,0.0,0.0,0.0,0.0,0.0,30.0,55.0,18.0,10.0,0.35750000000000004,0.5,0.0,0.0,0.0,0.0,0.0,0.0,0.0
1473441,2025-03-24,2025,LSG,DC,"Dr. Y.S. Rajasekhara Reddy ACA-VDCA Cricket Stadium, Visakhapatnam",0,0.101010101010101,-0.19999999999999996,0.0,0.11688311688311687,0.6,-0.09386776293251115,0.2885725278953443,0.55,0.45,-0.050000000000000044,170.0,0.5,0.5,1.0,-0.08899999999999997,0.0,0,0.0,0.0,0.0,0.0,0.0,0.0,0.0,0.0,30.0,55.0,18.0,10.0,0.35750000000000004,0.5,0.0,0.0,0.0,0.0,0.0,0.0,0.0
1473442,2025-03-25,2025,PBKS,GT,"Narendra Modi Stadium, Ahmedabad",1,-0.17913279132791327,0.0,0.0,-0.0625,0.4,-0.20833333333333337,-0.13318452380952384,0.641,0.359,-0.14100000000000001,192.0,1.0,0.5,1.2,-0.38599999999999995,-0.30000000000000004,1,0.0,-1.5,-2.299999999999997,-5.399999999999999,0.0,-0.30000000000000004,-0.40000000000000013,-0.08999999999999986,35.3,65.0,22.0,0.0,0.5491666666666668,0.7649999999999999,0.0,1.0,-1.0,-1.0,0.0,0.0,0.0
1473443,2025-03-26,2025,RR,KKR,"Barsapara Cricket Stadium, Guwahati",0,-0.02037752037752044,-0.6000000000000001,0.0,-0.1825396825396826,0.42857142857142855,-0.032394637244210656,-0.012276337960362704,0.55,0.45,-0.050000000000000044,170.0,0.5,0.5,1.0,0.33599999999999997,-0.09999999999999998,2,0.0,3.0,4.200000000000003,8.899999999999999,-0.8999999999999986,0.40000000000000013,0.09999999999999987,0.2699999999999996,30.0,55.0,18.0,10.0,0.35750000000000004,0.5,1.0,0.0,1.0,2.0,0.0,1.0,-1.0
1473444,2025-03-27,2025,SRH,LSG,"Rajiv Gandhi International Stadium, Uppal, Hyderabad",0,-0.05245901639344264,0.39999999999999997,0.0,0.12068965517241381,0.25,0.10768398268398272,-0.19298245614035087,0.55,0.45,-0.050000000000000044,170.0,0.5,0.5,1.0,1.264,0.20000000000000007,1,0.0,8.200000000000003,9.099999999999994,11.200000000000003,-2.5,-0.09999999999999987,0.0,0.6199999999999992,30.0,55.0,18.0,10.0,0.35750000000000004,0.5,2.0,0.0,2.0,0.0,1.0,0.0,2.0
1473445,2025-03-28,2025,RCB,CSK,"MA Chidambaram Stadium, Chepauk, Chennai",1,-0.10502745815899583,0.20000000000000007,0.0,-0.32371794871794873,0.34375,-0.11715450706276387,-0.09999999999999998,0.55,0.45,-0.050000000000000044,170.0,0.5,0.5,1.0,1.1280000000000001,0.09999999999999998,3,0.5,4.100000000000001,0.5,0.7999999999999972,1.2000000000000028,0.19999999999999996,0.19999999999999996,-0.4299999999999997,30.0,55.0,18.0,10.0,0.35750000000000004,0.5,0.0,0.0,0.0,1.0,0.0,0.0,-1.0
1473446,2025-03-29,2025,GT,MI,"Narendra Modi Stadium, Ahmedabad",1,0.06671091934948559,0.0,0.0,0.5294117647058824,0.6,0.12094488188976382,-0.002116402116402072,0.641,0.359,-0.14100000000000001,192.0,1.0,0.5,1.2,1.279,0.30000000000000004,-1,0.0,1.5,2.299999999999997,5.399999999999999,0.0,0.30000000000000004,0.40000000000000013,0.08999999999999986,35.3,65.0,22.0,0.0,0.5491666666666668,0.7649999999999999,1.0,0.0,1.0,1.0,0.0,0.0,0.0
1473447,2025-03-30,2025,SRH,DC,"Dr. Y.S. Rajasekhara Reddy ACA-VDCA Cricket Stadium, Visakhapatnam",0,0.031620553359683834,-0.19999999999999996,0.0,0.0,0.5416666666666666,0.010064935064935054,0.06167035398230086,0.55,0.45,-0.04999999999999999,170.0,0.5,0.5,1.0,1.175,0.20000000000000007,1,0.0,8.200000000000003,9.099999999999994,11.200000000000003,-2.5,-0.09999999999999987,0.0,0.6199999999999992,30.0,55.0,18.0,10.0,0.35750000000000004,0.5,2.0,0.0,2.0,0.0,1.0,0.0,2.0
1473448,2025-03-30,2025,RR,CSK,"Barsapara Cricket Stadium, Guwahati",1,-0.08589312406576988,-0.2,0.0,-0.3291666666666667,0.4482758620689655,-0.0642475171886937,-0.125,0.55,0.45,-0.050000000000000044,170.0,0.5,0.5,1.0,0.534,-0.09999999999999998,2,0.0,3.0,4.200000000000003,8.899999999999999,-0.8999999999999986,0.40000000000000013,0.09999999999999987,0.2699999999999996,30.0,55.0,18.0,10.0,0.35750000000000004,0.5,1.0,0.0,1.0,2.0,0.0,1.0,-1.0
1473449,2025-03-31,2025,KKR,MI,"Wankhede Stadium, Mumbai",0,-0.022137393107801384,0.6000000000000001,0.0,-0.30588235294117644,0.3235294117647059,0.04379734848484851,-0.09617385981022342,0.55,0.45,-0.050000000000000044,170.0,0.5,0.5,1.0,0.43699999999999994,0.0,0,0.0,0.0,0.0,0.0,0.0,0.0,0.0,0.0,30.0,55.0,18.0,10.0,0.35750000000000004,0.5,0.0,0.0,0.0,0.0,0.0,0.0,0.0
1473450,2025-04-01,2025,LSG,PBKS,"Bharat Ratna Shri Atal Bihari Vajpayee Ekana Cricket Stadium, Lucknow",0,0.09813413131490933,0.0,0.0,0.0,0.75,-0.09090909090909088,0.2713178294573643,0.55,0.45,-0.050000000000000044,170.0,0.5,0.5,1.0,-1.049,0.0,0,0.0,0.0,0.0,0.0,0.0,0.0,0.0,0.0,30.0,55.0,18.0,10.0,0.35750000000000004,0.5,0.0,0.0,0.0,0.0,0.0,0.0,0.0
1473451,2025-04-02,2025,RCB,GT,"M Chinnaswamy Stadium, Bengaluru",0,-0.1384220548058614,0.4,0.0,-0.033333333333333326,0.6,-0.16412698412698412,-0.10270645385149196,0.55,0.45,-0.050000000000000044,170.0,0.5,0.5,1.0,0.08800000000000008,-0.20000000000000007,4,0.5,2.6000000000000014,-1.7999999999999972,-4.600000000000001,1.2000000000000028,-0.10000000000000009,-0.20000000000000018,-0.5199999999999996,30.0,55.0,18.0,10.0,0.35750000000000004,0.5,0.0,1.0,-1.0,0.0,0.0,0.0,-1.0
1473452,2025-04-03,2025,KKR,SRH,"Eden Gardens, Kolkata",1,0.04007235582038726,0.19999999999999996,0.0,0.2842696629213483,0.6428571428571429,0.10984848484848486,-0.03768801757647461,0.55,0.45,-0.050000000000000044,170.0,0.5,0.5,1.0,-0.671,-0.20000000000000007,-1,0.0,-8.200000000000003,-9.099999999999994,-11.200000000000003,2.5,0.09999999999999987,0.0,-0.6199999999999992,30.0,55.0,18.0,10.0,0.35750000000000004,0.5,0.0,2.0,-2.0,0.0,-1.0,0.0,-2.0
1473453,2025-04-04,2025,LSG,MI,"Bharat Ratna Shri Atal Bihari Vajpayee Ekana Cricket Stadium, Lucknow",1,-0.009751773049645363,0.2,0.0,0.4666666666666667,0.8333333333333334,-0.1490486257928118,0.1140740740740741,0.55,0.45,-0.050000000000000044,170.0,0.5,0.5,1.0,-0.15600000000000003,0.0,0,0.0,0.0,0.0,0.0,0.0,0.0,0.0,0.0,30.0,55.0,18.0,10.0,0.35750000000000004,0.5,0.0,0.0,0.0,0.0,0.0,0.0,0.0
1473455,2025-04-05,2025,RR,PBKS,"Maharaja Yadavindra Singh International Cricket Stadium, Mullanpur",1,0.04795506912442399,-0.19999999999999996,0.0,0.8,0.5714285714285714,0.05882352941176472,0.02369878183831675,0.55,0.45,-0.050000000000000044,170.0,0.5,0.5,1.0,-0.12,-0.09999999999999998,2,0.0,3.0,4.200000000000003,8.899999999999999,-0.8999999999999986,0.40000000000000013,0.09999999999999987,0.2699999999999996,32.4,53.0,18.0,5.0,0.34850000000000003,0.6199999999999999,1.0,0.0,1.0,2.0,0.0,1.0,-1.0
1473454,2025-04-05,2025,DC,CSK,"MA Chidambaram Stadium, Chepauk, Chennai",1,-0.12794458783938312,0.4,0.0,-0.4259028642590287,0.36666666666666664,-0.13935211807552234,-0.1313818924438393,0.55,0.45,-0.04999999999999999,170.0,0.5,0.5,1.0,-0.30600000000000005,0.0,0,0.0,0.0,0.0,0.0,0.0,0.0,0.0,0.0,30.0,55.0,18.0,10.0,0.35750000000000004,0.5,0.0,0.0,0.0,0.0,0.0,0.0,0.0
1473457,2025-04-06,2025,SRH,GT,"Rajiv Gandhi International Stadium, Uppal, Hyderabad",0,-0.1518817204301075,-0.39999999999999997,0.0,-0.014830508474576232,0.25,-0.20916162489196194,-0.08153701968134952,0.55,0.45,-0.050000000000000044,170.0,0.5,0.5,1.0,-0.17099999999999993,-0.09999999999999998,2,0.0,6.700000000000003,6.799999999999997,5.800000000000004,-2.5,-0.3999999999999999,-0.40000000000000013,0.5299999999999994,30.0,55.0,18.0,10.0,0.35750000000000004,0.5,2.0,1.0,1.0,-1.0,1.0,0.0,2.0
1473458,2025-04-07,2025,RCB,MI,"Wankhede Stadium, Mumbai",1,-0.06287845546292231,0.39999999999999997,0.0,-0.16020671834625322,0.3939393939393939,-0.03797313797313795,-0.08653198653198652,0.55,0.45,-0.050000000000000044,170.0,0.5,0.5,1.0,1.367,0.09999999999999998,3,0.5,4.100000000000001,0.5,0.7999999999999972,1.2000000000000028,0.19999999999999996,0.19999999999999996,-0.4299999999999997,30.0,55.0,18.0,10.0,0.35750000000000004,0.5,0.0,0.0,0.0,1.0,0.0,0.0,-1.0
1473456,2025-04-08,2025,LSG,KKR,"Eden Gardens, Kolkata",1,0.02401960784313717,0.0,0.0,-0.2555555555555556,0.6,-0.1893939393939394,0.2229518449030644,0.55,0.45,-0.050000000000000044,170.0,0.5,0.5,1.0,-0.593,0.0,0,0.0,0.0,0.0,0.0,0.0,0.0,0.0,0.0,30.0,55.0,18.0,10.0,0.35750000000000004,0.5,0.0,0.0,0.0,0.0,0.0,0.0,0.0
1473459,2025-04-08,2025,PBKS,CSK,"Maharaja Yadavindra Singh International Cricket Stadium, Mullanpur",1,-0.1285970327591357,0.39999999999999997,0.0,-0.40771349862258954,0.43333333333333335,-0.1160714285714286,-0.14311270125223613,0.55,0.45,-0.04999999999999999,170.0,0.5,0.5,1.0,0.6539999999999999,0.0,0,0.0,0.0,0.0,0.0,0.0,0.0,0.0,0.0,32.4,53.0,18.0,5.0,0.34850000000000003,0.6199999999999999,0.0,0.0,0.0,0.0,0.0,0.0,0.0
1473460,2025-04-09,2025,GT,RR,"Narendra Modi Stadium, Ahmedabad",1,0.13487528344671207,0.4,0.0,-0.19444444444444442,0.8333333333333334,0.1406784936196701,0.12092624356775294,0.641,0.359,-0.14100000000000001,192.0,1.0,0.5,1.2,0.506,0.4,-3,0.0,-1.5,-1.9000000000000057,-3.5,0.8999999999999986,-0.10000000000000009,0.30000000000000027,-0.17999999999999972,35.3,65.0,22.0,0.0,0.5491666666666668,0.7649999999999999,1.0,1.0,0.0,-1.0,0.0,-1.0,1.0
1473461,2025-04-10,2025,RCB,DC,"M Chinnaswamy Stadium, Bengaluru",0,0.027784086607616,-0.20000000000000007,0.0,0.12719298245614036,0.5806451612903226,0.03360351232691666,0.03132832080200498,0.55,0.45,-0.050000000000000044,170.0,0.5,0.5,1.0,1.4340000000000002,0.09999999999999998,3,0.5,4.100000000000001,0.5,0.7999999999999972,1.2000000000000028,0.19999999999999996,0.19999999999999996,-0.4299999999999997,30.0,55.0,18.0,10.0,0.35750000000000004,0.5,0.0,0.0,0.0,1.0,0.0,0.0,-1.0
1473462,2025-04-11,2025,CSK,KKR,"MA Chidambaram Stadium, Chepauk, Chennai",0,0.056391460905349744,-0.2,0.0,0.35585585585585583,0.6551724137931034,0.016634506620533562,0.10756722951844899,0.55,0.45,-0.050000000000000044,170.0,0.5,0.5,1.0,-0.19799999999999998,0.0,0,0.0,0.0,0.0,0.0,0.0,0.0,0.0,0.0,30.0,55.0,18.0,10.0,0.35750000000000004,0.5,0.0,0.0,0.0,0.0,0.0,0.0,0.0
1473463,2025-04-12,2025,GT,LSG,"Bharat Ratna Shri Atal Bihari Vajpayee Ekana Cricket Stadium, Lucknow",0,0.08897959183673476,0.20000000000000007,0.0,0.0,0.8,0.2946127946127946,-0.10144927536231885,0.55,0.45,-0.050000000000000044,170.0,0.5,0.5,1.0,1.435,0.30000000000000004,-1,0.0,1.5,2.299999999999997,5.399999999999999,0.0,0.30000000000000004,0.40000000000000013,0.08999999999999986,30.0,55.0,18.0,10.0,0.35750000000000004,0.5,1.0,0.0,1.0,1.0,0.0,0.0,0.0
1473464,2025-04-12,2025,PBKS,SRH,"Rajiv Gandhi International Stadium, Uppal, Hyderabad",0,-0.02258823529411763,0.39999999999999997,0.0,-0.26666666666666666,0.30434782608695654,0.01685393258426965,-0.05918367346938774,0.55,0.45,-0.04999999999999999,170.0,0.5,0.5,1.0,-0.21500000000000002,-0.20000000000000007,-1,0.0,-8.200000000000003,-9.099999999999994,-11.200000000000003,2.5,0.09999999999999987,0.0,-0.6199999999999992,30.0,55.0,18.0,10.0,0.35750000000000004,0.5,0.0,2.0,-2.0,0.0,-1.0,0.0,-2.0
1473465,2025-04-13,2025,RR,RCB,"Sawai Mansingh Stadium, Jaipur",0,0.018652144315861097,-0.19999999999999996,0.0,0.20467836257309946,0.45161290322580644,0.04246031746031742,-0.015770205575894092,0.55,0.45,-0.050000000000000044,170.0,0.5,0.5,1.0,-0.5940000000000001,-0.19999999999999996,-1,-0.5,-1.1000000000000014,3.700000000000003,8.100000000000001,-2.1000000000000014,0.20000000000000018,-0.10000000000000009,0.6999999999999993,30.0,55.0,18.0,10.0,0.35750000000000004,0.5,1.0,0.0,1.0,1.0,0.0,1.0,0.0
1473466,2025-04-13,2025,MI,DC,"Arun Jaitley Stadium, Delhi",1,0.08446898496240607,-0.8,0.0,0.16666666666666663,0.5428571428571428,0.06370282765294055,0.11364522417153994,0.55,0.45,-0.050000000000000044,170.0,0.5,0.5,1.0,0.06700000000000006,0.0,0,0.0,0.0,0.0,0.0,0.0,0.0,0.0,0.0,30.0,55.0,18.0,10.0,0.35750000000000004,0.5,0.0,0.0,0.0,0.0,0.0,0.0,0.0
1473467,2025-04-14,2025,LSG,CSK,"Bharat Ratna Shri Atal Bihari Vajpayee Ekana Cricket Stadium, Lucknow",0,-0.009672131147540952,0.8,0.0,0.5294117647058824,0.6,-0.17583686033089646,0.1323155216284987,0.55,0.45,-0.050000000000000044,170.0,0.5,0.5,1.0,-0.395,0.0,0,0.0,0.0,0.0,0.0,0.0,0.0,0.0,0.0,30.0,55.0,18.0,10.0,0.35750000000000004,0.5,0.0,0.0,0.0,0.0,0.0,0.0,0.0
1473468,2025-04-15,2025,PBKS,KKR,"Maharaja Yadavindra Singh International Cricket Stadium, Mullanpur",1,-0.07129458818422812,0.0,0.0,-0.2317954419121735,0.36363636363636365,-0.09701492537313428,-0.033947744057593265,0.55,0.45,-0.04999999999999999,170.0,0.5,0.5,1.0,0.45599999999999996,0.0,0,0.0,0.0,0.0,0.0,0.0,0.0,0.0,0.0,32.4,53.0,18.0,5.0,0.34850000000000003,0.6199999999999999,0.0,0.0,0.0,0.0,0.0,0.0,0.0
1473469,2025-04-16,2025,DC,RR,"Arun Jaitley Stadium, Delhi",0,-0.04203020278030134,0.4,0.0,0.28148148148148144,0.4827586206896552,-0.07581585081585085,-0.008280045909165423,0.55,0.45,-0.050000000000000044,170.0,0.5,0.5,1.0,-0.8400000000000001,0.09999999999999998,-2,0.0,-3.0,-4.200000000000003,-8.899999999999999,0.8999999999999986,-0.40000000000000013,-0.09999999999999987,-0.2699999999999996,30.0,55.0,18.0,10.0,0.35750000000000004,0.5,0.0,1.0,-1.0,-2.0,0.0,-1.0,1.0
1473470,2025-04-17,2025,SRH,MI,"Wankhede Stadium, Mumbai",0,-0.06592158737748027,-0.2,0.0,-0.44385499557913355,0.43478260869565216,-0.06072943172179818,-0.0702280912364946,0.55,0.45,-0.050000000000000044,170.0,0.5,0.5,1.0,1.108,0.20000000000000007,1,0.0,8.200000000000003,9.099999999999994,11.200000000000003,-2.5,-0.09999999999999987,0.0,0.6199999999999992,30.0,55.0,18.0,10.0,0.35750000000000004,0.5,2.0,0.0,2.0,0.0,1.0,0.0,2.0
1473471,2025-04-18,2025,RCB,PBKS,"M Chinnaswamy Stadium, Bengaluru",0,0.03051450465243566,0.0,0.0,0.0,0.48484848484848486,0.019685039370078705,0.03878335594753507,0.55,0.45,-0.050000000000000044,170.0,0.5,0.5,1.0,0.47400000000000003,0.09999999999999998,3,0.5,4.100000000000001,0.5,0.7999999999999972,1.2000000000000028,0.19999999999999996,0.19999999999999996,-0.4299999999999997,30.0,55.0,18.0,10.0,0.35750000000000004,0.5,0.0,0.0,0.0,1.0,0.0,0.0,-1.0
1473472,2025-04-19,2025,DC,GT,"Narendra Modi Stadium, Ahmedabad",0,-0.17783857729138164,-0.20000000000000007,0.0,0.2210526315789474,0.6,-0.22118622118622122,-0.13297101449275356,0.641,0.359,-0.14100000000000001,192.0,1.0,0.5,1.2,-1.346,-0.30000000000000004,1,0.0,-1.5,-2.299999999999997,-5.399999999999999,0.0,-0.30000000000000004,-0.40000000000000013,-0.08999999999999986,35.3,65.0,22.0,0.0,0.5491666666666668,0.7649999999999999,0.0,1.0,-1.0,-1.0,0.0,0.0,0.0
1473473,2025-04-19,2025,LSG,RR,"Sawai Mansingh Stadium, Jaipur",1,0.057791537667698734,0.19999999999999996,0.0,-0.13793103448275867,0.2,-0.11893639956881069,0.2222963951935915,0.55,0.45,-0.04999999999999999,170.0,0.5,0.5,1.0,-0.929,0.09999999999999998,-2,0.0,-3.0,-4.200000000000003,-8.899999999999999,0.8999999999999986,-0.40000000000000013,-0.09999999999999987,-0.2699999999999996,30.0,55.0,18.0,10.0,0.35750000000000004,0.5,0.0,1.0,-1.0,-2.0,0.0,-1.0,1.0
1473474,2025-04-20,2025,PBKS,RCB,"Maharaja Yadavindra Singh International Cricket Stadium, Mullanpur",0,-0.026506351265727313,0.19999999999999996,0.0,-0.10209923664122139,0.5294117647058824,-0.015552807965120041,-0.035521885521885566,0.55,0.45,-0.050000000000000044,170.0,0.5,0.5,1.0,-0.47400000000000003,-0.09999999999999998,-3,-0.5,-4.100000000000001,-0.5,-0.7999999999999972,-1.2000000000000028,-0.19999999999999996,-0.19999999999999996,0.4299999999999997,32.4,53.0,18.0,5.0,0.34850000000000003,0.6199999999999999,0.0,0.0,0.0,-1.0,0.0,0.0,1.0
1473475,2025-04-20,2025,CSK,MI,"Wankhede Stadium, Mumbai",0,0.03038379530916846,-0.39999999999999997,0.0,-0.08227272727272728,0.47368421052631576,0.061004784688995284,0.004939380332285581,0.55,0.45,-0.050000000000000044,170.0,0.5,0.5,1.0,0.239,0.0,0,0.0,0.0,0.0,0.0,0.0,0.0,0.0,0.0,30.0,55.0,18.0,10.0,0.35750000000000004,0.5,0.0,0.0,0.0,0.0,0.0,0.0,0.0
1473476,2025-04-21,2025,GT,KKR,"Eden Gardens, Kolkata",1,0.1191115086463923,0.4,0.0,0.41758241758241754,0.6666666666666666,0.12169312169312174,0.11077235772357719,0.55,0.45,-0.050000000000000044,170.0,0.5,0.5,1.0,0.842,0.30000000000000004,-1,0.0,1.5,2.299999999999997,5.399999999999999,0.0,0.30000000000000004,0.40000000000000013,0.08999999999999986,30.0,55.0,18.0,10.0,0.35750000000000004,0.5,1.0,0.0,1.0,1.0,0.0,0.0,0.0
1473477,2025-04-22,2025,LSG,DC,"Bharat Ratna Shri Atal Bihari Vajpayee Ekana Cricket Stadium, Lucknow",0,0.10981585981585984,0.4,0.0,0.0,0.5,-0.04773487382183034,0.25,0.55,0.45,-0.050000000000000044,170.0,0.5,0.5,1.0,-0.08899999999999997,0.0,0,0.0,0.0,0.0,0.0,0.0,0.0,0.0,0.0,30.0,55.0,18.0,10.0,0.35750000000000004,0.5,0.0,0.0,0.0,0.0,0.0,0.0,0.0
1473478,2025-04-23,2025,SRH,MI,"Rajiv Gandhi International Stadium, Uppal, Hyderabad",0,-0.07185145846855884,-0.39999999999999997,0.0,-0.008827238335435084,0.4166666666666667,-0.06750208855472012,-0.07486631016042783,0.55,0.45,-0.050000000000000044,170.0,0.5,0.5,1.0,1.108,0.20000000000000007,1,0.0,8.200000000000003,9.099999999999994,11.200000000000003,-2.5,-0.09999999999999987,0.0,0.6199999999999992,30.0,55.0,18.0,10.0,0.35750000000000004,0.5,2.0,0.0,2.0,0.0,1.0,0.0,2.0
1473479,2025-04-24,2025,RCB,RR,"M Chinnaswamy Stadium, Bengaluru",1,-0.009995516960831508,0.39999999999999997,0.0,0.020146520146520186,0.5,-0.025742827868852514,0.016476289373485664,0.55,0.45,-0.050000000000000044,170.0,0.5,0.5,1.0,0.5940000000000001,0.19999999999999996,1,0.5,1.1000000000000014,-3.700000000000003,-8.100000000000001,2.1000000000000014,-0.20000000000000018,0.10000000000000009,-0.6999999999999993,30.0,55.0,18.0,10.0,0.35750000000000004,0.5,0.0,1.0,-1.0,-1.0,0.0,-1.0,0.0
1473480,2025-04-25,2025,CSK,SRH,"MA Chidambaram Stadium, Chepauk, Chennai",0,0.1006846384253316,0.0,0.0,0.5133333333333334,0.7142857142857143,0.1251461988304094,0.08030303030303027,0.55,0.45,-0.050000000000000044,170.0,0.5,0.5,1.0,-0.869,-0.20000000000000007,-1,0.0,-8.200000000000003,-9.099999999999994,-11.200000000000003,2.5,0.09999999999999987,0.0,-0.6199999999999992,30.0,55.0,18.0,10.0,0.35750000000000004,0.5,0.0,2.0,-2.0,0.0,-1.0,0.0,-2.0
1473481,2025-04-26,2025,PBKS,KKR,"Eden Gardens, Kolkata",0,-0.06469461587571823,0.19999999999999996,0.0,-0.2683946488294314,0.38235294117647056,-0.08410306271268841,-0.032398068341585706,0.55,0.45,-0.04999999999999999,170.0,0.5,0.5,1.0,0.45599999999999996,0.0,0,0.0,0.0,0.0,0.0,0.0,0.0,0.0,0.0,30.0,55.0,18.0,10.0,0.35750000000000004,0.5,0.0,0.0,0.0,0.0,0.0,0.0,0.0
1473482,2025-04-27,2025,MI,LSG,"Wankhede Stadium, Mumbai",1,-0.002725366876310309,0.20000000000000007,0.0,0.006741573033707926,0.14285714285714285,0.12491888384166122,-0.10392156862745094,0.55,0.45,-0.050000000000000044,170.0,0.5,0.5,1.0,0.15600000000000003,0.0,0,0.0,0.0,0.0,0.0,0.0,0.0,0.0,0.0,30.0,55.0,18.0,10.0,0.35750000000000004,0.5,0.0,0.0,0.0,0.0,0.0,0.0,0.0
1473483,2025-04-27,2025,DC,RCB,"Arun Jaitley Stadium, Delhi",0,-0.031060606060606066,-0.19999999999999996,0.0,0.130952380952381,0.375,-0.037326388888888895,-0.036004056795131856,0.55,0.45,-0.050000000000000044,170.0,0.5,0.5,1.0,-1.4340000000000002,-0.09999999999999998,-3,-0.5,-4.100000000000001,-0.5,-0.7999999999999972,-1.2000000000000028,-0.19999999999999996,-0.19999999999999996,0.4299999999999997,30.0,55.0,18.0,10.0,0.35750000000000004,0.5,0.0,0.0,0.0,-1.0,0.0,0.0,1.0
1473484,2025-04-28,2025,GT,RR,"Sawai Mansingh Stadium, Jaipur",0,0.15455291222313366,0.8,0.0,0.3728813559322034,0.8571428571428571,0.1695702671312428,0.13943925233644866,0.55,0.45,-0.050000000000000044,170.0,0.5,0.5,1.0,0.506,0.4,-3,0.0,-1.5,-1.9000000000000057,-3.5,0.8999999999999986,-0.10000000000000009,0.30000000000000027,-0.17999999999999972,30.0,55.0,18.0,10.0,0.35750000000000004,0.5,1.0,1.0,0.0,-1.0,0.0,-1.0,1.0
1473485,2025-04-29,2025,KKR,DC,"Arun Jaitley Stadium, Delhi",1,0.06326259946949597,0.0,0.0,-0.4482758620689655,0.5454545454545454,0.0978304947283049,0.029184907233687718,0.55,0.45,-0.050000000000000044,170.0,0.5,0.5,1.0,0.504,0.0,0,0.0,0.0,0.0,0.0,0.0,0.0,0.0,0.0,30.0,55.0,18.0,10.0,0.35750000000000004,0.5,0.0,0.0,0.0,0.0,0.0,0.0,0.0
1473486,2025-04-30,2025,CSK,PBKS,"MA Chidambaram Stadium, Chepauk, Chennai",0,0.11974279590378661,-0.2,0.0,0.2710526315789473,0.5161290322580645,0.1099028563143396,0.1307934014139827,0.55,0.45,-0.050000000000000044,170.0,0.5,0.5,1.0,-0.6539999999999999,0.0,0,0.0,0.0,0.0,0.0,0.0,0.0,0.0,0.0,30.0,55.0,18.0,10.0,0.35750000000000004,0.5,0.0,0.0,0.0,0.0,0.0,0.0,0.0
1473487,2025-05-01,2025,MI,RR,"Sawai Mansingh Stadium, Jaipur",1,0.05694797207712343,0.8,0.0,-0.3833333333333333,0.5172413793103449,0.011314395763119878,0.11228596766491578,0.55,0.45,-0.050000000000000044,170.0,0.5,0.5,1.0,-0.7729999999999999,0.09999999999999998,-2,0.0,-3.0,-4.200000000000003,-8.899999999999999,0.8999999999999986,-0.40000000000000013,-0.09999999999999987,-0.2699999999999996,30.0,55.0,18.0,10.0,0.35750000000000004,0.5,0.0,1.0,-1.0,-2.0,0.0,-1.0,1.0
1473488,2025-05-02,2025,GT,SRH,"Narendra Modi Stadium, Ahmedabad",1,0.15842544114795426,0.19999999999999996,0.0,0.6,0.8,0.21978021978021978,0.08846153846153842,0.641,0.359,-0.14100000000000001,192.0,1.0,0.5,1.2,0.17099999999999993,0.09999999999999998,-2,0.0,-6.700000000000003,-6.799999999999997,-5.800000000000004,2.5,0.3999999999999999,0.40000000000000013,-0.5299999999999994,35.3,65.0,22.0,0.0,0.5491666666666668,0.7649999999999999,1.0,2.0,-1.0,1.0,-1.0,0.0,-2.0
1473489,2025-05-03,2025,RCB,CSK,"M Chinnaswamy Stadium, Bengaluru",1,-0.08149726110772981,0.6000000000000001,0.0,-0.09985935302391002,0.36363636363636365,-0.08690330477356178,-0.08121158911325721,0.55,0.45,-0.050000000000000044,170.0,0.5,0.5,1.0,1.1280000000000001,0.09999999999999998,3,0.5,4.100000000000001,0.5,0.7999999999999972,1.2000000000000028,0.19999999999999996,0.19999999999999996,-0.4299999999999997,30.0,55.0,18.0,10.0,0.35750000000000004,0.5,0.0,0.0,0.0,1.0,0.0,0.0,-1.0
1473490,2025-05-04,2025,KKR,RR,"Eden Gardens, Kolkata",1,0.026340996168582376,0.2,0.0,0.2365591397849463,0.5172413793103449,0.03994160583941597,0.014923123304190544,0.55,0.45,-0.04999999999999999,170.0,0.5,0.5,1.0,-0.33599999999999997,0.09999999999999998,-2,0.0,-3.0,-4.200000000000003,-8.899999999999999,0.8999999999999986,-0.40000000000000013,-0.09999999999999987,-0.2699999999999996,30.0,55.0,18.0,10.0,0.35750000000000004,0.5,0.0,1.0,-1.0,-2.0,0.0,-1.0,1.0
1473491,2025-05-04,2025,PBKS,LSG,"Himachal Pradesh Cricket Association Stadium, Dharamsala",1,-0.08781828703703709,0.19999999999999996,0.0,-0.15242165242165245,0.4,0.09153005464480873,-0.23781094527363184,0.55,0.45,-0.050000000000000044,170.0,0.5,0.5,1.0,1.049,0.0,0,0.0,0.0,0.0,0.0,0.0,0.0,0.0,0.0,30.0,55.0,18.0,10.0,0.35750000000000004,0.5,0.0,0.0,0.0,0.0,0.0,0.0,0.0
1473492,2025-05-05,2025,DC,SRH,"Rajiv Gandhi International Stadium, Uppal, Hyderabad",0,-0.022185114503816772,-0.2,0.0,0.06989247311827951,0.44,-0.006371814092953509,-0.048290598290598286,0.55,0.45,-0.050000000000000044,170.0,0.5,0.5,1.0,-1.175,-0.20000000000000007,-1,0.0,-8.200000000000003,-9.099999999999994,-11.200000000000003,2.5,0.09999999999999987,0.0,-0.6199999999999992,30.0,55.0,18.0,10.0,0.35750000000000004,0.5,0.0,2.0,-2.0,0.0,-1.0,0.0,-2.0
1473493,2025-05-06,2025,MI,GT,"Wankhede Stadium, Mumbai",0,-0.08856951871657748,0.4,0.0,0.011111111111111183,0.3333333333333333,-0.15458422174840092,-0.019323671497584516,0.55,0.45,-0.050000000000000044,170.0,0.5,0.5,1.0,-1.279,-0.30000000000000004,1,0.0,-1.5,-2.299999999999997,-5.399999999999999,0.0,-0.30000000000000004,-0.40000000000000013,-0.08999999999999986,30.0,55.0,18.0,10.0,0.35750000000000004,0.5,0.0,1.0,-1.0,-1.0,0.0,0.0,0.0
1473494,2025-05-07,2025,KKR,CSK,"Eden Gardens, Kolkata",0,-0.04698182041141663,0.2,0.0,0.07446808510638303,0.36666666666666664,-0.02475404633449707,-0.08238805970149249,0.55,0.45,-0.04999999999999999,170.0,0.5,0.5,1.0,0.19799999999999998,0.0,0,0.0,0.0,0.0,0.0,0.0,0.0,0.0,0.0,30.0,55.0,18.0,10.0,0.35750000000000004,0.5,0.0,0.0,0.0,0.0,0.0,0.0,0.0
1473495,2025-05-08,2025,PBKS,DC,"Himachal Pradesh Cricket Association Stadium, Dharamsala",0,0.006494947552188934,0.39999999999999997,0.0,-0.07142857142857145,0.5151515151515151,0.025438100621820225,0.001694915254237317,0.55,0.45,-0.04999999999999999,170.0,0.5,0.5,1.0,0.96,0.0,0,0.0,0.0,0.0,0.0,0.0,0.0,0.0,0.0,30.0,55.0,18.0,10.0,0.35750000000000004,0.5,0.0,0.0,0.0,0.0,0.0,0.0,0.0
1473497,2025-05-18,2025,PBKS,RR,"Sawai Mansingh Stadium, Jaipur",1,-0.03536613767175695,0.2,0.0,-0.45628415300546454,0.3793103448275862,-0.031485818371064234,-0.02350192413413965,0.55,0.45,-0.04999999999999999,170.0,0.5,0.5,1.0,0.12,0.09999999999999998,-2,0.0,-3.0,-4.200000000000003,-8.899999999999999,0.8999999999999986,-0.40000000000000013,-0.09999999999999987,-0.2699999999999996,30.0,55.0,18.0,10.0,0.35750000000000004,0.5,0.0,1.0,-1.0,-2.0,0.0,-1.0,1.0
1473498,2025-05-18,2025,DC,GT,"Arun Jaitley Stadium, Delhi",0,-0.19967532467532473,-0.6000000000000001,0.0,-0.06666666666666665,0.5,-0.24468587623996224,-0.15725047080979287,0.55,0.45,-0.050000000000000044,170.0,0.5,0.5,1.0,-1.346,-0.30000000000000004,1,0.0,-1.5,-2.299999999999997,-5.399999999999999,0.0,-0.30000000000000004,-0.40000000000000013,-0.08999999999999986,30.0,55.0,18.0,10.0,0.35750000000000004,0.5,0.0,1.0,-1.0,-1.0,0.0,0.0,0.0
1473499,2025-05-19,2025,LSG,SRH,"Bharat Ratna Shri Atal Bihari Vajpayee Ekana Cricket Stadium, Lucknow",0,0.06095148374941117,0.0,0.0,0.47368421052631576,0.8,-0.08387096774193548,0.1833333333333333,0.55,0.45,-0.050000000000000044,170.0,0.5,0.5,1.0,-1.264,-0.20000000000000007,-1,0.0,-8.200000000000003,-9.099999999999994,-11.200000000000003,2.5,0.09999999999999987,0.0,-0.6199999999999992,30.0,55.0,18.0,10.0,0.35750000000000004,0.5,0.0,2.0,-2.0,0.0,-1.0,0.0,-2.0
1473500,2025-05-20,2025,CSK,RR,"Arun Jaitley Stadium, Delhi",0,0.08109401709401703,0.0,0.0,0.43333333333333335,0.5333333333333333,0.07663589465109955,0.1018273120379411,0.55,0.45,-0.050000000000000044,170.0,0.5,0.5,1.0,-0.534,0.09999999999999998,-2,0.0,-3.0,-4.200000000000003,-8.899999999999999,0.8999999999999986,-0.40000000000000013,-0.09999999999999987,-0.2699999999999996,30.0,55.0,18.0,10.0,0.35750000000000004,0.5,0.0,1.0,-1.0,-2.0,0.0,-1.0,1.0
1473501,2025-05-21,2025,MI,DC,"Wankhede Stadium, Mumbai",1,0.10427811182528157,0.8,0.0,0.27106227106227104,0.5555555555555556,0.08024943774279286,0.13741611752614719,0.55,0.45,-0.050000000000000044,170.0,0.5,0.5,1.0,0.06700000000000006,0.0,0,0.0,0.0,0.0,0.0,0.0,0.0,0.0,0.0,30.0,55.0,18.0,10.0,0.35750000000000004,0.5,0.0,0.0,0.0,0.0,0.0,0.0,0.0
1473502,2025-05-22,2025,LSG,GT,"Narendra Modi Stadium, Ahmedabad",1,-0.13126566416040097,-0.6000000000000001,0.0,-0.6190476190476191,0.3333333333333333,-0.33333333333333326,0.05734767025089604,0.641,0.359,-0.14100000000000001,192.0,1.0,0.5,1.2,-1.435,-0.30000000000000004,1,0.0,-1.5,-2.299999999999997,-5.399999999999999,0.0,-0.30000000000000004,-0.40000000000000013,-0.08999999999999986,35.3,65.0,22.0,0.0,0.5491666666666668,0.7649999999999999,0.0,1.0,-1.0,-1.0,0.0,0.0,0.0
1473503,2025-05-23,2025,SRH,RCB,"Bharat Ratna Shri Atal Bihari Vajpayee Ekana Cricket Stadium, Lucknow",1,-0.015890241066583988,-0.4,0.0,-0.5,0.5,-0.03777008081807692,0.004744525547445255,0.55,0.45,-0.050000000000000044,170.0,0.5,0.5,1.0,-0.259,0.10000000000000009,-2,-0.5,4.100000000000001,8.599999999999994,10.400000000000006,-3.700000000000003,-0.2999999999999998,-0.19999999999999996,1.049999999999999,30.0,55.0,18.0,10.0,0.35750000000000004,0.5,2.0,0.0,2.0,-1.0,1.0,0.0,3.0
1485779,2025-05-24,2025,PBKS,DC,"Sawai Mansingh Stadium, Jaipur",0,0.011887827677301344,0.6,0.0,0.0,0.5,0.032006245120999255,0.006501870821321254,0.55,0.45,-0.050000000000000044,170.0,0.5,0.5,1.0,0.96,0.0,0,0.0,0.0,0.0,0.0,0.0,0.0,0.0,0.0,30.0,55.0,18.0,10.0,0.35750000000000004,0.5,0.0,0.0,0.0,0.0,0.0,0.0,0.0
1473505,2025-05-25,2025,SRH,KKR,"Arun Jaitley Stadium, Delhi",1,-0.04151311299600269,0.19999999999999996,0.0,0.41666666666666663,0.3103448275862069,-0.09457990371175645,0.01893760804651895,0.55,0.45,-0.04999999999999999,170.0,0.5,0.5,1.0,0.671,0.20000000000000007,1,0.0,8.200000000000003,9.099999999999994,11.200000000000003,-2.5,-0.09999999999999987,0.0,0.6199999999999992,30.0,55.0,18.0,10.0,0.35750000000000004,0.5,2.0,0.0,2.0,0.0,1.0,0.0,2.0
1473504,2025-05-25,2025,CSK,GT,"Narendra Modi Stadium, Ahmedabad",1,-0.07617804643494996,-0.39999999999999997,0.0,-0.2575757575757576,0.42857142857142855,-0.09760845383759742,-0.03703703703703709,0.641,0.359,-0.14100000000000001,192.0,1.0,0.5,1.2,-1.04,-0.30000000000000004,1,0.0,-1.5,-2.299999999999997,-5.399999999999999,0.0,-0.30000000000000004,-0.40000000000000013,-0.08999999999999986,35.3,65.0,22.0,0.0,0.5491666666666668,0.7649999999999999,0.0,1.0,-1.0,-1.0,0.0,0.0,0.0
1473506,2025-05-26,2025,MI,PBKS,"Sawai Mansingh Stadium, Jaipur",0,0.09744525547445254,0.20000000000000007,0.0,0.08333333333333331,0.53125,0.051504771225837964,0.13716356107660455,0.55,0.45,-0.050000000000000044,170.0,0.5,0.5,1.0,-0.893,0.0,0,0.0,0.0,0.0,0.0,0.0,0.0,0.0,0.0,30.0,55.0,18.0,10.0,0.35750000000000004,0.5,0.0,0.0,0.0,0.0,0.0,0.0,0.0
1473507,2025-05-27,2025,LSG,RCB,"Bharat Ratna Shri Atal Bihari Vajpayee Ekana Cricket Stadium, Lucknow",0,0.04316972205795383,-0.6000000000000001,0.0,-0.04999999999999999,0.4,-0.12307692307692308,0.17974452554744524,0.55,0.45,-0.050000000000000044,170.0,0.5,0.5,1.0,-1.5230000000000001,-0.09999999999999998,-3,-0.5,-4.100000000000001,-0.5,-0.7999999999999972,-1.2000000000000028,-0.19999999999999996,-0.19999999999999996,0.4299999999999997,30.0,55.0,18.0,10.0,0.35750000000000004,0.5,0.0,0.0,0.0,-1.0,0.0,0.0,1.0
1473508,2025-05-29,2025,PBKS,RCB,"Maharaja Yadavindra Singh International Cricket Stadium, Mullanpur",0,-0.03296734717218508,-0.20000000000000007,0.0,-0.6666666666666667,0.5142857142857142,-0.014522435300688863,-0.0467047498148736,0.55,0.45,-0.050000000000000044,170.0,0.5,0.5,1.0,-0.47400000000000003,-0.09999999999999998,-3,-0.5,-4.100000000000001,-0.5,-0.7999999999999972,-1.2000000000000028,-0.19999999999999996,-0.19999999999999996,0.4299999999999997,32.4,53.0,18.0,5.0,0.34850000000000003,0.6199999999999999,0.0,0.0,0.0,-1.0,0.0,0.0,1.0
1473509,2025-05-30,2025,MI,GT,"Maharaja Yadavindra Singh International Cricket Stadium, New Chandigarh",1,-0.08166409861325119,0.0,0.0,0.0,0.2857142857142857,-0.12779850746268662,-0.023640661938534313,0.55,0.45,-0.04999999999999999,170.0,0.5,0.5,1.0,-1.279,-0.30000000000000004,1,0.0,-1.5,-2.299999999999997,-5.399999999999999,0.0,-0.30000000000000004,-0.40000000000000013,-0.08999999999999986,32.4,53.0,18.0,5.0,0.34850000000000003,0.6199999999999999,0.0,1.0,-1.0,-1.0,0.0,0.0,0.0
1473510,2025-06-01,2025,MI,PBKS,"Narendra Modi Stadium, Ahmedabad",0,0.09671976988604936,0.19999999999999996,0.0,-0.6,0.5151515151515151,0.04750637058609386,0.1395278143682237,0.641,0.359,-0.14100000000000001,192.0,1.0,0.5,1.2,-0.893,0.0,0,0.0,0.0,0.0,0.0,0.0,0.0,0.0,0.0,35.3,65.0,22.0,0.0,0.5491666666666668,0.7649999999999999,0.0,0.0,0.0,0.0,0.0,0.0,0.0
1473511,2025-06-03,2025,RCB,PBKS,"Narendra Modi Stadium, Ahmedabad",1,0.034517364693909314,0.20000000000000007,0.0,-0.2666666666666666,0.5,0.014173998044965774,0.0495720212151447,0.641,0.359,-0.14100000000000001,192.0,1.0,0.5,1.2,0.47400000000000003,0.09999999999999998,3,0.5,4.100000000000001,0.5,0.7999999999999972,1.2000000000000028,0.19999999999999996,0.19999999999999996,-0.4299999999999997,35.3,65.0,22.0,0.0,0.5491666666666668,0.7649999999999999,0.0,0.0,0.0,1.0,0.0,0.0,-1.0
1527674,2026-03-28,2026,SRH,RCB,"M Chinnaswamy Stadium, Bengaluru",0,-0.014399092970521499,-0.20000000000000007,0.0,-0.033928571428571475,0.52,-0.04094132817537072,0.011508951406649592,0.55,0.45,-0.050000000000000044,170.0,0.5,0.5,1.0,-0.259,0.10000000000000009,-2,-0.5,4.100000000000001,8.599999999999994,10.400000000000006,-3.700000000000003,-0.2999999999999998,-0.19999999999999996,1.049999999999999,30.0,55.0,18.0,10.0,0.35750000000000004,0.5,2.0,0.0,2.0,-1.0,1.0,0.0,3.0
1527675,2026-03-29,2026,KKR,MI,"Wankhede Stadium, Mumbai",0,-0.03376271742697734,0.0,0.0,-0.3309178743961353,0.3142857142857143,0.02000865239022287,-0.09496059496059495,0.55,0.45,-0.050000000000000044,170.0,0.5,0.5,1.0,0.43699999999999994,0.0,0,0.0,0.0,0.0,0.0,0.0,0.0,0.0,0.0,30.0,55.0,18.0,10.0,0.35750000000000004,0.5,0.0,0.0,0.0,0.0,0.0,0.0,0.0
1527676,2026-03-30,2026,CSK,RR,"Barsapara Cricket Stadium, Guwahati",0,0.0783856805133401,0.0,0.0,-0.4,0.5161290322580645,0.07300646551724133,0.1014980758658604,0.55,0.45,-0.050000000000000044,170.0,0.5,0.5,1.0,-0.534,0.09999999999999998,-2,0.0,-3.0,-4.200000000000003,-8.899999999999999,0.8999999999999986,-0.40000000000000013,-0.09999999999999987,-0.2699999999999996,30.0,55.0,18.0,10.0,0.35750000000000004,0.5,0.0,1.0,-1.0,-2.0,0.0,-1.0,1.0
1527677,2026-03-31,2026,GT,PBKS,"Maharaja Yadavindra Singh International Cricket Stadium, New Chandigarh",0,0.16590909090909095,0.0,0.0,0.2,0.5,0.15466666666666662,0.15987210231814553,0.55,0.45,-0.050000000000000044,170.0,0.5,0.5,1.0,0.38599999999999995,0.30000000000000004,-1,0.0,1.5,2.299999999999997,5.399999999999999,0.0,0.30000000000000004,0.40000000000000013,0.08999999999999986,32.4,53.0,18.0,5.0,0.34850000000000003,0.6199999999999999,1.0,0.0,1.0,1.0,0.0,0.0,0.0
1527678,2026-04-01,2026,LSG,DC,"Bharat Ratna Shri Atal Bihari Vajpayee Ekana Cricket Stadium, Lucknow",0,0.07529381376727368,0.0,0.0,-0.23809523809523808,0.42857142857142855,-0.07972972972972969,0.21110262286732878,0.55,0.45,-0.050000000000000044,170.0,0.5,0.5,1.0,-0.08899999999999997,0.0,0,0.0,0.0,0.0,0.0,0.0,0.0,0.0,0.0,30.0,55.0,18.0,10.0,0.35750000000000004,0.5,0.0,0.0,0.0,0.0,0.0,0.0,0.0
1527679,2026-04-02,2026,SRH,KKR,"Eden Gardens, Kolkata",1,-0.03735274399003924,0.19999999999999996,0.0,-0.29569377990430623,0.3333333333333333,-0.0903484427998767,0.023239813469918214,0.55,0.45,-0.050000000000000044,170.0,0.5,0.5,1.0,0.671,0.20000000000000007,1,0.0,8.200000000000003,9.099999999999994,11.200000000000003,-2.5,-0.09999999999999987,0.0,0.6199999999999992,30.0,55.0,18.0,10.0,0.35750000000000004,0.5,2.0,0.0,2.0,0.0,1.0,0.0,2.0
1527680,2026-04-03,2026,CSK,PBKS,"MA Chidambaram Stadium, Chepauk, Chennai",0,0.10843463345514204,-0.19999999999999996,0.0,0.2077922077922078,0.5,0.0961959496442254,0.12256472194507173,0.55,0.45,-0.050000000000000044,170.0,0.5,0.5,1.0,-0.6539999999999999,0.0,0,0.0,0.0,0.0,0.0,0.0,0.0,0.0,0.0,30.0,55.0,18.0,10.0,0.35750000000000004,0.5,0.0,0.0,0.0,0.0,0.0,0.0,0.0
1527681,2026-04-04,2026,MI,DC,"Arun Jaitley Stadium, Delhi",0,0.10273273918178893,0.19999999999999996,0.0,0.29493087557603687,0.5675675675675675,0.07974148645289586,0.13651054827525416,0.55,0.45,-0.050000000000000044,170.0,0.5,0.5,1.0,0.06700000000000006,0.0,0,0.0,0.0,0.0,0.0,0.0,0.0,0.0,0.0,30.0,55.0,18.0,10.0,0.35750000000000004,0.5,0.0,0.0,0.0,0.0,0.0,0.0,0.0
1527682,2026-04-04,2026,RR,GT,"Narendra Modi Stadium, Ahmedabad",1,-0.11926924145596002,0.2,0.0,0.034782608695652195,0.25,-0.12403100775193798,-0.1151535380507343,0.641,0.359,-0.14100000000000001,192.0,1.0,0.5,1.2,-0.506,-0.4,3,0.0,1.5,1.9000000000000057,3.5,-0.8999999999999986,0.10000000000000009,-0.30000000000000027,0.17999999999999972,35.3,65.0,22.0,0.0,0.5491666666666668,0.7649999999999999,1.0,1.0,0.0,1.0,0.0,1.0,-1.0
1527683,2026-04-05,2026,SRH,LSG,"Rajiv Gandhi International Stadium, Uppal, Hyderabad",0,-0.03372710152371167,0.6000000000000001,0.0,-0.0793650793650793,0.3333333333333333,0.08936170212765954,-0.12669683257918551,0.55,0.45,-0.050000000000000044,170.0,0.5,0.5,1.0,1.264,0.20000000000000007,1,0.0,8.200000000000003,9.099999999999994,11.200000000000003,-2.5,-0.09999999999999987,0.0,0.6199999999999992,30.0,55.0,18.0,10.0,0.35750000000000004,0.5,2.0,0.0,2.0,0.0,1.0,0.0,2.0
1527684,2026-04-05,2026,RCB,CSK,"M Chinnaswamy Stadium, Bengaluru",1,-0.06828021036115872,0.4,0.0,-0.030864197530864224,0.38235294117647056,-0.07823437905107589,-0.06521739130434778,0.55,0.45,-0.050000000000000044,170.0,0.5,0.5,1.0,1.1280000000000001,0.09999999999999998,3,0.5,4.100000000000001,0.5,0.7999999999999972,1.2000000000000028,0.19999999999999996,0.19999999999999996,-0.4299999999999997,30.0,55.0,18.0,10.0,0.35750000000000004,0.5,0.0,0.0,0.0,1.0,0.0,0.0,-1.0
1527685,2026-04-06,2026,KKR,PBKS,"Eden Gardens, Kolkata",0,0.052631578947368474,-0.39999999999999997,0.0,0.2767857142857143,0.6,0.05585452897524501,0.03738741290432224,0.55,0.45,-0.04999999999999999,170.0,0.5,0.5,1.0,-0.45599999999999996,0.0,0,0.0,0.0,0.0,0.0,0.0,0.0,0.0,0.0,30.0,55.0,18.0,10.0,0.35750000000000004,0.5,0.0,0.0,0.0,0.0,0.0,0.0,0.0
1527686,2026-04-07,2026,RR,MI,"Barsapara Cricket Stadium, Guwahati",1,-0.055351390590263616,0.19999999999999996,0.0,-0.04480286738351258,0.4666666666666667,-0.02032730404823435,-0.10185185185185186,0.55,0.45,-0.050000000000000044,170.0,0.5,0.5,1.0,0.7729999999999999,-0.09999999999999998,2,0.0,3.0,4.200000000000003,8.899999999999999,-0.8999999999999986,0.40000000000000013,0.09999999999999987,0.2699999999999996,30.0,55.0,18.0,10.0,0.35750000000000004,0.5,1.0,0.0,1.0,2.0,0.0,1.0,-1.0
1527687,2026-04-08,2026,GT,DC,"Arun Jaitley Stadium, Delhi",1,0.1506775392732942,-0.6,0.0,0.22916666666666663,0.5714285714285714,0.1603921568627451,0.1407563025210084,0.55,0.45,-0.050000000000000044,170.0,0.5,0.5,1.0,1.346,0.30000000000000004,-1,0.0,1.5,2.299999999999997,5.399999999999999,0.0,0.30000000000000004,0.40000000000000013,0.08999999999999986,30.0,55.0,18.0,10.0,0.35750000000000004,0.5,1.0,0.0,1.0,1.0,0.0,0.0,0.0
1527688,2026-04-09,2026,KKR,LSG,"Eden Gardens, Kolkata",0,-0.011048689138576817,-0.4,0.0,0.05670103092783507,0.3333333333333333,0.15246264526840064,-0.15854779411764708,0.55,0.45,-0.050000000000000044,170.0,0.5,0.5,1.0,0.593,0.0,0,0.0,0.0,0.0,0.0,0.0,0.0,0.0,0.0,30.0,55.0,18.0,10.0,0.35750000000000004,0.5,0.0,0.0,0.0,0.0,0.0,0.0,0.0
1527689,2026-04-10,2026,RCB,RR,"Barsapara Cricket Stadium, Guwahati",0,0.0010504201680672787,0.19999999999999996,0.0,-0.07878151260504196,0.5151515151515151,-0.008801072448563207,0.02204474952148372,0.55,0.45,-0.050000000000000044,170.0,0.5,0.5,1.0,0.5940000000000001,0.19999999999999996,1,0.5,1.1000000000000014,-3.700000000000003,-8.100000000000001,2.1000000000000014,-0.20000000000000018,0.10000000000000009,-0.6999999999999993,30.0,55.0,18.0,10.0,0.35750000000000004,0.5,0.0,1.0,-1.0,-1.0,0.0,-1.0,0.0
1527691,2026-04-11,2026,CSK,DC,"MA Chidambaram Stadium, Chepauk, Chennai",1,0.11241830065359482,-0.39999999999999997,0.0,0.32051282051282054,0.6129032258064516,0.12339389822833524,0.11953477042991106,0.55,0.45,-0.050000000000000044,170.0,0.5,0.5,1.0,0.30600000000000005,0.0,0,0.0,0.0,0.0,0.0,0.0,0.0,0.0,0.0,30.0,55.0,18.0,10.0,0.35750000000000004,0.5,0.0,0.0,0.0,0.0,0.0,0.0,0.0
1527690,2026-04-11,2026,SRH,PBKS,"Maharaja Yadavindra Singh International Cricket Stadium, New Chandigarh",0,0.01917828844597519,0.0,0.0,0.6363636363636364,0.7083333333333334,-0.02626329787234044,0.061459403905447074,0.55,0.45,-0.050000000000000044,170.0,0.5,0.5,1.0,0.21500000000000002,0.20000000000000007,1,0.0,8.200000000000003,9.099999999999994,11.200000000000003,-2.5,-0.09999999999999987,0.0,0.6199999999999992,32.4,53.0,18.0,5.0,0.34850000000000003,0.6199999999999999,2.0,0.0,2.0,0.0,1.0,0.0,2.0
1527692,2026-04-12,2026,LSG,GT,"Bharat Ratna Shri Atal Bihari Vajpayee Ekana Cricket Stadium, Lucknow",0,-0.07858443924017688,0.39999999999999997,0.0,0.0757575757575758,0.42857142857142855,-0.20261437908496738,0.0365111561866126,0.55,0.45,-0.050000000000000044,170.0,0.5,0.5,1.0,-1.435,-0.30000000000000004,1,0.0,-1.5,-2.299999999999997,-5.399999999999999,0.0,-0.30000000000000004,-0.40000000000000013,-0.08999999999999986,30.0,55.0,18.0,10.0,0.35750000000000004,0.5,0.0,1.0,-1.0,-1.0,0.0,0.0,0.0
1527693,2026-04-12,2026,RCB,MI,"Wankhede Stadium, Mumbai",1,-0.052014652014651996,0.4,0.0,-0.13921901528013586,0.4117647058823529,-0.02498894294559928,-0.07777777777777778,0.55,0.45,-0.050000000000000044,170.0,0.5,0.5,1.0,1.367,0.09999999999999998,3,0.5,4.100000000000001,0.5,0.7999999999999972,1.2000000000000028,0.19999999999999996,0.19999999999999996,-0.4299999999999997,30.0,55.0,18.0,10.0,0.35750000000000004,0.5,0.0,0.0,0.0,1.0,0.0,0.0,-1.0
1529264,2026-04-13,2026,SRH,RR,"Rajiv Gandhi International Stadium, Uppal, Hyderabad",1,-0.023723849372384975,-0.6,0.0,0.24479166666666669,0.5714285714285714,-0.05679214402618654,0.021637528128786554,0.55,0.45,-0.050000000000000044,170.0,0.5,0.5,1.0,0.335,0.30000000000000004,-1,0.0,5.200000000000003,4.8999999999999915,2.3000000000000043,-1.6000000000000014,-0.5,-0.09999999999999987,0.34999999999999964,30.0,55.0,18.0,10.0,0.35750000000000004,0.5,2.0,1.0,1.0,-2.0,1.0,-1.0,3.0
1529265,2026-04-14,2026,CSK,KKR,"MA Chidambaram Stadium, Chepauk, Chennai",1,0.054862406716417955,0.4,0.0,0.2832278481012658,0.6451612903225806,0.031298038492283076,0.09162902236350456,0.55,0.45,-0.050000000000000044,170.0,0.5,0.5,1.0,-0.19799999999999998,0.0,0,0.0,0.0,0.0,0.0,0.0,0.0,0.0,0.0,30.0,55.0,18.0,10.0,0.35750000000000004,0.5,0.0,0.0,0.0,0.0,0.0,0.0,0.0
1529266,2026-04-15,2026,LSG,RCB,"M Chinnaswamy Stadium, Bengaluru",0,0.023428302331057194,-0.4,0.0,0.524390243902439,0.3333333333333333,-0.08939014202172102,0.11752786220871325,0.55,0.45,-0.050000000000000044,170.0,0.5,0.5,1.0,-1.5230000000000001,-0.09999999999999998,-3,-0.5,-4.100000000000001,-0.5,-0.7999999999999972,-1.2000000000000028,-0.19999999999999996,-0.19999999999999996,0.4299999999999997,30.0,55.0,18.0,10.0,0.35750000000000004,0.5,0.0,0.0,0.0,-1.0,0.0,0.0,1.0
1529267,2026-04-16,2026,MI,PBKS,"Wankhede Stadium, Mumbai",0,0.08570138630689972,-0.39999999999999997,0.0,0.13269876819708853,0.5,0.0353646805862049,0.13209432454036774,0.55,0.45,-0.050000000000000044,170.0,0.5,0.5,1.0,-0.893,0.0,0,0.0,0.0,0.0,0.0,0.0,0.0,0.0,0.0,30.0,55.0,18.0,10.0,0.35750000000000004,0.5,0.0,0.0,0.0,0.0,0.0,0.0,0.0
1529268,2026-04-17,2026,KKR,GT,"Narendra Modi Stadium, Ahmedabad",0,-0.1075162639405205,-0.4,0.0,0.20833333333333337,0.25,-0.08571428571428574,-0.12536754878374767,0.641,0.359,-0.14100000000000001,192.0,1.0,0.5,1.2,-0.842,-0.30000000000000004,1,0.0,-1.5,-2.299999999999997,-5.399999999999999,0.0,-0.30000000000000004,-0.40000000000000013,-0.08999999999999986,35.3,65.0,22.0,0.0,0.5491666666666668,0.7649999999999999,0.0,1.0,-1.0,-1.0,0.0,0.0,0.0
1529269,2026-04-18,2026,RCB,DC,"M Chinnaswamy Stadium, Bengaluru",0,0.051741026501174125,0.20000000000000007,0.0,0.08192771084337347,0.5757575757575758,0.057050274941084056,0.05894272602658085,0.55,0.45,-0.050000000000000044,170.0,0.5,0.5,1.0,1.4340000000000002,0.09999999999999998,3,0.5,4.100000000000001,0.5,0.7999999999999972,1.2000000000000028,0.19999999999999996,0.19999999999999996,-0.4299999999999997,30.0,55.0,18.0,10.0,0.35750000000000004,0.5,0.0,0.0,0.0,1.0,0.0,0.0,-1.0
1529270,2026-04-18,2026,SRH,CSK,"Rajiv Gandhi International Stadium, Uppal, Hyderabad",1,-0.08767446812629459,0.0,0.0,0.1560439560439561,0.3181818181818182,-0.11747590470994723,-0.06348464619492661,0.55,0.45,-0.050000000000000044,170.0,0.5,0.5,1.0,0.869,0.20000000000000007,1,0.0,8.200000000000003,9.099999999999994,11.200000000000003,-2.5,-0.09999999999999987,0.0,0.6199999999999992,30.0,55.0,18.0,10.0,0.35750000000000004,0.5,2.0,0.0,2.0,0.0,1.0,0.0,2.0
1529272,2026-04-19,2026,PBKS,LSG,"Maharaja Yadavindra Singh International Cricket Stadium, New Chandigarh",1,-0.050687437304537675,0.4,0.0,-0.09126984126984122,0.5,0.07863247863247869,-0.15987210231814553,0.55,0.45,-0.050000000000000044,170.0,0.5,0.5,1.0,1.049,0.0,0,0.0,0.0,0.0,0.0,0.0,0.0,0.0,0.0,32.4,53.0,18.0,5.0,0.34850000000000003,0.6199999999999999,0.0,0.0,0.0,0.0,0.0,0.0,0.0
1529271,2026-04-19,2026,RR,KKR,"Eden Gardens, Kolkata",0,-0.00833333333333336,0.8,0.0,-0.24332810047095754,0.4,-0.0294438386041439,0.008115737473535667,0.55,0.45,-0.04999999999999999,170.0,0.5,0.5,1.0,0.33599999999999997,-0.09999999999999998,2,0.0,3.0,4.200000000000003,8.899999999999999,-0.8999999999999986,0.40000000000000013,0.09999999999999987,0.2699999999999996,30.0,55.0,18.0,10.0,0.35750000000000004,0.5,1.0,0.0,1.0,2.0,0.0,1.0,-1.0
1529273,2026-04-20,2026,MI,GT,"Narendra Modi Stadium, Ahmedabad",1,-0.07637752318603386,-0.39999999999999997,0.0,-0.56,0.375,-0.11192214111922139,-0.027586206896551668,0.641,0.359,-0.14100000000000001,192.0,1.0,0.5,1.2,-1.279,-0.30000000000000004,1,0.0,-1.5,-2.299999999999997,-5.399999999999999,0.0,-0.30000000000000004,-0.40000000000000013,-0.08999999999999986,35.3,65.0,22.0,0.0,0.5491666666666668,0.7649999999999999,0.0,1.0,-1.0,-1.0,0.0,0.0,0.0
1529274,2026-04-21,2026,SRH,DC,"Rajiv Gandhi International Stadium, Uppal, Hyderabad",1,0.030394583576004663,0.0,0.0,-0.009090909090909038,0.5,0.005701571408705308,0.06800497976968567,0.55,0.45,-0.050000000000000044,170.0,0.5,0.5,1.0,1.175,0.20000000000000007,1,0.0,8.200000000000003,9.099999999999994,11.200000000000003,-2.5,-0.09999999999999987,0.0,0.6199999999999992,30.0,55.0,18.0,10.0,0.35750000000000004,0.5,2.0,0.0,2.0,0.0,1.0,0.0,2.0
1529275,2026-04-22,2026,RR,LSG,"Bharat Ratna Shri Atal Bihari Vajpayee Ekana Cricket Stadium, Lucknow",1,-0.010373443983402508,0.19999999999999996,0.0,0.6086956521739131,0.6666666666666666,0.11341330425299895,-0.12828282828282833,0.55,0.45,-0.050000000000000044,170.0,0.5,0.5,1.0,0.929,-0.09999999999999998,2,0.0,3.0,4.200000000000003,8.899999999999999,-0.8999999999999986,0.40000000000000013,0.09999999999999987,0.2699999999999996,30.0,55.0,18.0,10.0,0.35750000000000004,0.5,1.0,0.0,1.0,2.0,0.0,1.0,-1.0
1529276,2026-04-23,2026,CSK,MI,"Wankhede Stadium, Mumbai",1,0.01750349248089411,0.2,0.0,-0.09999999999999998,0.46153846153846156,0.046950389706791995,-0.005968688845401138,0.55,0.45,-0.050000000000000044,170.0,0.5,0.5,1.0,0.239,0.0,0,0.0,0.0,0.0,0.0,0.0,0.0,0.0,0.0,30.0,55.0,18.0,10.0,0.35750000000000004,0.5,0.0,0.0,0.0,0.0,0.0,0.0,0.0
1529277,2026-04-24,2026,GT,RCB,"M Chinnaswamy Stadium, Bengaluru",0,0.11330698287220026,0.0,0.0,0.19047619047619047,0.5,0.11133521581282779,0.10101991257892179,0.55,0.45,-0.050000000000000044,170.0,0.5,0.5,1.0,-0.08800000000000008,0.20000000000000007,-4,-0.5,-2.6000000000000014,1.7999999999999972,4.600000000000001,-1.2000000000000028,0.10000000000000009,0.20000000000000018,0.5199999999999996,30.0,55.0,18.0,10.0,0.35750000000000004,0.5,1.0,0.0,1.0,0.0,0.0,0.0,1.0
1529278,2026-04-25,2026,DC,PBKS,"Arun Jaitley Stadium, Delhi",0,-0.016035816035816053,-0.4,0.0,-0.24242424242424238,0.45714285714285713,-0.04255744255744259,-0.005042016806722727,0.55,0.45,-0.04999999999999999,170.0,0.5,0.5,1.0,-0.96,0.0,0,0.0,0.0,0.0,0.0,0.0,0.0,0.0,0.0,30.0,55.0,18.0,10.0,0.35750000000000004,0.5,0.0,0.0,0.0,0.0,0.0,0.0,0.0
1529279,2026-04-25,2026,RR,SRH,"Sawai Mansingh Stadium, Jaipur",0,0.013903024874811709,0.0,0.0,0.11290322580645162,0.4090909090909091,0.052623030696767936,-0.035457475824448303,0.55,0.45,-0.050000000000000044,170.0,0.5,0.5,1.0,-0.335,-0.30000000000000004,1,0.0,-5.200000000000003,-4.8999999999999915,-2.3000000000000043,1.6000000000000014,0.5,0.09999999999999987,-0.34999999999999964,30.0,55.0,18.0,10.0,0.35750000000000004,0.5,1.0,2.0,-1.0,2.0,-1.0,1.0,-3.0
1529280,2026-04-26,2026,CSK,GT,"MA Chidambaram Stadium, Chepauk, Chennai",0,-0.03716936552757444,0.0,0.0,0.6625,0.5,-0.046953733394411445,-0.008510638297872353,0.55,0.45,-0.050000000000000044,170.0,0.5,0.5,1.0,-1.04,-0.30000000000000004,1,0.0,-1.5,-2.299999999999997,-5.399999999999999,0.0,-0.30000000000000004,-0.40000000000000013,-0.08999999999999986,30.0,55.0,18.0,10.0,0.35750000000000004,0.5,0.0,1.0,-1.0,-1.0,0.0,0.0,0.0
1529281,2026-04-26,2026,KKR,LSG,"Bharat Ratna Shri Atal Bihari Vajpayee Ekana Cricket Stadium, Lucknow",0,0.009537326142492142,0.0,0.0,0.625,0.2857142857142857,0.16067498165810717,-0.1324786324786325,0.55,0.45,-0.050000000000000044,170.0,0.5,0.5,1.0,0.593,0.0,0,0.0,0.0,0.0,0.0,0.0,0.0,0.0,0.0,30.0,55.0,18.0,10.0,0.35750000000000004,0.5,0.0,0.0,0.0,0.0,0.0,0.0,0.0
1529282,2026-04-27,2026,DC,RCB,"Arun Jaitley Stadium, Delhi",0,-0.05297899812906792,-0.39999999999999997,0.0,-0.08823529411764708,0.38235294117647056,-0.06022126022126023,-0.05903755868544602,0.55,0.45,-0.050000000000000044,170.0,0.5,0.5,1.0,-1.4340000000000002,-0.09999999999999998,-3,-0.5,-4.100000000000001,-0.5,-0.7999999999999972,-1.2000000000000028,-0.19999999999999996,-0.19999999999999996,0.4299999999999997,30.0,55.0,18.0,10.0,0.35750000000000004,0.5,0.0,0.0,0.0,-1.0,0.0,0.0,1.0
1529283,2026-04-28,2026,PBKS,RR,"Maharaja Yadavindra Singh International Cricket Stadium, New Chandigarh",0,-0.028457321610253106,0.4,0.0,-0.5384615384615384,0.4,-0.01526717557251911,-0.028571428571428525,0.55,0.45,-0.050000000000000044,170.0,0.5,0.5,1.0,0.12,0.09999999999999998,-2,0.0,-3.0,-4.200000000000003,-8.899999999999999,0.8999999999999986,-0.40000000000000013,-0.09999999999999987,-0.2699999999999996,32.4,53.0,18.0,5.0,0.34850000000000003,0.6199999999999999,0.0,1.0,-1.0,-2.0,0.0,-1.0,1.0
1529284,2026-04-29,2026,MI,SRH,"Wankhede Stadium, Mumbai",0,0.05834023750345202,-0.6000000000000001,0.0,0.45089285714285715,0.56,0.05598779557589628,0.05950735201709184,0.55,0.45,-0.04999999999999999,170.0,0.5,0.5,1.0,-1.108,-0.20000000000000007,-1,0.0,-8.200000000000003,-9.099999999999994,-11.200000000000003,2.5,0.09999999999999987,0.0,-0.6199999999999992,30.0,55.0,18.0,10.0,0.35750000000000004,0.5,0.0,2.0,-2.0,0.0,-1.0,0.0,-2.0
1529285,2026-04-30,2026,RCB,GT,"Narendra Modi Stadium, Ahmedabad",0,-0.10653829877274645,0.20000000000000007,0.0,-0.038461538461538436,0.5714285714285714,-0.11377708978328183,-0.08262910798122064,0.641,0.359,-0.14100000000000001,192.0,1.0,0.5,1.2,0.08800000000000008,-0.20000000000000007,4,0.5,2.6000000000000014,-1.7999999999999972,-4.600000000000001,1.2000000000000028,-0.10000000000000009,-0.20000000000000018,-0.5199999999999996,35.3,65.0,22.0,0.0,0.5491666666666668,0.7649999999999999,0.0,1.0,-1.0,0.0,0.0,0.0,-1.0
1529286,2026-05-01,2026,RR,DC,"Sawai Mansingh Stadium, Jaipur",0,0.05180327868852458,0.2,0.0,0.22817460317460314,0.5,0.0649350649350649,0.04014167650531286,0.55,0.45,-0.04999999999999999,170.0,0.5,0.5,1.0,0.8400000000000001,-0.09999999999999998,2,0.0,3.0,4.200000000000003,8.899999999999999,-0.8999999999999986,0.40000000000000013,0.09999999999999987,0.2699999999999996,30.0,55.0,18.0,10.0,0.35750000000000004,0.5,1.0,0.0,1.0,2.0,0.0,1.0,-1.0
202644,2026-05-02,2026,MI,CSK,"MA Chidambaram Stadium, Chennai",0,-0.02085020242914981,-0.39999999999999997,0.0,-0.154320987654321,0.525,-0.050970277573077816,0.0026827632461435824,0.55,0.45,0.050000000000000044,170.0,0.5,0.5,1.0,-0.239,0.0,0,0.0,0.0,0.0,0.0,0.0,0.0,0.0,0.0,30.0,55.0,18.0,10.0,0.35750000000000004,0.5,0.0,0.0,0.0,0.0,0.0,0.0,0.0
202645,2026-05-03,2026,SRH,KKR,"Rajiv Gandhi International Stadium, Hyderabad",0,-0.017073170731707332,0.8,0.0,-0.06965174129353235,0.3548387096774194,-0.07446808510638303,0.04804258001260597,0.55,0.45,0.050000000000000044,170.0,0.5,0.5,1.0,0.671,0.20000000000000007,1,0.0,8.200000000000003,9.099999999999994,11.200000000000003,-2.5,-0.09999999999999987,0.0,0.6199999999999992,30.0,55.0,18.0,10.0,0.35750000000000004,0.5,2.0,0.0,2.0,0.0,1.0,0.0,2.0
202646,2026-05-03,2026,PBKS,GT,"Narendra Modi Stadium, Ahmedabad",0,-0.14913682864450134,0.20000000000000007,0.0,0.015873015873015817,0.5714285714285714,-0.13994910941475824,-0.13617021276595742,0.641,0.359,0.14100000000000001,192.0,1.0,0.5,1.2,-0.38599999999999995,-0.30000000000000004,1,0.0,-1.5,-2.299999999999997,-5.399999999999999,0.0,-0.30000000000000004,-0.40000000000000013,-0.08999999999999986,35.3,65.0,22.0,0.0,0.5491666666666668,0.7649999999999999,0.0,1.0,-1.0,-1.0,0.0,0.0,0.0
202647,2026-05-04,2026,LSG,MI,"Wankhede Stadium, Mumbai",0,-0.05011655011655014,-0.2,0.0,-0.08762886597938147,0.75,-0.14676258992805757,0.031746031746031744,0.55,0.45,0.050000000000000044,170.0,0.5,0.5,1.0,-0.15600000000000003,0.0,0,0.0,0.0,0.0,0.0,0.0,0.0,0.0,0.0,30.0,55.0,18.0,10.0,0.35750000000000004,0.5,0.0,0.0,0.0,0.0,0.0,0.0,0.0
202648,2026-05-05,2026,DC,CSK,"Arun Jaitley Stadium, Delhi",0,-0.11735798767283018,-0.19999999999999996,0.0,-0.09999999999999998,0.375,-0.11782394751230174,-0.1360457724094088,0.55,0.45,0.050000000000000044,170.0,0.5,0.5,1.0,-0.30600000000000005,0.0,0,0.0,0.0,0.0,0.0,0.0,0.0,0.0,0.0,30.0,55.0,18.0,10.0,0.35750000000000004,0.5,0.0,0.0,0.0,0.0,0.0,0.0,0.0
202649,2026-05-06,2026,SRH,PBKS,"Rajiv Gandhi International Stadium, Hyderabad",1,0.02270706639638681,0.20000000000000007,0.0,0.28054298642533937,0.68,-0.02788191190253042,0.07072678768950486,0.55,0.45,0.050000000000000044,170.0,0.5,0.5,1.0,0.21500000000000002,0.20000000000000007,1,0.0,8.200000000000003,9.099999999999994,11.200000000000003,-2.5,-0.09999999999999987,0.0,0.6199999999999992,30.0,55.0,18.0,10.0,0.35750000000000004,0.5,2.0,0.0,2.0,0.0,1.0,0.0,2.0
202650,2026-05-07,2026,LSG,RCB,"Bharat Ratna Shri Atal Bihari Vajpayee Ekana Cricket Stadium, Lucknow",1,-0.017011715615471046,-0.6,0.0,-0.30666666666666664,0.2857142857142857,-0.1570208728652751,0.10800310800310803,0.55,0.45,0.050000000000000044,170.0,0.5,0.5,1.0,-1.5230000000000001,-0.09999999999999998,-3,-0.5,-4.100000000000001,-0.5,-0.7999999999999972,-1.2000000000000028,-0.19999999999999996,-0.19999999999999996,0.4299999999999997,30.0,55.0,18.0,10.0,0.35750000000000004,0.5,0.0,0.0,0.0,-1.0,0.0,0.0,1.0
202651,2026-05-08,2026,DC,KKR,"Arun Jaitley Stadium, Delhi",0,-0.06139828883511195,-0.2,0.0,0.18888888888888888,0.4117647058823529,-0.09369885433715225,-0.03581267217630857,0.55,0.45,0.050000000000000044,170.0,0.5,0.5,1.0,-0.504,0.0,0,0.0,0.0,0.0,0.0,0.0,0.0,0.0,0.0,30.0,55.0,18.0,10.0,0.35750000000000004,0.5,0.0,0.0,0.0,0.0,0.0,0.0,0.0
202652,2026-05-09,2026,GT,RR,"Sawai Mansingh Stadium, Jaipur",1,0.1244897959183674,0.19999999999999996,0.0,0.07291666666666663,0.6666666666666666,0.12121212121212122,0.12360833571224661,0.55,0.45,-0.050000000000000044,170.0,0.5,0.5,1.0,0.506,0.4,-3,0.0,-1.5,-1.9000000000000057,-3.5,0.8999999999999986,-0.10000000000000009,0.30000000000000027,-0.17999999999999972,30.0,55.0,18.0,10.0,0.35750000000000004,0.5,1.0,1.0,0.0,-1.0,0.0,-1.0,1.0
202653,2026-05-10,2026,LSG,CSK,"MA Chidambaram Stadium, Chennai",0,-0.0757745846430175,-0.39999999999999997,0.0,-0.3252032520325204,0.5,-0.19544491525423724,0.02777777777777779,0.55,0.45,0.050000000000000044,170.0,0.5,0.5,1.0,-0.395,0.0,0,0.0,0.0,0.0,0.0,0.0,0.0,0.0,0.0,30.0,55.0,18.0,10.0,0.35750000000000004,0.5,0.0,0.0,0.0,0.0,0.0,0.0,0.0
202654,2026-05-10,2026,MI,RCB,"Shaheed Veer Narayan Singh International Stadium, Raipur",0,0.04372822299651569,0.0,0.0,-0.46341463414634143,0.5428571428571428,0.0026449428692341126,0.08258258258258255,0.55,0.45,-0.050000000000000044,170.0,0.5,0.5,1.0,-1.367,-0.09999999999999998,-3,-0.5,-4.100000000000001,-0.5,-0.7999999999999972,-1.2000000000000028,-0.19999999999999996,-0.19999999999999996,0.4299999999999997,30.0,55.0,18.0,10.0,0.35750000000000004,0.5,0.0,0.0,0.0,-1.0,0.0,0.0,1.0
202655,2026-05-11,2026,PBKS,DC,"Himachal Pradesh Cricket Association Stadium, Dharamsala",0,0.01735545869873445,0.2,0.0,0.0,0.5,0.04502026635784595,0.00593644511698288,0.55,0.45,0.050000000000000044,170.0,0.5,0.5,1.0,0.96,0.0,0,0.0,0.0,0.0,0.0,0.0,0.0,0.0,0.0,30.0,55.0,18.0,10.0,0.35750000000000004,0.5,0.0,0.0,0.0,0.0,0.0,0.0,0.0
202656,2026-05-12,2026,GT,SRH,"Narendra Modi Stadium, Ahmedabad",1,0.13662652241954137,0.0,0.0,0.5714285714285714,0.8333333333333334,0.16666666666666663,0.09461009174311924,0.641,0.359,-0.14100000000000001,192.0,1.0,0.5,1.2,0.17099999999999993,0.09999999999999998,-2,0.0,-6.700000000000003,-6.799999999999997,-5.800000000000004,2.5,0.3999999999999999,0.40000000000000013,-0.5299999999999994,35.3,65.0,22.0,0.0,0.5491666666666668,0.7649999999999999,1.0,2.0,-1.0,1.0,-1.0,0.0,-2.0
202657,2026-05-13,2026,KKR,RCB,"Shaheed Veer Narayan Singh International Stadium, Raipur",0,0.00898771332831133,0.0,0.0,-1.0,0.5714285714285714,0.02702282963193048,-0.015873015873015872,0.55,0.45,0.050000000000000044,170.0,0.5,0.5,1.0,-0.93,-0.09999999999999998,-3,-0.5,-4.100000000000001,-0.5,-0.7999999999999972,-1.2000000000000028,-0.19999999999999996,-0.19999999999999996,0.4299999999999997,30.0,55.0,18.0,10.0,0.35750000000000004,0.5,0.0,0.0,0.0,-1.0,0.0,0.0,1.0
202658,2026-05-14,2026,PBKS,MI,"Himachal Pradesh Cricket Association Stadium, Dharamsala",0,-0.08017676767676768,0.0,0.0,0.375,0.4857142857142857,-0.027965597446854562,-0.1291237357028075,0.55,0.45,0.050000000000000044,170.0,0.5,0.5,1.0,0.893,0.0,0,0.0,0.0,0.0,0.0,0.0,0.0,0.0,0.0,30.0,55.0,18.0,10.0,0.35750000000000004,0.5,0.0,0.0,0.0,0.0,0.0,0.0,0.0
202659,2026-05-15,2026,CSK,LSG,"Bharat Ratna Shri Atal Bihari Vajpayee Ekana Cricket Stadium, Lucknow",0,0.08447677302033396,0.6000000000000001,0.0,-0.05128205128205132,0.42857142857142855,0.20775552131484332,-0.02452107279693494,0.55,0.45,0.050000000000000044,170.0,0.5,0.5,1.0,0.395,0.0,0,0.0,0.0,0.0,0.0,0.0,0.0,0.0,0.0,30.0,55.0,18.0,10.0,0.35750000000000004,0.5,0.0,0.0,0.0,0.0,0.0,0.0,0.0
202660,2026-05-16,2026,KKR,GT,"Eden Gardens, Kolkata",1,-0.12318181818181817,-0.4,0.0,-0.4444444444444444,0.2,-0.096244131455399,-0.14718614718614725,0.55,0.45,0.050000000000000044,170.0,0.5,0.5,1.0,-0.842,-0.30000000000000004,1,0.0,-1.5,-2.299999999999997,-5.399999999999999,0.0,-0.30000000000000004,-0.40000000000000013,-0.08999999999999986,30.0,55.0,18.0,10.0,0.35750000000000004,0.5,0.0,1.0,-1.0,-1.0,0.0,0.0,0.0
202661,2026-05-17,2026,RCB,PBKS,"Himachal Pradesh Cricket Association Stadium, Dharamsala",1,0.04355534998458216,0.6,0.0,0.14705882352941174,0.5135135135135135,0.03251988234012415,0.05390966488586696,0.55,0.45,-0.050000000000000044,170.0,0.5,0.5,1.0,0.47400000000000003,0.09999999999999998,3,0.5,4.100000000000001,0.5,0.7999999999999972,1.2000000000000028,0.19999999999999996,0.19999999999999996,-0.4299999999999997,30.0,55.0,18.0,10.0,0.35750000000000004,0.5,0.0,0.0,0.0,1.0,0.0,0.0,-1.0
202662,2026-05-17,2026,RR,DC,"Arun Jaitley Stadium, Delhi",0,0.04694466299501704,0.0,0.0,-0.0926640926640927,0.4838709677419355,0.06364637708921983,0.03133613811112723,0.55,0.45,0.050000000000000044,170.0,0.5,0.5,1.0,0.8400000000000001,-0.09999999999999998,2,0.0,3.0,4.200000000000003,8.899999999999999,-0.8999999999999986,0.40000000000000013,0.09999999999999987,0.2699999999999996,30.0,55.0,18.0,10.0,0.35750000000000004,0.5,1.0,0.0,1.0,2.0,0.0,1.0,-1.0
202663,2026-05-18,2026,CSK,SRH,"MA Chidambaram Stadium, Chennai",0,0.07983682983682977,0.0,0.0,0.4318813716404078,0.6521739130434783,0.10168916051268989,0.06314457450173988,0.55,0.45,-0.04999999999999999,170.0,0.5,0.5,1.0,-0.869,-0.20000000000000007,-1,0.0,-8.200000000000003,-9.099999999999994,-11.200000000000003,2.5,0.09999999999999987,0.0,-0.6199999999999992,30.0,55.0,18.0,10.0,0.35750000000000004,0.5,0.0,2.0,-2.0,0.0,-1.0,0.0,-2.0
202664,2026-05-19,2026,LSG,RR,"Sawai Mansingh Stadium, Jaipur",0,-0.00011567379988430826,0.2,0.0,0.08205128205128198,0.2857142857142857,-0.14337403889642697,0.14278880650562065,0.55,0.45,-0.050000000000000044,170.0,0.5,0.5,1.0,-0.929,0.09999999999999998,-2,0.0,-3.0,-4.200000000000003,-8.899999999999999,0.8999999999999986,-0.40000000000000013,-0.09999999999999987,-0.2699999999999996,30.0,55.0,18.0,10.0,0.35750000000000004,0.5,0.0,1.0,-1.0,-2.0,0.0,-1.0,1.0
202665,2026-05-20,2026,MI,KKR,"Eden Gardens, Kolkata",0,0.03270899152499873,-0.19999999999999996,0.0,0.15428571428571425,0.6944444444444444,-0.026663983498515842,0.09809523809523807,0.55,0.45,0.050000000000000044,170.0,0.5,0.5,1.0,-0.43699999999999994,0.0,0,0.0,0.0,0.0,0.0,0.0,0.0,0.0,0.0,30.0,55.0,18.0,10.0,0.35750000000000004,0.5,0.0,0.0,0.0,0.0,0.0,0.0,0.0
202666,2026-05-21,2026,GT,CSK,"Narendra Modi Stadium, Ahmedabad",1,0.05794779012664775,0.20000000000000007,0.0,0.08620689655172409,0.5555555555555556,0.07002801120448177,0.03142626913779212,0.641,0.359,-0.14100000000000001,192.0,1.0,0.5,1.2,1.04,0.30000000000000004,-1,0.0,1.5,2.299999999999997,5.399999999999999,0.0,0.30000000000000004,0.40000000000000013,0.08999999999999986,35.3,65.0,22.0,0.0,0.5491666666666668,0.7649999999999999,1.0,0.0,1.0,1.0,0.0,0.0,0.0
202667,2026-05-22,2026,SRH,RCB,"Rajiv Gandhi International Stadium, Hyderabad",1,-0.014979627030956733,0.0,0.0,0.2608695652173913,0.5,-0.04744525547445255,0.01583511373633284,0.55,0.45,-0.04999999999999999,170.0,0.5,0.5,1.0,-0.259,0.10000000000000009,-2,-0.5,4.100000000000001,8.599999999999994,10.400000000000006,-3.700000000000003,-0.2999999999999998,-0.19999999999999996,1.049999999999999,30.0,55.0,18.0,10.0,0.35750000000000004,0.5,2.0,0.0,2.0,-1.0,1.0,0.0,3.0
202669,2026-05-23,2026,MI,RR,"Wankhede Stadium, Mumbai",0,0.04657953281423799,0.0,0.0,0.09183673469387754,0.5161290322580645,0.002116402116402072,0.10188790560471972,0.55,0.45,0.050000000000000044,170.0,0.5,0.5,1.0,-0.7729999999999999,0.09999999999999998,-2,0.0,-3.0,-4.200000000000003,-8.899999999999999,0.8999999999999986,-0.40000000000000013,-0.09999999999999987,-0.2699999999999996,30.0,55.0,18.0,10.0,0.35750000000000004,0.5,0.0,1.0,-1.0,-2.0,0.0,-1.0,1.0
202691,2026-05-26,2026,RCB,GT,"HPCA Stadium, Dharamshala",1,-0.12514274838218498,-0.20000000000000007,0.0,-0.12514274838218498,0.5,-0.12318840579710144,-0.11937377690802348,0.55,0.45,-0.050000000000000044,170.0,0.5,0.5,1.0,0.08800000000000008,-0.20000000000000007,4,0.5,2.6000000000000014,-1.7999999999999972,-4.600000000000001,1.2000000000000028,-0.10000000000000009,-0.20000000000000018,-0.5199999999999996,21.5,71.0,14.5,10.0,0.3195,0.075,0.0,1.0,-1.0,0.0,0.0,0.0,-1.0
202692,2026-05-27,2026,SRH,RR,"Maharaja Yadavindra Singh Stadium, New Chandigarh",1,-0.0042455536431439955,0.19999999999999996,0.0,-0.0042455536431439955,0.6086956521739131,-0.040740740740740744,0.04290271132376394,0.55,0.45,-0.04999999999999999,170.0,0.5,0.5,1.0,0.335,0.30000000000000004,-1,0.0,5.200000000000003,4.8999999999999915,2.3000000000000043,-1.6000000000000014,-0.5,-0.09999999999999987,0.34999999999999964,32.4,53.0,18.0,5.0,0.34850000000000003,0.6199999999999999,2.0,1.0,1.0,-2.0,1.0,-1.0,3.0
202694,2026-05-31,2026,RCB,SRH,"Narendra Modi Stadium, Ahmedabad",1,0.012531328320802004,0.20000000000000007,1.0,0.42857142857142855,0.4444444444444444,0.04347826086956519,-0.016944959802102644,0.641,0.359,0.14100000000000001,192.0,1.0,0.5,1.2,0.259,-0.10000000000000009,2,0.5,-4.100000000000001,-8.599999999999994,-10.400000000000006,3.700000000000003,0.2999999999999998,0.19999999999999996,-1.049999999999999,35.3,65.0,22.0,0.0,0.5491666666666668,0.7649999999999999,0.0,2.0,-2.0,1.0,-1.0,0.0,-3.0
